feature,importance,model
text__000,10.363461232049675,Logistic Regression
text__salary,7.075305658951724,Logistic Regression
text__range,5.457441044600625,Logistic Regression
text__salary range,4.0179840484764915,Logistic Regression
text__usd,3.3938269059546546,Logistic Regression
text__compensation,3.3580558272107734,Logistic Regression
text__for this,3.198973424030005,Logistic Regression
text__00,3.0485557661184393,Logistic Regression
text__base,2.7598348641620514,Logistic Regression
text__range for,2.7025698950845416,Logistic Regression
text__base salary,2.6887611208598297,Logistic Regression
text__pay range,2.5734854371788596,Logistic Regression
text__trainer,2.188837893659237,Logistic Regression
text__hour,2.0416953839213132,Logistic Regression
text__000 usd,1.9826271629591223,Logistic Regression
text__ai safety,1.9485120753871363,Logistic Regression
text__compensation range,1.9085668690399502,Logistic Regression
text__factors,1.8471521760007212,Logistic Regression
text__pay,1.804484383079584,Logistic Regression
text__vision,1.7425804978538966,Logistic Regression
text__000 00,1.7188006256850887,Logistic Regression
text__global,1.7036145302821617,Logistic Regression
text__100,1.6787602712701397,Logistic Regression
text__line,1.6184738341306253,Logistic Regression
text__annually,1.542748375804497,Logistic Regression
text__200,1.4844262457574482,Logistic Regression
text__500,1.470578538620636,Logistic Regression
text__based on,1.4462721355374102,Logistic Regression
text__monthly,1.4409887315208416,Logistic Regression
text__bilingual,1.4212917368425209,Logistic Regression
text__over,1.420417049147337,Logistic Regression
text__emea,1.4143062593635927,Logistic Regression
text__month,1.4102771678061867,Logistic Regression
text__from the,1.4085331140198702,Logistic Regression
text__virtual,1.4004217297679487,Logistic Regression
text__per,1.3969010768066075,Logistic Regression
text__remote,1.3960324650068494,Logistic Regression
text__actual,1.3860624766764529,Logistic Regression
text__experience and,1.3829223666752957,Logistic Regression
text__80,1.3810898277150065,Logistic Regression
text__the world,1.36598103657093,Logistic Regression
text__education experience,1.365721180207495,Logistic Regression
text__geographic,1.3375896369490947,Logistic Regression
text__medical dental,1.3351792174984929,Logistic Regression
text__incentives,1.332737250330253,Logistic Regression
text__system,1.331486244407916,Logistic Regression
text__call,1.3294922896972026,Logistic Regression
text__year,1.3290002756719135,Logistic Regression
text__proven experience,1.3239962295634085,Logistic Regression
text__earn,1.323411563946803,Logistic Regression
text__benefits,1.3048020769050293,Logistic Regression
text__location,1.2949980695396446,Logistic Regression
text__bright,1.2853098787279387,Logistic Regression
text__inside,1.284482928909092,Logistic Regression
text__amazon,1.2816852276982844,Logistic Regression
text__final,1.2677390715572743,Logistic Regression
text__equity,1.264456345462877,Logistic Regression
text__bonus,1.2586396417720738,Logistic Regression
text__determined,1.2505267747918922,Logistic Regression
text__vision technologies,1.239190027015999,Logistic Regression
text__401k,1.2183010969941401,Logistic Regression
text__referral,1.2126214531337327,Logistic Regression
text__bright vision,1.2116976117527345,Logistic Regression
text__markets,1.2041146193311176,Logistic Regression
text__depending,1.192668634779133,Logistic Regression
text__why,1.1886081141043436,Logistic Regression
text__assistant,1.175458831817121,Logistic Regression
text__world,1.1740445858758597,Logistic Regression
text__onboarding,1.1738092452689315,Logistic Regression
text__depending on,1.1660461981742098,Logistic Regression
text__specialist senior,1.1648974502481646,Logistic Regression
text__international,1.16218356866378,Logistic Regression
text__transformation,1.1613157596853214,Logistic Regression
text__updates,1.159556064780545,Logistic Regression
text__specialists,1.1587696325425856,Logistic Regression
text__prompt,1.1584236264224865,Logistic Regression
text__this position,1.156619034022164,Logistic Regression
text__this opportunity,1.1525353233657993,Logistic Regression
text__product,1.1432986799349338,Logistic Regression
text__out to,1.1334994595002914,Logistic Regression
text__dental,1.1331248765482977,Logistic Regression
text__united states,1.1307266150413144,Logistic Regression
text__interpreter,1.117445692749478,Logistic Regression
text__estimate,1.1090943474881467,Logistic Regression
text__network,1.0994314931493303,Logistic Regression
text__only,1.0798815989199546,Logistic Regression
text__quarterly,1.078035328341661,Logistic Regression
text__knowledge skills,1.0710691308114169,Logistic Regression
text__cash,1.066471810835451,Logistic Regression
text__and help,1.0654836312708809,Logistic Regression
text__ranges,1.0625083527896795,Logistic Regression
text__once,1.0550373975353387,Logistic Regression
text__approaches,1.0512544352644966,Logistic Regression
text__job related,1.050626890478339,Logistic Regression
text__position,1.0506219509934922,Logistic Regression
text__provide,1.0468740232991058,Logistic Regression
text__skills experience,1.045962704018238,Logistic Regression
text__provides,1.0418275279955072,Logistic Regression
text__excellence,1.0402837849899147,Logistic Regression
text__of factors,1.0386608703025473,Logistic Regression
text__400,1.0377370337469551,Logistic Regression
text__geographic location,1.0344335147244899,Logistic Regression
text__environment,1.0327229162848006,Logistic Regression
text__from home,1.0301570257247887,Logistic Regression
text__and an,1.0299180687214315,Logistic Regression
text__technical,1.0288243019423238,Logistic Regression
text__strategist,1.0269598727416869,Logistic Regression
text__please,1.024724099279121,Logistic Regression
text__its,1.0169879139306524,Logistic Regression
text__during,1.016909614746417,Logistic Regression
text__but,1.0137238739637697,Logistic Regression
text__united,1.0128241170408685,Logistic Regression
text__via,1.0069641296497733,Logistic Regression
text__connect,1.0058086492709624,Logistic Regression
text__basis,1.002592051459837,Logistic Regression
text__significant,1.0013629271955933,Logistic Regression
text__technologies is,1.0012826679423525,Logistic Regression
text__software engineering,1.0010036782091027,Logistic Regression
text__according,0.9954350491157782,Logistic Regression
text__according to,0.9954350491157782,Logistic Regression
text__should be,0.9949395616426321,Logistic Regression
text__javascript,0.9920476206633561,Logistic Regression
text__process,0.9887939543186447,Logistic Regression
text__banking,0.9874151155479467,Logistic Regression
text__dental vision,0.9822769714162641,Logistic Regression
text__job,0.9784613276598205,Logistic Regression
text__para,0.9779205796173289,Logistic Regression
text__english,0.9767253037338163,Logistic Regression
text__fully remote,0.9757212349125709,Logistic Regression
text__manager senior,0.9702421915240714,Logistic Regression
text__goals,0.9701646418267661,Logistic Regression
text__around,0.9682757285093149,Logistic Regression
text__during the,0.9664462163710918,Logistic Regression
text__expert,0.9651311486182133,Logistic Regression
text__interpretation,0.9607353962366075,Logistic Regression
text__music,0.9581524546149064,Logistic Regression
text__bonuses,0.9575281915634505,Logistic Regression
text__sales director,0.9548108547961464,Logistic Regression
text__hear,0.9527886827639348,Logistic Regression
text__the base,0.9516827932609956,Logistic Regression
text__technical support,0.9506219041324027,Logistic Regression
text__and professional,0.9486140116858333,Logistic Regression
text__the united,0.9482080484995024,Logistic Regression
text__sales,0.9452924208417849,Logistic Regression
text__california,0.9380848239015175,Logistic Regression
text__ip,0.9369248422176375,Logistic Regression
text__per year,0.9353248799747481,Logistic Regression
text__800,0.9338168634108593,Logistic Regression
text__officer,0.9328109944040034,Logistic Regression
text__that is,0.9325595101008197,Logistic Regression
text__directly,0.9316471140405995,Logistic Regression
text__the salary,0.9301544946187574,Logistic Regression
text__account executive,0.926357211587236,Logistic Regression
text__create,0.9246889450826764,Logistic Regression
text__competitive salary,0.9230856877668482,Logistic Regression
text__marketplace,0.9222800920961122,Logistic Regression
text__and it,0.9172156886307335,Logistic Regression
text__bv,0.9146560650121961,Logistic Regression
text__freelance,0.9133710102316095,Logistic Regression
text__into,0.9085426002126232,Logistic Regression
text__arrangements,0.9084785760086861,Logistic Regression
text__should,0.9061598139089763,Logistic Regression
text__fast growing,0.9054286181982127,Logistic Regression
text__location remote,0.9052786643055432,Logistic Regression
text__challenges and,0.9050088061959216,Logistic Regression
text__language,0.8938600474918087,Logistic Regression
text__bv teck,0.8934523506144876,Logistic Regression
text__teck,0.8934523506144876,Logistic Regression
text__excellent,0.8922230756497006,Logistic Regression
text__may,0.8914082762212708,Logistic Regression
text__you ll,0.8898197468631688,Logistic Regression
text__20,0.8889351408160281,Logistic Regression
text__disease,0.8853897766791554,Logistic Regression
text__board,0.8827568843455103,Logistic Regression
text__and the,0.881851860110217,Logistic Regression
text__approach to,0.8816817607824764,Logistic Regression
text__globally,0.8813819710551033,Logistic Regression
text__before,0.8808601095260077,Logistic Regression
text__of our,0.8803886214286631,Logistic Regression
text__they,0.8802212906256752,Logistic Regression
text__advantage,0.8776197484980023,Logistic Regression
text__accessible,0.8757852255046373,Logistic Regression
text__very,0.8741260418594821,Logistic Regression
text__reimbursement,0.873916413472832,Logistic Regression
text__identity and,0.8736654154740378,Logistic Regression
text__hand,0.8725898437423242,Logistic Regression
text__underwriting,0.8694228600940878,Logistic Regression
text__starting,0.866876624738481,Logistic Regression
text__case,0.8649398042712316,Logistic Regression
text__voice,0.862965616363793,Logistic Regression
text__sales development,0.8619367911080276,Logistic Regression
text__401,0.859163166343361,Logistic Regression
text__your resume,0.8569329578206882,Logistic Regression
text__us at,0.8565723214265564,Logistic Regression
text__consistently,0.8564283536178667,Logistic Regression
text__qualification,0.8550906850472819,Logistic Regression
text__our clients,0.8531331280700735,Logistic Regression
text__1b,0.8522546959940115,Logistic Regression
text__rate,0.8501180016722351,Logistic Regression
text__sciences,0.8482057164655243,Logistic Regression
text__ground,0.8458949387116909,Logistic Regression
text__ability,0.844224221815725,Logistic Regression
text__life insurance,0.8428932486790585,Logistic Regression
text__others,0.8413311389769462,Logistic Regression
text__environment that,0.8394518697019677,Logistic Regression
text__managing,0.8375922542260724,Logistic Regression
text__your skills,0.8375563041986431,Logistic Regression
text__paid,0.8350283231989176,Logistic Regression
text__help,0.8342146940790832,Logistic Regression
text__employers,0.8320129527021649,Logistic Regression
text__permanent,0.8290038007340265,Logistic Regression
text__with our,0.8271166582584643,Logistic Regression
text__tax,0.8251876558121427,Logistic Regression
text__person,0.8246313639755646,Logistic Regression
text__life sciences,0.8244601298710694,Logistic Regression
text__you will,0.8221965360009765,Logistic Regression
text__products,0.8210424695679739,Logistic Regression
text__professional development,0.8183348059204405,Logistic Regression
text__identify,0.8182354460709867,Logistic Regression
text__previous,0.8179351952904572,Logistic Regression
text__da,0.8170010592758655,Logistic Regression
text__position is,0.814979559287644,Logistic Regression
text__for you,0.8144181641943739,Logistic Regression
text__what you,0.8128479520953583,Logistic Regression
text__trading,0.8125293228854468,Logistic Regression
text__sales executive,0.8120879780233217,Logistic Regression
text__things,0.81093326922745,Logistic Regression
text__posting,0.8102006356865066,Logistic Regression
text__compliance with,0.8100492478531603,Logistic Regression
text__shift,0.8100186492121004,Logistic Regression
text__and provide,0.8090455497475658,Logistic Regression
text__operating,0.8076852007723035,Logistic Regression
text__focused,0.8071968010278744,Logistic Regression
text__consistent,0.8066148411002102,Logistic Regression
text__peer,0.8063157847861206,Logistic Regression
text__connects,0.8055672687255816,Logistic Regression
text__time off,0.803969606830418,Logistic Regression
text__must,0.7999006915567742,Logistic Regression
text__recognized,0.7982947811456653,Logistic Regression
text__religion sex,0.7975319173437508,Logistic Regression
text__holders,0.796136812440677,Logistic Regression
text__art,0.7954930604189033,Logistic Regression
text__offer,0.7945041540085165,Logistic Regression
text__network of,0.7941101132092091,Logistic Regression
text__privacy notice,0.7935131081283434,Logistic Regression
text__annual,0.7903578666918808,Logistic Regression
text__delivery,0.7901270393035569,Logistic Regression
text__short,0.790108524364635,Logistic Regression
text__professional services,0.7900481076224407,Logistic Regression
text__of new,0.7892947895677147,Logistic Regression
text__positive,0.7891183066381284,Logistic Regression
text__will not,0.7884865621849034,Logistic Regression
text__set,0.7876532107104601,Logistic Regression
text__results,0.7858522366581243,Logistic Regression
text__advise,0.7825043063812039,Logistic Regression
text__integration,0.7820498340531992,Logistic Regression
text__understanding,0.7813947308023828,Logistic Regression
text__outputs,0.7812040528771961,Logistic Regression
text__generated,0.7796857828608977,Logistic Regression
text__standard,0.7795829602923311,Logistic Regression
text__whether,0.779384734967825,Logistic Regression
text__vary based,0.7784918404295613,Logistic Regression
text__on experience,0.7782789662281904,Logistic Regression
text__availability,0.7774752666419554,Logistic Regression
text__responsive,0.7765495997721239,Logistic Regression
text__and ai,0.7763062168973336,Logistic Regression
text__states,0.7749022593549684,Logistic Regression
text__tiktok,0.7733808648552422,Logistic Regression
text__serve as,0.7732364163595334,Logistic Regression
text__of any,0.77205467922225,Logistic Regression
text__explore,0.7706645311047052,Logistic Regression
text__special,0.7703230213340234,Logistic Regression
text__licensing,0.768958597320784,Logistic Regression
text__70,0.7662148088627605,Logistic Regression
text__group,0.7642839880150628,Logistic Regression
text__leads,0.7640910877595012,Logistic Regression
text__it,0.7640515955840875,Logistic Regression
text__coding,0.7640378131352322,Logistic Regression
text__as assigned,0.7639071921369073,Logistic Regression
text__products and,0.7634580711669148,Logistic Regression
text__led,0.7631527082051132,Logistic Regression
text__hear from,0.7625068758033342,Logistic Regression
text__to create,0.7624533018198804,Logistic Regression
text__fluent,0.760128850367755,Logistic Regression
text__remote work,0.7599009543510936,Logistic Regression
text__strongly,0.75958822533819,Logistic Regression
text__months,0.7594431353564499,Logistic Regression
numeric__description_word_count,0.7591261266997844,Logistic Regression
text__challenges,0.7587728629257359,Logistic Regression
text__that,0.7573022258462101,Logistic Regression
text__more than,0.7525696333371061,Logistic Regression
text__opportunity eeo,0.7522961372185893,Logistic Regression
text__ability to,0.7509545127338696,Logistic Regression
text__employment opportunities,0.7507327362391198,Logistic Regression
text__team that,0.7486845921809967,Logistic Regression
text__entry level,0.7479682607684321,Logistic Regression
text__direct,0.7467230610005211,Logistic Regression
text__de,0.7465464947314977,Logistic Regression
text__net,0.7465201985376562,Logistic Regression
text__modernization,0.7454154269974647,Logistic Regression
text__who are,0.7446238298297383,Logistic Regression
text__enterprise,0.7442711338201429,Logistic Regression
text__ll be,0.743905563488469,Logistic Regression
text__guide,0.743691917054999,Logistic Regression
text__our,0.7432019100585163,Logistic Regression
text__scheduling,0.7418918881983328,Logistic Regression
text__people to,0.74139702163893,Logistic Regression
text__uk,0.7413482707901373,Logistic Regression
text__driven by,0.7412706989734584,Logistic Regression
text__out of,0.7390629064271639,Logistic Regression
text__insurance,0.7390224680964989,Logistic Regression
text__fostering,0.7351029601706708,Logistic Regression
text__families,0.734424490126824,Logistic Regression
text__celebrate,0.7343824081141171,Logistic Regression
text__scraping,0.7328427605010746,Logistic Regression
text__interested,0.7318436830560169,Logistic Regression
text__how,0.7318311598400853,Logistic Regression
text__prospective,0.7293623365018885,Logistic Regression
text__joining,0.728730055705866,Logistic Regression
text__train,0.7277502181583109,Logistic Regression
text__factors including,0.7267328485631912,Logistic Regression
text__financial services,0.7264940012426834,Logistic Regression
text__with experience,0.725758700077657,Logistic Regression
text__with the,0.7252638447982519,Logistic Regression
text__compliance and,0.7233390817565584,Logistic Regression
text__soluções,0.7223660902499494,Logistic Regression
text__current,0.721681884033337,Logistic Regression
text__project,0.7212296912805537,Logistic Regression
text__all aspects,0.7207331104461071,Logistic Regression
text__immediate,0.7195295960141053,Logistic Regression
text__game,0.7144569717258604,Logistic Regression
text__this,0.713590605453437,Logistic Regression
text__valued,0.7132375879862801,Logistic Regression
text__working in,0.7129698594059033,Logistic Regression
text__plan and,0.7127852696572154,Logistic Regression
text__is leading,0.711809310591655,Logistic Regression
text__to hear,0.7114541715907703,Logistic Regression
text__role requires,0.7086454880145174,Logistic Regression
text__fit for,0.7085686876047371,Logistic Regression
text__opportunity to,0.7075798948372863,Logistic Regression
text__hourly,0.707175262529533,Logistic Regression
text__start,0.7053053027818587,Logistic Regression
text__intelligence,0.705070464388472,Logistic Regression
text__satisfaction,0.704638764184157,Logistic Regression
text__160,0.7039775774073925,Logistic Regression
text__individuals,0.7032155763518437,Logistic Regression
text__vision and,0.7028109263302854,Logistic Regression
text__labor,0.7027622506511811,Logistic Regression
text__managers and,0.7026655223832735,Logistic Regression
text__improvement,0.702270039430307,Logistic Regression
text__equitable,0.7014288171720465,Logistic Regression
text__minimum,0.7012087355979904,Logistic Regression
text__mitigation,0.7010300772388418,Logistic Regression
text__function,0.7007865956063964,Logistic Regression
text__ideas,0.7002658514292041,Logistic Regression
text__reach,0.698195830549648,Logistic Regression
text__dynamics,0.6977835357117891,Logistic Regression
text__who is,0.6976305847368689,Logistic Regression
text__utilization,0.6974991292941534,Logistic Regression
text__approval,0.6967179664549051,Logistic Regression
text__third party,0.696521468879494,Logistic Regression
text__job summary,0.6952322194475336,Logistic Regression
text__work location,0.6948624351757916,Logistic Regression
text__associate,0.6942840416596524,Logistic Regression
text__send,0.6942237551999031,Logistic Regression
text__professionals,0.6941942483558585,Logistic Regression
text__identify opportunities,0.6933812764319653,Logistic Regression
text__and ensure,0.6928396492027626,Logistic Regression
text__research,0.6920038346504893,Logistic Regression
text__than,0.6909579334100201,Logistic Regression
text__reach out,0.6902558117497447,Logistic Regression
text__se,0.6879323713963903,Logistic Regression
text__notes,0.6862597734740177,Logistic Regression
text__processes,0.6862335798467802,Logistic Regression
text__the hiring,0.6862118877960315,Logistic Regression
text__additional,0.6857309102915491,Logistic Regression
text__employee,0.684727874534302,Logistic Regression
text__the team,0.6835035709706976,Logistic Regression
text__open,0.680500248393112,Logistic Regression
text__potential,0.6804905057786784,Logistic Regression
text__time,0.6804809403505848,Logistic Regression
text__considerations,0.6799615276660238,Logistic Regression
text__are you,0.6787263031591986,Logistic Regression
text__title,0.6778308249843249,Logistic Regression
text__with strong,0.6774144634323651,Logistic Regression
text__experience,0.6773285466172738,Logistic Regression
text__volume,0.6766607204698374,Logistic Regression
text__and paid,0.6763160098821196,Logistic Regression
text__future,0.6756820587072634,Logistic Regression
text__not required,0.6754245100831575,Logistic Regression
text__we provide,0.6751972549508634,Logistic Regression
text__clearance,0.6744467939390613,Logistic Regression
text__performing,0.6740252936020412,Logistic Regression
text__experts,0.6739885847974549,Logistic Regression
text__leave,0.6734956909001438,Logistic Regression
text__next,0.6725895932233535,Logistic Regression
text__analyst,0.6724289423270244,Logistic Regression
text__director,0.6716422066738343,Logistic Regression
text__erfahrung,0.6714155535373956,Logistic Regression
text__within the,0.6688723544885079,Logistic Regression
text__exercise,0.6682395243515326,Logistic Regression
text__urgency,0.6669175061554555,Logistic Regression
text__respond,0.6667495570373474,Logistic Regression
text__spanish,0.6664195974986474,Logistic Regression
text__scripts,0.6651848489284913,Logistic Regression
text__make,0.6651085536506176,Logistic Regression
text__party,0.6648824757169338,Logistic Regression
text__organizations,0.6640628795410687,Logistic Regression
text__au,0.6635901327067361,Logistic Regression
text__we love,0.6623634037009141,Logistic Regression
text__development manager,0.659912663520097,Logistic Regression
text__third,0.6596073282622209,Logistic Regression
text__architecture,0.6583134011524053,Logistic Regression
text__optimize,0.6578038700318872,Logistic Regression
text__remote role,0.6574236205693595,Logistic Regression
text__director of,0.6570997407178933,Logistic Regression
text__sowie,0.6561382350736524,Logistic Regression
text__fair,0.6554941587172328,Logistic Regression
text__erp,0.6550505231684235,Logistic Regression
text__those who,0.6550443131574734,Logistic Regression
text__and experiences,0.655003982536564,Logistic Regression
text__to have,0.6537402194189471,Logistic Regression
text__implement,0.6532289365584959,Logistic Regression
text__ideally,0.6516285825350961,Logistic Regression
text__leading,0.6512754938918582,Logistic Regression
text__base pay,0.6512223193080172,Logistic Regression
text__and are,0.650269291191279,Logistic Regression
text__campaign,0.6492961235150541,Logistic Regression
text__and experience,0.6490695609182504,Logistic Regression
text__equity and,0.6453170692709801,Logistic Regression
text__hiring process,0.6444528585475381,Logistic Regression
text__ai native,0.6438852259885293,Logistic Regression
text__relationship building,0.643251566818358,Logistic Regression
text__organization,0.6424829681750127,Logistic Regression
text__continuous learning,0.6424606361805609,Logistic Regression
text__is to,0.6419668489985311,Logistic Regression
text__subject to,0.6414210433039125,Logistic Regression
text__this is,0.6396165207933878,Logistic Regression
text__perform,0.6387537520652493,Logistic Regression
text__summary,0.6386840909808785,Logistic Regression
text__large scale,0.638576160903326,Logistic Regression
text__work effectively,0.6385529125784019,Logistic Regression
text__passion for,0.6383496786407031,Logistic Regression
text__better,0.6375837720635774,Logistic Regression
text__production,0.6367985814799969,Logistic Regression
text__rn,0.6357886744380457,Logistic Regression
text__maintain,0.6355782652162608,Logistic Regression
text__license,0.6355283607447404,Logistic Regression
text__challenge,0.6353987863932307,Logistic Regression
text__reviewing,0.634998908344887,Logistic Regression
text__manager,0.6348589009982768,Logistic Regression
numeric__description_length,0.6346508103617696,Logistic Regression
text__judgment,0.6346474983785731,Logistic Regression
text__changes,0.6340863985290364,Logistic Regression
text__messages,0.633410812449761,Logistic Regression
text__the sales,0.6328506195747075,Logistic Regression
text__disability veteran,0.632606732996443,Logistic Regression
text__high level,0.6306594992760844,Logistic Regression
text__suite,0.6304954781847957,Logistic Regression
text__senior full,0.6303961422388661,Logistic Regression
text__sound,0.6300370981239639,Logistic Regression
text__the end,0.6293683014851956,Logistic Regression
text__expect,0.629074276604529,Logistic Regression
text__address,0.6289845530819173,Logistic Regression
text__economics,0.628839296586508,Logistic Regression
text__of product,0.6287698304889392,Logistic Regression
text__development and,0.6286157120311264,Logistic Regression
text__provided,0.6276417741295751,Logistic Regression
text__100 remote,0.6272737508168825,Logistic Regression
text__engineering data,0.6267078507302904,Logistic Regression
text__ll,0.6264011939551007,Logistic Regression
text__independent,0.6249620537852751,Logistic Regression
text__those,0.6248192181116144,Logistic Regression
text__identification,0.624759711819303,Logistic Regression
text__influence,0.6247010251514304,Logistic Regression
text__must be,0.6246260111334616,Logistic Regression
text__as,0.624614139403272,Logistic Regression
text__personal,0.6243308163912853,Logistic Regression
text__delivering,0.6242863825505325,Logistic Regression
text__teams,0.6237254798396534,Logistic Regression
text__usage,0.6223571818972597,Logistic Regression
text__drug,0.621557399456332,Logistic Regression
text__employment opportunity,0.6214983993235698,Logistic Regression
text__audio,0.621265414392546,Logistic Regression
text__systems,0.6208104300303902,Logistic Regression
text__uns,0.6203774497965345,Logistic Regression
text__ideal for,0.6202997119839924,Logistic Regression
text__experienced,0.61990656776755,Logistic Regression
text__years of,0.6198288093601215,Logistic Regression
text__we have,0.6194644302576673,Logistic Regression
text__healthy,0.6183383017749284,Logistic Regression
text__communication skills,0.6182619949770964,Logistic Regression
text__one,0.6177178814622685,Logistic Regression
text__manager to,0.6173719771217873,Logistic Regression
text__functions,0.6170234481270432,Logistic Regression
text__never,0.6169308990386103,Logistic Regression
text__future of,0.6164071874662095,Logistic Regression
text__thinking,0.6148393381961376,Logistic Regression
text__experience required,0.6142684356568159,Logistic Regression
text__forms,0.6136724898690454,Logistic Regression
text__teaching,0.613158517445273,Logistic Regression
text__weekly,0.6122388670827601,Logistic Regression
text__jira,0.6121715135926364,Logistic Regression
text__disabilities,0.6120286780228557,Logistic Regression
text__anywhere,0.6119657811730255,Logistic Regression
text__outbound,0.6119499226044275,Logistic Regression
text__become,0.6111707976910564,Logistic Regression
text__when you,0.6098175898058857,Logistic Regression
text__abilities,0.6093432181135309,Logistic Regression
text__work and,0.608207133221791,Logistic Regression
text__for people,0.6075986639271399,Logistic Regression
text__required experience,0.6074209566041472,Logistic Regression
text__in your,0.6070220092973836,Logistic Regression
text__state,0.6062725101156798,Logistic Regression
text__organisation,0.6062064788806019,Logistic Regression
text__strengthen,0.6059712311383655,Logistic Regression
text__mins,0.6056604418510911,Logistic Regression
text__hospital,0.6039190562584151,Logistic Regression
text__your,0.603803849847278,Logistic Regression
text__guidance,0.6027227412185389,Logistic Regression
text__well as,0.6019184209087194,Logistic Regression
text__users,0.6016673177495986,Logistic Regression
text__working,0.601636277509145,Logistic Regression
text__within,0.6014845524191043,Logistic Regression
text__rules,0.6012029886112573,Logistic Regression
text__period,0.6008422554972196,Logistic Regression
text__presence,0.6008114034306613,Logistic Regression
text__independently,0.6005923778111377,Logistic Regression
text__actually,0.600259610979139,Logistic Regression
text__interaction,0.5973757124990865,Logistic Regression
text__engineer developer,0.5970728926223695,Logistic Regression
text__responsibilities,0.5969187929872506,Logistic Regression
text__genuine,0.5966786118600408,Logistic Regression
text__diverse,0.5965722938626294,Logistic Regression
text__proven,0.5961032836175981,Logistic Regression
text__will be,0.5952818896214042,Logistic Regression
text__inquiries,0.5948846968441145,Logistic Regression
text__app,0.5943689650802565,Logistic Regression
text__providing,0.594101462447756,Logistic Regression
text__like to,0.5940654765118611,Logistic Regression
text__solutions across,0.59358813632475,Logistic Regression
text__europe,0.5935399111137643,Logistic Regression
text__and performance,0.5927293425791544,Logistic Regression
text__deal,0.5926714134470044,Logistic Regression
text__campaigns,0.5924819686261975,Logistic Regression
text__preferred,0.5921932216160892,Logistic Regression
text__assets,0.5920344175493771,Logistic Regression
text__lifelancer,0.5918135231481101,Logistic Regression
text__high performance,0.5915116438910246,Logistic Regression
text__further,0.5913657122083982,Logistic Regression
text__observability,0.5911707231500738,Logistic Regression
text__project management,0.5910302262557724,Logistic Regression
text__prioritize,0.5907084730602101,Logistic Regression
text__countries,0.590495399142513,Logistic Regression
text__launch,0.5904339073149297,Logistic Regression
text__least,0.5893524608668209,Logistic Regression
text__the best,0.5891231166414783,Logistic Regression
text__marketing manager,0.5890857889217035,Logistic Regression
text__of an,0.5886019958490216,Logistic Regression
text__for candidates,0.5884111091998672,Logistic Regression
text__continuous,0.5883042994584603,Logistic Regression
text__salesforce,0.5878872304512308,Logistic Regression
text__are not,0.5836585532160085,Logistic Regression
text__experience building,0.5816710983970834,Logistic Regression
text__turn,0.5816269657197339,Logistic Regression
text__country,0.5813353245763538,Logistic Regression
text__dependent,0.581311026381451,Logistic Regression
text__scheduled,0.5811069852789698,Logistic Regression
text__bar,0.5810339270307732,Logistic Regression
text__operations manager,0.5805488023028063,Logistic Regression
text__quickly,0.5800129412702384,Logistic Regression
text__recognition,0.5798686934651766,Logistic Regression
text__pharma,0.5794028960332032,Logistic Regression
text__order,0.5792151859577717,Logistic Regression
text__300,0.5789395183837248,Logistic Regression
text__protect,0.5780985224051216,Logistic Regression
text__relationships,0.5778969032589549,Logistic Regression
text__video,0.5772080265139726,Logistic Regression
text__to our,0.5767689545520324,Logistic Regression
text__in english,0.5765019538762429,Logistic Regression
text__analysis,0.5754172292147359,Logistic Regression
text__all of,0.5753077587513843,Logistic Regression
text__and drive,0.5752113809957289,Logistic Regression
text__monitor,0.5751137558783879,Logistic Regression
text__two,0.5750809495402218,Logistic Regression
text__about our,0.5744989499241694,Logistic Regression
text__senior ai,0.5743848255825302,Logistic Regression
text__365,0.5742141864801342,Logistic Regression
text__strive,0.5738712978756212,Logistic Regression
text__and how,0.5734448489962354,Logistic Regression
text__be an,0.5733954236271854,Logistic Regression
text__from you,0.5725089319817148,Logistic Regression
text__cases,0.5723234365644053,Logistic Regression
text__python,0.5717552788261463,Logistic Regression
text__the development,0.5715152259888716,Logistic Regression
text__analysis and,0.5714194641907888,Logistic Regression
text__verification,0.570455845542488,Logistic Regression
text__the power,0.5694414396020587,Logistic Regression
text__certified,0.5689716499193743,Logistic Regression
text__may vary,0.5689073377911124,Logistic Regression
text__scaling,0.5675358041305429,Logistic Regression
text__direction,0.5672986988566125,Logistic Regression
text__variety of,0.5672341002921761,Logistic Regression
text__relationships and,0.5668456172837004,Logistic Regression
text__health,0.5667203607618128,Logistic Regression
text__we re,0.5666456019650215,Logistic Regression
text__will have,0.5654090278125596,Logistic Regression
text__development of,0.5653096144991968,Logistic Regression
text__innovation,0.5652748031754309,Logistic Regression
text__reflect,0.5652130757632934,Logistic Regression
text__retail,0.5645642791731144,Logistic Regression
text__multi,0.5645057593389745,Logistic Regression
text__post,0.5643637666644208,Logistic Regression
text__front end,0.5643416966963544,Logistic Regression
text__experience experience,0.5642404558968336,Logistic Regression
text__fluency in,0.563959638811535,Logistic Regression
text__bachelor degree,0.5637809618414628,Logistic Regression
text__ad,0.5637748930127704,Logistic Regression
text__pto,0.5637212592895914,Logistic Regression
text__accelerate,0.5634073141864637,Logistic Regression
text__desk,0.563359967192982,Logistic Regression
text__supervisor,0.5628099576251487,Logistic Regression
text__level and,0.5621402779582422,Logistic Regression
text__profile,0.5618533213528412,Logistic Regression
text__you do,0.561845927630177,Logistic Regression
text__qualifications bachelor,0.5611740738933333,Logistic Regression
text__matter,0.5611620847165874,Logistic Regression
text__for our,0.5603333824596,Logistic Regression
text__as an,0.5598245292922549,Logistic Regression
text__outstanding,0.5596353730623725,Logistic Regression
text__regional,0.5594237548791372,Logistic Regression
text__lead,0.559420669605968,Logistic Regression
text__in person,0.5584382523290551,Logistic Regression
text__serve,0.5580719912126707,Logistic Regression
text__plus,0.5575239272290426,Logistic Regression
text__requiring,0.5560469945725864,Logistic Regression
text__strongly preferred,0.555868135368691,Logistic Regression
text__variety,0.5556748509288548,Logistic Regression
text__regions,0.5543394453405964,Logistic Regression
text__tier,0.5540793284815807,Logistic Regression
text__our people,0.5540008965828322,Logistic Regression
text__problem,0.5539496315757169,Logistic Regression
text__major,0.5535791552799532,Logistic Regression
text__retention,0.5534443009381587,Logistic Regression
text__and have,0.553416488989428,Logistic Regression
text__genetic,0.5520291993629972,Logistic Regression
text__the recruitment,0.5515234224021299,Logistic Regression
text__requirements,0.5514979673583771,Logistic Regression
text__to keep,0.5514791692068254,Logistic Regression
text__frameworks,0.5512668137593479,Logistic Regression
text__have the,0.5510832055068863,Logistic Regression
text__after,0.5510622645694501,Logistic Regression
text__linux,0.5510119288517946,Logistic Regression
text__effectiveness,0.5507506554162824,Logistic Regression
text__doing,0.5496382089750241,Logistic Regression
text__workforce,0.5492766376363885,Logistic Regression
text__construction,0.5489090563803637,Logistic Regression
text__pre,0.5486095247157061,Logistic Regression
text__and automation,0.5475824105092251,Logistic Regression
text__region,0.5472581987795935,Logistic Regression
text__call center,0.5471175469773643,Logistic Regression
text__files,0.5470620484351406,Logistic Regression
text__written communication,0.5466051887216876,Logistic Regression
text__quality,0.5465604626918997,Logistic Regression
text__terms,0.5463428376503084,Logistic Regression
text__workflows and,0.5462234034752251,Logistic Regression
text__leader,0.5455029601906854,Logistic Regression
text__takes,0.5451003490283782,Logistic Regression
text__helps,0.5450932323135587,Logistic Regression
text__improvements,0.5439191518914501,Logistic Regression
text__client,0.5438132624202333,Logistic Regression
text__individual,0.5437834810854814,Logistic Regression
text__efficiently,0.5436664200775521,Logistic Regression
text__and benefits,0.5436396850964342,Logistic Regression
text__required to,0.5433443125295279,Logistic Regression
text__google,0.5432580658740244,Logistic Regression
text__accommodation,0.5427003389718414,Logistic Regression
text__auch,0.54234788574372,Logistic Regression
text__exchange,0.5419259563922693,Logistic Regression
text__stay,0.5415873820359632,Logistic Regression
text__across all,0.540901207190951,Logistic Regression
text__b2b sales,0.5408040023007302,Logistic Regression
text__goals and,0.5407518155699372,Logistic Regression
text__sap,0.5405041813082907,Logistic Regression
text__currently,0.5404538192680309,Logistic Regression
text__the pay,0.5403292898246379,Logistic Regression
text__the compensation,0.5396689873638233,Logistic Regression
text__interview,0.5391205791015053,Logistic Regression
text__physical,0.5385188471291295,Logistic Regression
text__cover,0.537256226959306,Logistic Regression
text__executing,0.5370646780865415,Logistic Regression
text__see,0.5369318253761136,Logistic Regression
text__overall,0.5368855246510936,Logistic Regression
text__feedback to,0.5367443211458923,Logistic Regression
text__american,0.5357634083561942,Logistic Regression
text__conduct,0.535628350207349,Logistic Regression
text__the next,0.5353522921966306,Logistic Regression
text__and customer,0.5347341957548107,Logistic Regression
text__connection,0.5344418417852367,Logistic Regression
text__want to,0.5339682109964317,Logistic Regression
text__sense of,0.5336676368486853,Logistic Regression
text__test,0.5331111290569194,Logistic Regression
text__we do,0.5330306741227093,Logistic Regression
text__windows,0.5329155641873231,Logistic Regression
text__30,0.5326761939925198,Logistic Regression
text__specialist,0.5326687041648948,Logistic Regression
text__have,0.5325382220026567,Logistic Regression
text__align with,0.5325343324027212,Logistic Regression
text__book,0.5318585432688716,Logistic Regression
text__drive,0.5313306667644482,Logistic Regression
text__shaping,0.5312760272738904,Logistic Regression
text__experience working,0.5311904888566904,Logistic Regression
text__and modern,0.5308072220250888,Logistic Regression
text__regulatory,0.5307946435744151,Logistic Regression
text__logistics,0.5301041581888288,Logistic Regression
text__brand,0.5299785959571588,Logistic Regression
text__setup,0.5299665720548021,Logistic Regression
text__ll have,0.5295476397638882,Logistic Regression
text__pharmaceutical,0.5294586531815084,Logistic Regression
text__and quality,0.5281966598202127,Logistic Regression
text__in an,0.5279840696427054,Logistic Regression
text__shape,0.5276655645050815,Logistic Regression
text__work environment,0.5276383961348073,Logistic Regression
text__experience in,0.527439973496972,Logistic Regression
text__for all,0.5273768589380111,Logistic Regression
text__services and,0.5273345093582245,Logistic Regression
text__key responsibilities,0.5272957404779135,Logistic Regression
text__about the,0.526932733680277,Logistic Regression
text__college,0.5264580533542131,Logistic Regression
text__sales business,0.526378939445591,Logistic Regression
text__pm,0.5262751049006028,Logistic Regression
text__methodology,0.5262602623108429,Logistic Regression
text__insight,0.5259259829792763,Logistic Regression
text__grant,0.5252754625158055,Logistic Regression
text__property,0.5251362067952361,Logistic Regression
text__industries,0.524735243086214,Logistic Regression
text__card,0.5243343595240928,Logistic Regression
text__define,0.5237757874341713,Logistic Regression
text__15,0.5236765679225782,Logistic Regression
text__this job,0.5235479396101802,Logistic Regression
text__various,0.523218397091076,Logistic Regression
text__ou,0.5229572873266183,Logistic Regression
text__and service,0.5227830865584304,Logistic Regression
text__clinical operations,0.5225578810213835,Logistic Regression
text__resume,0.5224486431037008,Logistic Regression
text__cloud native,0.5223640661405927,Logistic Regression
text__infrastructure as,0.5221984443327481,Logistic Regression
text__consideration for,0.5221684578212223,Logistic Regression
text__red,0.5218521809905524,Logistic Regression
text__brings,0.5217621842170664,Logistic Regression
text__top,0.5208982906118862,Logistic Regression
text__support,0.5205802491872676,Logistic Regression
text__for more,0.5205346425234958,Logistic Regression
text__fraud,0.5203599448045321,Logistic Regression
text__structures,0.5199760743392787,Logistic Regression
text__qa,0.5197791309587362,Logistic Regression
text__selection,0.5197755845050136,Logistic Regression
text__designing and,0.5195247405691893,Logistic Regression
text__are seeking,0.5193886257704565,Logistic Regression
text__je,0.5175104069481372,Logistic Regression
text__includes,0.5169697728770455,Logistic Regression
text__schedule,0.5167509230353126,Logistic Regression
text__is ideal,0.5167460621214633,Logistic Regression
text__server,0.5165394740849064,Logistic Regression
text__and creative,0.516381731693568,Logistic Regression
text__degree,0.5155704583641612,Logistic Regression
text__reusable,0.5154670290326574,Logistic Regression
text__candidate,0.5153637365745756,Logistic Regression
text__specifically,0.5150237593093672,Logistic Regression
text__actively,0.5149931647256677,Logistic Regression
text__objectives,0.5149647959206604,Logistic Regression
text__quickbooks,0.5149537389103717,Logistic Regression
text__sites,0.5141605575062255,Logistic Regression
text__based,0.5136604793213767,Logistic Regression
text__performs,0.5128341774938403,Logistic Regression
text__relationships with,0.5124058142796833,Logistic Regression
text__terraform,0.5112969326160043,Logistic Regression
text__iam,0.5112441921618143,Logistic Regression
text__steps,0.5111855833310941,Logistic Regression
text__food,0.5100504782264705,Logistic Regression
text__open source,0.5099674104303904,Logistic Regression
text__services,0.5095912706376846,Logistic Regression
text__barriers,0.5091575657664519,Logistic Regression
text__subject,0.5089580084140987,Logistic Regression
text__como,0.508642089102955,Logistic Regression
text__12,0.5079136007414589,Logistic Regression
text__sales sales,0.5069702338855194,Logistic Regression
text__collection,0.5068672973450029,Logistic Regression
text__validation,0.5063625651862212,Logistic Regression
text__boundaries,0.5063473259409321,Logistic Regression
text__expansion,0.5050422473936398,Logistic Regression
text__to understand,0.5048253219973963,Logistic Regression
text__participate in,0.504481619912263,Logistic Regression
text__application process,0.5044101685483277,Logistic Regression
text__competitive compensation,0.5041074158028221,Logistic Regression
text__termination,0.5034251435589233,Logistic Regression
text__platform,0.5031960175812674,Logistic Regression
text__quality assurance,0.5028042855787145,Logistic Regression
text__throughout,0.5014570006191997,Logistic Regression
text__sick,0.5004228752102442,Logistic Regression
text__knowledge of,0.500292832808721,Logistic Regression
text__work from,0.49973513006116477,Logistic Regression
text__general,0.4995037397539741,Logistic Regression
text__market,0.49924269138469496,Logistic Regression
text__decision,0.4988726015182635,Logistic Regression
text__improve the,0.4984564224585101,Logistic Regression
text__location and,0.49803423525767504,Logistic Regression
text__of life,0.4979198617408846,Logistic Regression
text__impactful,0.49776678536837216,Logistic Regression
text__vary,0.49765769262973925,Logistic Regression
text__workload,0.49728825135996574,Logistic Regression
text__encouraged to,0.4971827286442014,Logistic Regression
text__coordinate,0.4970188783975695,Logistic Regression
text__align,0.4968657607307296,Logistic Regression
text__custom,0.49685009564131344,Logistic Regression
text__these,0.4968260791852282,Logistic Regression
text__more years,0.49678556281346414,Logistic Regression
text__employment,0.4960100630570754,Logistic Regression
text__partnerships,0.49550504506515225,Logistic Regression
text__tests,0.49494150751204347,Logistic Regression
text__success,0.494723238848282,Logistic Regression
text__to and,0.49445189620297275,Logistic Regression
text__designing,0.49324106089628056,Logistic Regression
text__clinical trial,0.4931129316625634,Logistic Regression
text__our business,0.4921891646710633,Logistic Regression
text__annotation,0.4918794780589045,Logistic Regression
text__that you,0.49176898447888895,Logistic Regression
text__to design,0.4914194066899543,Logistic Regression
text__part of,0.4912964154261798,Logistic Regression
text__at least,0.4909597845578501,Logistic Regression
text__specific,0.4905339530890879,Logistic Regression
text__south,0.4904280145114632,Logistic Regression
text__practices and,0.49035661410572107,Logistic Regression
text__service representative,0.49003107966319065,Logistic Regression
text__continuous improvement,0.48996716639755283,Logistic Regression
text__our values,0.4898562121584982,Logistic Regression
text__reside,0.48968865001185924,Logistic Regression
text__stock,0.4896100559244662,Logistic Regression
text__be part,0.4893250048681508,Logistic Regression
text__collaborate,0.4889068898286162,Logistic Regression
text__done,0.48885010974223236,Logistic Regression
text__improving,0.48855945741547085,Logistic Regression
text__space,0.48801063742080236,Logistic Regression
text__report,0.4879655067746826,Logistic Regression
text__zones,0.4872586140020536,Logistic Regression
text__possess,0.4868950910272055,Logistic Regression
text__comprehensive benefits,0.4867529427148627,Logistic Regression
text__completion of,0.48659278628398067,Logistic Regression
text__across multiple,0.486326233024796,Logistic Regression
text__with disability,0.48621065597123714,Logistic Regression
text__work in,0.4857468262937388,Logistic Regression
text__confidential,0.4857200788775554,Logistic Regression
text__preparation,0.484641455823966,Logistic Regression
text__commission,0.484172664012649,Logistic Regression
text__through the,0.4839526427852255,Logistic Regression
text__clients and,0.4836455051565421,Logistic Regression
text__family,0.48361301875547713,Logistic Regression
text__san,0.48357911016743127,Logistic Regression
text__exciting,0.48249391481868137,Logistic Regression
text__approach,0.48241483262715,Logistic Regression
text__paid time,0.4821415836877579,Logistic Regression
text__types,0.4819711674245584,Logistic Regression
text__fullstack,0.4815600299305378,Logistic Regression
text__operational,0.48139161185703006,Logistic Regression
text__the role,0.481361061906089,Logistic Regression
text__reference,0.48106530329912306,Logistic Regression
text__machine learning,0.4809680629161175,Logistic Regression
text__ecosystem,0.48090081958230374,Logistic Regression
text__total,0.48078218555166363,Logistic Regression
text__ai data,0.4807284138208144,Logistic Regression
text__eligible,0.48067863601709354,Logistic Regression
text__focus on,0.4800765507602334,Logistic Regression
text__as the,0.4799039640889598,Logistic Regression
text__master,0.47975834135324685,Logistic Regression
text__your experience,0.47971609561574474,Logistic Regression
text__behavioral health,0.4796407806573912,Logistic Regression
text__institutions,0.4795404979394033,Logistic Regression
text__feedback and,0.4794760888905656,Logistic Regression
text__recovery,0.4792952857350406,Logistic Regression
text__business analyst,0.479124980318421,Logistic Regression
text__30 mins,0.47906643584870806,Logistic Regression
text__github,0.47898570040476973,Logistic Regression
text__eligible to,0.47833265189048435,Logistic Regression
text__and resolve,0.47833085961055183,Logistic Regression
text__safe,0.47833054783824697,Logistic Regression
text__ambiguity,0.47825765526944686,Logistic Regression
text__time zones,0.47808244435998887,Logistic Regression
text__standards,0.47765915987750207,Logistic Regression
text__assurance,0.4773807718091428,Logistic Regression
text__of professional,0.47724814142214855,Logistic Regression
text__why join,0.476821828012718,Logistic Regression
text__available,0.4763324888808963,Logistic Regression
text__das,0.4762564327947761,Logistic Regression
text__docker,0.476113689457316,Logistic Regression
text__support our,0.4760947821634357,Logistic Regression
text__selected,0.47598910651416954,Logistic Regression
text__knowledge and,0.475845404580663,Logistic Regression
text__remotely,0.47571083448902274,Logistic Regression
text__reporting to,0.4754614088869316,Logistic Regression
text__work closely,0.47503038557811533,Logistic Regression
text__increase,0.4742962503470508,Logistic Regression
text__calls,0.4741834394839149,Logistic Regression
text__hipaa,0.4736267099730362,Logistic Regression
text__of relevant,0.4735967128065643,Logistic Regression
text__completion,0.4733519208880092,Logistic Regression
text__forecast,0.4728811231626693,Logistic Regression
text__present,0.4727670986903846,Logistic Regression
text__150,0.4722721863605302,Logistic Regression
text__priority,0.47226049342350573,Logistic Regression
text__assignments,0.4716779997120903,Logistic Regression
text__our benefits,0.4711587272968233,Logistic Regression
text__the primary,0.4708828221682511,Logistic Regression
text__sessions,0.47059358909020604,Logistic Regression
text__competitive,0.470456481573202,Logistic Regression
text__complexity,0.4700587155080631,Logistic Regression
text__readiness,0.46972800009586496,Logistic Regression
text__and related,0.4691732697371621,Logistic Regression
text__wellbeing,0.46883748714427476,Logistic Regression
text__an experienced,0.4686875271503402,Logistic Regression
text__of work,0.4686488070305743,Logistic Regression
text__seo,0.4683083616170532,Logistic Regression
text__drives,0.4681096975403987,Logistic Regression
text__will provide,0.4679973199933793,Logistic Regression
text__preferably,0.46781814711625547,Logistic Regression
text__benefits including,0.4676833271480941,Logistic Regression
text__what,0.46751291814306123,Logistic Regression
text__strong attention,0.4672629449685334,Logistic Regression
text__qualified,0.46692831248136535,Logistic Regression
text__training,0.4666267330469818,Logistic Regression
text__measure,0.46652354984104083,Logistic Regression
text__specialist ai,0.4663754694517057,Logistic Regression
text__im,0.4660793199851755,Logistic Regression
text__the most,0.46594859181413617,Logistic Regression
text__manner,0.4654108427925842,Logistic Regression
text__sales and,0.4652541348676114,Logistic Regression
text__them,0.46504591165100206,Logistic Regression
text__support and,0.46500017927185666,Logistic Regression
text__requirements years,0.4647555629236992,Logistic Regression
text__partner with,0.4647310941963176,Logistic Regression
text__way,0.4642577033381001,Logistic Regression
text__fully,0.4641120692799138,Logistic Regression
text__and platform,0.4638439006819997,Logistic Regression
text__fields,0.463836622246326,Logistic Regression
text__uses,0.4630909753759308,Logistic Regression
text__re,0.46290586795617017,Logistic Regression
text__10,0.46286725292928244,Logistic Regression
text__empathy,0.4625963042714078,Logistic Regression
text__transparency,0.462376274053215,Logistic Regression
text__entry,0.4620023553323844,Logistic Regression
text__service and,0.46196200773329543,Logistic Regression
text__em,0.46187438207022397,Logistic Regression
text__target,0.4616958414191015,Logistic Regression
text__of clinical,0.4612853353351386,Logistic Regression
text__resolving,0.4611441181661548,Logistic Regression
text__work,0.4611293217771717,Logistic Regression
text__robust,0.46091405166754956,Logistic Regression
text__precision,0.4609013896540301,Logistic Regression
text__play,0.46080029435306175,Logistic Regression
text__scalable,0.46054467731703685,Logistic Regression
text__obtain,0.46040872207872113,Logistic Regression
text__apply,0.45971902404642534,Logistic Regression
text__years,0.4594772612314749,Logistic Regression
text__artificial intelligence,0.4593684204582578,Logistic Regression
text__as well,0.45872322373265595,Logistic Regression
text__change,0.4586533497890216,Logistic Regression
text__is also,0.45862857127606954,Logistic Regression
text__developer senior,0.4578805623755784,Logistic Regression
text__motivated,0.45706065865572604,Logistic Regression
text__essential functions,0.45702294544909755,Logistic Regression
text__with customer,0.45677143985400687,Logistic Regression
text__support specialist,0.4566329649318884,Logistic Regression
text__experience years,0.4562534870000754,Logistic Regression
text__medicare,0.45623867615092295,Logistic Regression
text__with data,0.455963446971188,Logistic Regression
text__english and,0.4559019606767862,Logistic Regression
text__because,0.45578678333459083,Logistic Regression
text__ca,0.4554838474540379,Logistic Regression
text__tuning,0.45465091548576936,Logistic Regression
text__native,0.454486481423092,Logistic Regression
text__we ll,0.4542597028785051,Logistic Regression
text__you have,0.453641514414419,Logistic Regression
text__and written,0.4535417719366156,Logistic Regression
text__read,0.4526594222693254,Logistic Regression
text__administrator,0.45248665100241187,Logistic Regression
text__enjoy,0.4523179766074541,Logistic Regression
text__capture,0.4521488501299563,Logistic Regression
text__with clear,0.45157436825320046,Logistic Regression
text__win,0.4515372395238793,Logistic Regression
text__federal state,0.4509082907070801,Logistic Regression
text__machine,0.4506979497783598,Logistic Regression
text__heart,0.4504496242011171,Logistic Regression
text__que,0.44986879100685623,Logistic Regression
text__to day,0.44959993278900806,Logistic Regression
text__trial,0.44953507800791864,Logistic Regression
text__free,0.4495052508191221,Logistic Regression
text__datasets,0.44934964026061575,Logistic Regression
text__foundation,0.4492290778727095,Logistic Regression
text__data,0.4487714178873113,Logistic Regression
text__director director,0.4486984883028362,Logistic Regression
text__member,0.4483654496251748,Logistic Regression
text__success manager,0.44824653522317054,Logistic Regression
text__coaching,0.4482039134417955,Logistic Regression
text__always,0.44773498977308307,Logistic Regression
text__is,0.4476497329642728,Logistic Regression
text__languages,0.44715600871345684,Logistic Regression
text__workday,0.4468799680003974,Logistic Regression
text__click,0.44685484777558165,Logistic Regression
text__and what,0.446754637060253,Logistic Regression
text__role and,0.4466808932542679,Logistic Regression
text__by our,0.4466526726120669,Logistic Regression
text__employer we,0.4464217649787577,Logistic Regression
text__evolving,0.4463709308337917,Logistic Regression
text__jobs,0.44620735038781933,Logistic Regression
text__love to,0.4460425777505326,Logistic Regression
text__offered,0.4459615116939461,Logistic Regression
text__trust,0.44595738409169583,Logistic Regression
text__rapid,0.4457699842802903,Logistic Regression
text__analysts,0.44542837439425637,Logistic Regression
text__teams to,0.4453600929606018,Logistic Regression
text__high,0.44517547232154586,Logistic Regression
text__with ai,0.4446639598571731,Logistic Regression
text__framework,0.4444934711595293,Logistic Regression
text__with clients,0.44383284562652325,Logistic Regression
text__empower,0.4437353404439259,Logistic Regression
text__quality standards,0.4437040454245831,Logistic Regression
text__sense,0.4436956457133551,Logistic Regression
text__feedback,0.4430498112032788,Logistic Regression
text__form,0.44258272987730995,Logistic Regression
text__need,0.44225218143758804,Logistic Regression
text__as code,0.4421931274513814,Logistic Regression
text__to work,0.4420669539076245,Logistic Regression
text__governance and,0.4419872064668666,Logistic Regression
text__renewal,0.44197496596106495,Logistic Regression
text__thought,0.4418750280326306,Logistic Regression
text__developers,0.4417384455818228,Logistic Regression
text__agentic,0.4414048530175721,Logistic Regression
numeric__skill_count,0.4410452136131868,Logistic Regression
text__listening,0.4406356486213577,Logistic Regression
text__related field,0.44057877651636146,Logistic Regression
text__hour location,0.44055320493680133,Logistic Regression
text__performance based,0.4405528274441141,Logistic Regression
text__customers and,0.44049722487613924,Logistic Regression
text__reconciliation,0.4401264218738881,Logistic Regression
text__issue,0.4399215182889136,Logistic Regression
text__pace,0.43977693363305886,Logistic Regression
text__coordinate with,0.4397619789836039,Logistic Regression
text__act,0.4397038821548594,Logistic Regression
text__is based,0.43937990122755355,Logistic Regression
text__interact,0.4390228012989631,Logistic Regression
text__logic,0.43901665402172757,Logistic Regression
text__process improvement,0.43901442560124104,Logistic Regression
text__day to,0.4389670791346561,Logistic Regression
text__vendor,0.4388036716358862,Logistic Regression
text__saas,0.43874475132366736,Logistic Regression
text__where everyone,0.4383455292724078,Logistic Regression
text__client facing,0.4381956383677595,Logistic Regression
text__another,0.4380748237088252,Logistic Regression
text__with your,0.43792388310324487,Logistic Regression
text__individuals with,0.4378987420432518,Logistic Regression
text__client relationships,0.4378082090910741,Logistic Regression
text__defined,0.43777515266134426,Logistic Regression
text__foster,0.437610699617483,Logistic Regression
text__join our,0.437173962933334,Logistic Regression
text__sector,0.4364164572795393,Logistic Regression
text__engineering team,0.4353110988358538,Logistic Regression
text__ms,0.4352516344556384,Logistic Regression
text__committed,0.4347624165109655,Logistic Regression
text__audiences,0.43470133651622395,Logistic Regression
text__triage,0.4346559471252656,Logistic Regression
text__cloud,0.4342755338998086,Logistic Regression
text__in business,0.4342314922132244,Logistic Regression
text__an employee,0.43404864013812033,Logistic Regression
text__and working,0.43390824206689504,Logistic Regression
text__candidates,0.4337705063371885,Logistic Regression
text__by applicable,0.433345917386254,Logistic Regression
text__protected status,0.43321924194553435,Logistic Regression
text__note that,0.43298194628135533,Logistic Regression
text__coordinator,0.4325943964761152,Logistic Regression
text__largest,0.43248959459422615,Logistic Regression
text__to thrive,0.43248650956655577,Logistic Regression
text__ideal candidate,0.43248054358507804,Logistic Regression
text__targets,0.4323489768605955,Logistic Regression
text__aspects,0.432103406478471,Logistic Regression
text__candidate will,0.4316171908269882,Logistic Regression
text__health insurance,0.4315466051488179,Logistic Regression
text__unique,0.4309312921943301,Logistic Regression
text__digital,0.4307716194310771,Logistic Regression
text__hours,0.43056712935068064,Logistic Regression
text__about this,0.43039888587319813,Logistic Regression
text__customer,0.42982377706118496,Logistic Regression
text__optimizing,0.42951798167682304,Logistic Regression
text__oriented,0.42933611556515194,Logistic Regression
text__gender,0.42854796341646906,Logistic Regression
text__coordination,0.42845045241870783,Logistic Regression
text__meaningful,0.4282204992939885,Logistic Regression
text__skills,0.4274566468818527,Logistic Regression
text__demands,0.4274197130694876,Logistic Regression
text__and optimize,0.42718274667183703,Logistic Regression
text__ai,0.42715137114820007,Logistic Regression
text__to grow,0.4269828388516232,Logistic Regression
text__to shape,0.4266082749810261,Logistic Regression
text__engagement,0.4264665386601961,Logistic Regression
text__to enhance,0.426297774174541,Logistic Regression
text__and ability,0.4258599990608119,Logistic Regression
text__that we,0.425598836243161,Logistic Regression
text__vision insurance,0.4253733203956031,Logistic Regression
text__grow and,0.424762557571274,Logistic Regression
text__startup,0.4247080285382906,Logistic Regression
text__understanding of,0.4246279962575984,Logistic Regression
text__already,0.4245767795053957,Logistic Regression
text__evolve,0.4243172309662911,Logistic Regression
text__decision making,0.42408125694071086,Logistic Regression
text__hr,0.42403174621260326,Logistic Regression
text__with and,0.4234184002003079,Logistic Regression
text__risks and,0.4230030211090509,Logistic Regression
text__determined by,0.42295144485179664,Logistic Regression
text__could,0.42285129068772975,Logistic Regression
text__and commercial,0.4228167805063558,Logistic Regression
text__data engineering,0.42244782939372405,Logistic Regression
text__senior director,0.42219389116872363,Logistic Regression
text__detection,0.4218801000403657,Logistic Regression
text__communities,0.42101183712072,Logistic Regression
text__audience,0.4206726923697877,Logistic Regression
text__company we,0.4203700459453311,Logistic Regression
text__make difference,0.4202293967477294,Logistic Regression
text__owning,0.4196535542264709,Logistic Regression
text__often,0.4196053681811993,Logistic Regression
text__appointments,0.41928917496904977,Logistic Regression
text__valid,0.4186862816825675,Logistic Regression
text__kunden,0.41834604871541486,Logistic Regression
text__the opportunity,0.4182665060325558,Logistic Regression
text__bei uns,0.418238554545244,Logistic Regression
text__university,0.417935995706818,Logistic Regression
text__problem solving,0.41741530616347416,Logistic Regression
text__thoughtful,0.4173709585107943,Logistic Regression
text__secure,0.417231716602646,Logistic Regression
text__proven ability,0.4171326425393366,Logistic Regression
text__transform,0.4170964168950389,Logistic Regression
text__to change,0.4170419182264092,Logistic Regression
text__executive leadership,0.41699109876865537,Logistic Regression
text__points,0.4168569171401894,Logistic Regression
text__and improve,0.41647041206204855,Logistic Regression
text__evaluating,0.41592275261446343,Logistic Regression
text__characteristics,0.41567753287099224,Logistic Regression
text__models and,0.41524662640438,Logistic Regression
text__infrastructure,0.4149569715517416,Logistic Regression
text__relevant,0.41465809666661774,Logistic Regression
text__category,0.41428822925461495,Logistic Regression
text__provider,0.41342366562953553,Logistic Regression
text__sales operations,0.4133216856709228,Logistic Regression
text__you don,0.41306779001514776,Logistic Regression
text__affairs,0.41272628565977326,Logistic Regression
text__comply with,0.4120745120081359,Logistic Regression
text__work with,0.4119567302852567,Logistic Regression
text__be,0.4117120386284582,Logistic Regression
text__us,0.4115316625415413,Logistic Regression
text__many,0.4114202676666042,Logistic Regression
text__prospects,0.4112727003548918,Logistic Regression
text__the project,0.4112633973619784,Logistic Regression
text__qualifications experience,0.4110688654103647,Logistic Regression
text__ambiguous,0.41083274195476926,Logistic Regression
text__and software,0.41034196272679,Logistic Regression
text__sensitive,0.4099210765800596,Logistic Regression
text__generation,0.40910709993962413,Logistic Regression
text__the core,0.4090640024326295,Logistic Regression
text__appropriate,0.4088605056370776,Logistic Regression
text__arbeiten,0.40797037970400485,Logistic Regression
text__company and,0.4076916251214663,Logistic Regression
text__written and,0.407625280438373,Logistic Regression
text__privacy,0.40712465501779405,Logistic Regression
text__and local,0.40702911156328825,Logistic Regression
text__specialized,0.4070069146958832,Logistic Regression
text__customer and,0.4063739034655326,Logistic Regression
text__safety,0.4061042664280127,Logistic Regression
text__is committed,0.4058772284082309,Logistic Regression
text__investment,0.4054357399931098,Logistic Regression
text__encouraged,0.4047853182630765,Logistic Regression
text__partners to,0.4047435259197656,Logistic Regression
text__job duties,0.4045233277028968,Logistic Regression
text__skills excellent,0.40441508481750305,Logistic Regression
text__service,0.4043781957284147,Logistic Regression
text__good,0.4043284140830363,Logistic Regression
text__closely with,0.4043204134924964,Logistic Regression
text__conversation,0.40419799860946337,Logistic Regression
text__and revenue,0.40400078819105956,Logistic Regression
text__advisory,0.40396288049301315,Logistic Regression
text__associated,0.40390913220639996,Logistic Regression
text__based in,0.4037667552065177,Logistic Regression
text__transition,0.40370700430560735,Logistic Regression
text__desenvolvimento,0.4036441612358382,Logistic Regression
text__benefits and,0.4035122061847562,Logistic Regression
text__document,0.4032883453197575,Logistic Regression
text__solving,0.4032410601900105,Logistic Regression
text__condition,0.40319320367150513,Logistic Regression
text__legal,0.403167987610957,Logistic Regression
text__of ai,0.40316333705384777,Logistic Regression
text__located,0.4029670031106908,Logistic Regression
text__prohibits,0.4028188533184652,Logistic Regression
text__wide,0.40241264923255143,Logistic Regression
text__members to,0.40222464328062796,Logistic Regression
text__qualify,0.40203462446032656,Logistic Regression
text__managers,0.4016251672413455,Logistic Regression
text__not limited,0.40097351480784804,Logistic Regression
text__to define,0.40094790307243006,Logistic Regression
text__common,0.4002356014019495,Logistic Regression
text__litigation,0.4001556563934504,Logistic Regression
text__customer satisfaction,0.4000156213404613,Logistic Regression
text__short term,0.3997118432794628,Logistic Regression
text__offices,0.39970865050061616,Logistic Regression
text__fast,0.39934420106437596,Logistic Regression
text__perform the,0.39923481281279644,Logistic Regression
text__builder,0.3991304799725248,Logistic Regression
text__consulting and,0.3991086564727108,Logistic Regression
text__is the,0.3987912601223957,Logistic Regression
text__opportunity,0.39870308161316703,Logistic Regression
text__oder,0.39824786414828994,Logistic Regression
text__and execute,0.39813298637119865,Logistic Regression
text__develop,0.3979347819409699,Logistic Regression
text__ve,0.39783001138187796,Logistic Regression
text__actionable,0.39778276041234417,Logistic Regression
text__sponsorship,0.397631232972273,Logistic Regression
text__scenarios,0.3975482698159988,Logistic Regression
text__true,0.39691715340297634,Logistic Regression
text__and development,0.396818962229251,Logistic Regression
text__helping,0.39676772694880685,Logistic Regression
text__with disabilities,0.39584839206340416,Logistic Regression
text__lasting,0.39552752772867505,Logistic Regression
text__hospitality,0.3954002459507606,Logistic Regression
text__feature,0.39450100396111587,Logistic Regression
text__pregnancy,0.39449105605498175,Logistic Regression
text__systems and,0.3940459184741416,Logistic Regression
text__internal stakeholders,0.39376295224937297,Logistic Regression
text__advanced,0.39283017219965366,Logistic Regression
text__genetic information,0.3928208476197246,Logistic Regression
text__of,0.39258546169943065,Logistic Regression
text__reflects,0.39256033076118574,Logistic Regression
text__eligible for,0.3925477679859008,Logistic Regression
text__and is,0.3920662826866614,Logistic Regression
text__front,0.39202973099662314,Logistic Regression
text__deadlines,0.3919403289563769,Logistic Regression
text__the senior,0.39176612621508816,Logistic Regression
text__kubernetes,0.3915065605291742,Logistic Regression
text__behavior,0.3912953200977549,Logistic Regression
text__teammates,0.39095752291094366,Logistic Regression
text__personnel,0.3908657120503994,Logistic Regression
text__communication,0.3907181756030615,Logistic Regression
text__consideration,0.3906697268559391,Logistic Regression
text__oncology,0.39014787173873977,Logistic Regression
text__they are,0.3898977403046138,Logistic Regression
text__time remote,0.3893689529614719,Logistic Regression
text__employer,0.3890302301768993,Logistic Regression
text__ml,0.38885823983499523,Logistic Regression
text__on your,0.3887427824469602,Logistic Regression
text__we ve,0.38864595767509874,Logistic Regression
text__experiência,0.38846860762353985,Logistic Regression
text__while maintaining,0.388453987600883,Logistic Regression
text__commitment to,0.38833708495290264,Logistic Regression
text__accurate,0.3882540774980215,Logistic Regression
text__and other,0.3881477748221375,Logistic Regression
text__recommendations,0.38786768952210887,Logistic Regression
text__transportation,0.38738710635981766,Logistic Regression
text__compelling,0.38732969636333975,Logistic Regression
text__moving,0.3873195668384097,Logistic Regression
text__control,0.38723074304540583,Logistic Regression
text__and contribute,0.3872154555680939,Logistic Regression
text__choose,0.38700186268913533,Logistic Regression
text__with internal,0.3862323618692794,Logistic Regression
text__receive consideration,0.38611711137328886,Logistic Regression
text__co,0.38593966340156816,Logistic Regression
text__and inclusion,0.38590321232006813,Logistic Regression
text__ai powered,0.38558778552087836,Logistic Regression
text__style,0.3855821907743535,Logistic Regression
text__built on,0.38518391370975574,Logistic Regression
text__and organizational,0.38428093917257933,Logistic Regression
text__workers,0.3842801823880477,Logistic Regression
text__data analyst,0.3839375915403214,Logistic Regression
text__internal teams,0.3836179831968139,Logistic Regression
text__innovative,0.3828245869072319,Logistic Regression
text__your application,0.38259749312226443,Logistic Regression
text__aspects of,0.3825146247916739,Logistic Regression
text__hiring,0.38251096076144836,Logistic Regression
text__next generation,0.3821369726877589,Logistic Regression
text__planning and,0.3819992424252671,Logistic Regression
text__regularly,0.38133917031909237,Logistic Regression
text__on site,0.38120963339644554,Logistic Regression
text__junior,0.38071283740851514,Logistic Regression
text__alongside,0.38046479350090145,Logistic Regression
text__to equal,0.380371894482119,Logistic Regression
text__internship,0.3799515371744637,Logistic Regression
text__build the,0.3796575783600976,Logistic Regression
text__tool,0.37952443712323297,Logistic Regression
text__institutional,0.37916640926113276,Logistic Regression
text__scalability,0.3791470260137653,Logistic Regression
text__content and,0.37894100654699076,Logistic Regression
text__os,0.3787298160729547,Logistic Regression
text__trials,0.3785707220048481,Logistic Regression
text__to succeed,0.37856044803840855,Logistic Regression
text__re building,0.3785199416420375,Logistic Regression
text__in this,0.3785175776364118,Logistic Regression
text__embedded,0.37843153658930856,Logistic Regression
text__activity,0.3783205512044715,Logistic Regression
text__of the,0.37820806370425863,Logistic Regression
text__manual,0.3777216464220741,Logistic Regression
text__civil,0.3768454438340274,Logistic Regression
text__client success,0.376821726485406,Logistic Regression
text__emerging,0.3767719362090283,Logistic Regression
text__needs and,0.3765178575395021,Logistic Regression
text__degree in,0.3757048120362374,Logistic Regression
text__employment without,0.3753236413476186,Logistic Regression
text__while,0.37525676417305787,Logistic Regression
text__mental,0.3752469736033404,Logistic Regression
text__mentoring,0.37484907486601665,Logistic Regression
text__much,0.37470495309325075,Logistic Regression
text__certification,0.3742272111782737,Logistic Regression
text__evidence,0.37420459548107476,Logistic Regression
text__candidate is,0.3741764602364419,Logistic Regression
text__new,0.37415655157740807,Logistic Regression
text__impact on,0.373431346141522,Logistic Regression
text__marketing and,0.37325163461233674,Logistic Regression
text__home office,0.3729256868463735,Logistic Regression
text__employer all,0.3728356318773862,Logistic Regression
text__seeking,0.3723935721511931,Logistic Regression
text__willingness,0.3722175409480399,Logistic Regression
text__employer and,0.3721965209800761,Logistic Regression
text__accounts,0.37212340349995554,Logistic Regression
text__als,0.37206247382321944,Logistic Regression
text__problems,0.3717991364895857,Logistic Regression
text__world leading,0.3716360769998355,Logistic Regression
text__the position,0.37159040138752664,Logistic Regression
text__pipelines,0.3712277600629781,Logistic Regression
text__ready to,0.3709192390819874,Logistic Regression
text__behavioral,0.37084180256948734,Logistic Regression
text__services to,0.370820709424494,Logistic Regression
text__driving,0.3704179471749862,Logistic Regression
text__facing,0.37039756543162716,Logistic Regression
text__legacy,0.3703483246586959,Logistic Regression
text__for your,0.3700615666272692,Logistic Regression
text__program management,0.36991371628630443,Logistic Regression
text__whole,0.3699009537508938,Logistic Regression
text__ceo,0.3695126487118464,Logistic Regression
text__data and,0.3692458651806755,Logistic Regression
text__everyone,0.3691409330271688,Logistic Regression
text__owners,0.36907768370577476,Logistic Regression
text__participates,0.3688365409133283,Logistic Regression
text__even,0.3685499235655655,Logistic Regression
text__work independently,0.36842430967670126,Logistic Regression
text__program,0.36833684979942394,Logistic Regression
text__team is,0.36808771418793695,Logistic Regression
text__the full,0.36783758761357266,Logistic Regression
text__business development,0.36776299127420703,Logistic Regression
text__powerpoint,0.3677269991269016,Logistic Regression
text__incentive,0.36763527788730005,Logistic Regression
text__ist,0.36735058714358737,Logistic Regression
text__including the,0.36720025305159576,Logistic Regression
text__the following,0.3671248668690178,Logistic Regression
text__and we,0.36707389450585415,Logistic Regression
text__fintech,0.3669446141563957,Logistic Regression
text__the interview,0.3664665796942529,Logistic Regression
text__end to,0.36644981274537203,Logistic Regression
text__success and,0.36634303484447167,Logistic Regression
text__clinical trials,0.36632638641171306,Logistic Regression
text__take,0.3661109854007905,Logistic Regression
text__online,0.36609714761157985,Logistic Regression
text__operations and,0.3659840254096852,Logistic Regression
text__and create,0.36591609994368846,Logistic Regression
text__agent,0.3658082739761947,Logistic Regression
text__thrives,0.3657000160645703,Logistic Regression
text__that may,0.3656830412532113,Logistic Regression
text__billing,0.36553016885870254,Logistic Regression
text__committed to,0.3654811123385255,Logistic Regression
text__levels of,0.36532163199919054,Logistic Regression
text__process please,0.3653191105268591,Logistic Regression
text__customer service,0.36521560348503257,Logistic Regression
text__rather,0.3650853884480942,Logistic Regression
text__check,0.3645182167447711,Logistic Regression
text__stipend,0.36445787838217875,Logistic Regression
text__best in,0.3644436473240202,Logistic Regression
text__preferred qualifications,0.3643392106477794,Logistic Regression
text__time and,0.364099263283829,Logistic Regression
text__25,0.3634341318014925,Logistic Regression
text__have strong,0.36341749252318406,Logistic Regression
text__protected veteran,0.3631308782714636,Logistic Regression
text__and systems,0.36307439188287755,Logistic Regression
text__recruitment,0.3626614197176306,Logistic Regression
text__francisco,0.3626240405301354,Logistic Regression
text__san francisco,0.3626240405301354,Logistic Regression
text__strive to,0.36261395131099233,Logistic Regression
text__real time,0.3624154895463263,Logistic Regression
text__passionate,0.36235691142691734,Logistic Regression
text__race religion,0.3622422305710752,Logistic Regression
text__enterprises,0.36169649339490884,Logistic Regression
text__cycles,0.3616455353794324,Logistic Regression
text__through our,0.3610538396353491,Logistic Regression
text__every day,0.3608598015294267,Logistic Regression
text__talent,0.3608285005502933,Logistic Regression
text__our company,0.3607090372627056,Logistic Regression
text__questions and,0.3606833424405458,Logistic Regression
text__religion,0.3603348575951154,Logistic Regression
text__for someone,0.3602559809392036,Logistic Regression
text__development representative,0.3601029359940146,Logistic Regression
text__seeking an,0.35999071822785556,Logistic Regression
text__full time,0.35962705693979036,Logistic Regression
text__health care,0.3593181308088906,Logistic Regression
text__comply,0.35931659703996227,Logistic Regression
text__bachelor,0.359153292767602,Logistic Regression
text__years in,0.35900089505809135,Logistic Regression
text__solving and,0.3585499531380522,Logistic Regression
text__gartner,0.3583847262645153,Logistic Regression
text__risk,0.35826537447482976,Logistic Regression
text__the industry,0.35818939275275913,Logistic Regression
text__listed,0.35817305988904263,Logistic Regression
text__willingness to,0.3579493912523701,Logistic Regression
text__limited to,0.35762742805799635,Logistic Regression
text__data quality,0.357518736294597,Logistic Regression
text__enable,0.35729539365554,Logistic Regression
text__from all,0.35712349388812253,Logistic Regression
text__order to,0.35697316836939935,Logistic Regression
text__but not,0.3568110774906109,Logistic Regression
text__please note,0.35664948665591084,Logistic Regression
text__mentor,0.35659083600389124,Logistic Regression
text__conversations,0.3565732393072152,Logistic Regression
text__in the,0.3563243560331135,Logistic Regression
text__successful,0.3561383907206292,Logistic Regression
categorical__experience_level_primary_Executive,0.3559585578647622,Logistic Regression
text__side,0.35591311821256777,Logistic Regression
text__and their,0.3557583484655403,Logistic Regression
text__responsibility,0.35539320054489143,Logistic Regression
text__and safety,0.3552234792239889,Logistic Regression
text__at scale,0.35506793833487427,Logistic Regression
text__then,0.3547298494867158,Logistic Regression
text__proficiency with,0.3545205507675026,Logistic Regression
text__preferred experience,0.35443071142716126,Logistic Regression
text__accurate and,0.35432112907626007,Logistic Regression
text__experience developing,0.3542882956135405,Logistic Regression
text__understand and,0.3539066358764251,Logistic Regression
text__leadership to,0.3538756004694092,Logistic Regression
text__and responsibilities,0.35370331718061976,Logistic Regression
text__professionalism,0.3535163771427815,Logistic Regression
text__assist in,0.35309183542952766,Logistic Regression
text__match,0.35302950923461607,Logistic Regression
text__trust and,0.3528607344590556,Logistic Regression
text__conducting,0.35273901203144997,Logistic Regression
text__able to,0.35270387407887116,Logistic Regression
text__solutions for,0.3526110081647431,Logistic Regression
text__comfort,0.352575856990732,Logistic Regression
text__or equivalent,0.35246457487911054,Logistic Regression
text__grow,0.3524116716823326,Logistic Regression
text__healthcare,0.3523710506131586,Logistic Regression
text__with other,0.3517455348971772,Logistic Regression
text__wide range,0.3516335008984113,Logistic Regression
text__working hours,0.3513634493954992,Logistic Regression
text__demonstrated ability,0.3512782096648478,Logistic Regression
text__in data,0.3510109432455978,Logistic Regression
text__following,0.3503572042405853,Logistic Regression
text__patterns,0.35015659174558733,Logistic Regression
text__of customer,0.3498342141559615,Logistic Regression
text__resolve,0.34959404498654706,Logistic Regression
text__sharing,0.34948976127075404,Logistic Regression
text__the market,0.3490765208696425,Logistic Regression
text__consider,0.34903317630767217,Logistic Regression
text__opportunity employer,0.3489490966811973,Logistic Regression
text__type full,0.3484329252809616,Logistic Regression
text__learn more,0.3484183753835986,Logistic Regression
text__you can,0.348236251523095,Logistic Regression
text__translating,0.3481562473189512,Logistic Regression
text__until,0.34801298287858273,Logistic Regression
text__trends,0.34797937743936025,Logistic Regression
text__consulting,0.34797794811322524,Logistic Regression
numeric__description_structure_count,0.3478782271221244,Logistic Regression
text__head,0.3478274022871605,Logistic Regression
text__master degree,0.34768456432030437,Logistic Regression
text__for the,0.3476070179899887,Logistic Regression
text__difference,0.34742861805000635,Logistic Regression
text__to end,0.34736844495559577,Logistic Regression
text__solid,0.3472604058210342,Logistic Regression
text__plans and,0.34724730200248144,Logistic Regression
text__copy,0.3471168553214916,Logistic Regression
text__using,0.3470929801881069,Logistic Regression
text__required,0.3467450748911202,Logistic Regression
text__which,0.3466630748934912,Logistic Regression
text__of sales,0.34629086608251064,Logistic Regression
text__path,0.3462906761522764,Logistic Regression
text__creation,0.34620370328813405,Logistic Regression
text__and may,0.34598071623644067,Logistic Regression
text__are looking,0.3456332262456154,Logistic Regression
text__days,0.3455096711557173,Logistic Regression
text__handling,0.34547929922409865,Logistic Regression
text__plan,0.3454734063390861,Logistic Regression
text__in any,0.3452844307897996,Logistic Regression
text__recognize,0.344552257470948,Logistic Regression
text__thinking and,0.34445560443069023,Logistic Regression
text__ai and,0.34433253156084836,Logistic Regression
text__studio,0.34428417516334314,Logistic Regression
text__origin disability,0.34421665054731343,Logistic Regression
text__generate,0.34413672400507406,Logistic Regression
text__from,0.3439227479337478,Logistic Regression
text__and regulatory,0.34373385272615414,Logistic Regression
text__deliverables,0.34357599907514963,Logistic Regression
text__in their,0.3433985171019179,Logistic Regression
text__roi,0.34320126240598786,Logistic Regression
text__customer needs,0.3427348020113179,Logistic Regression
text__learn,0.3427320966552756,Logistic Regression
text__talent with,0.34271139718567206,Logistic Regression
text__assessment,0.3422220149945903,Logistic Regression
text__passionate about,0.3422032544719372,Logistic Regression
text__join,0.3421248009408154,Logistic Regression
text__daily,0.3419011561565139,Logistic Regression
text__characteristic protected,0.34189865932212066,Logistic Regression
text__materials,0.341760577028276,Logistic Regression
text__measurement,0.3411505714793322,Logistic Regression
text__effectively with,0.34114766232208704,Logistic Regression
text__unsere,0.3408966299185129,Logistic Regression
text__cycle,0.34084654249922836,Logistic Regression
text__to the,0.3401944034800428,Logistic Regression
text__to detail,0.3401656281697529,Logistic Regression
text__vp,0.33974518626199735,Logistic Regression
text__tasks,0.3393951940877262,Logistic Regression
text__resources and,0.3393230294263391,Logistic Regression
text__60,0.3391781539657362,Logistic Regression
text__able,0.3390633740176677,Logistic Regression
text__notice,0.3388960535732057,Logistic Regression
text__receive,0.33884388593971654,Logistic Regression
text__avec,0.3388086008620315,Logistic Regression
text__and tools,0.3387955062177611,Logistic Regression
text__long,0.33876752927401615,Logistic Regression
text__ai research,0.33812023609766595,Logistic Regression
text__everything,0.3380573831176294,Logistic Regression
text__learning,0.3379968858912444,Logistic Regression
text__management skills,0.33766103368523365,Logistic Regression
text__email,0.3375345501319304,Logistic Regression
text__proactive,0.3373235042227554,Logistic Regression
text__transforming,0.33697915806090195,Logistic Regression
text__achieve,0.33684198698396917,Logistic Regression
text__work experience,0.33681173793422914,Logistic Regression
text__data analysis,0.33663028812301554,Logistic Regression
text__distributed,0.33659167897130143,Logistic Regression
text__willing to,0.336227476391735,Logistic Regression
text__running,0.3360788276681761,Logistic Regression
text__team lead,0.3356946471773259,Logistic Regression
text__feel,0.33568129126513985,Logistic Regression
text__los,0.33560825224062046,Logistic Regression
text__process takes,0.3355272906711106,Logistic Regression
text__payer,0.33533297780473625,Logistic Regression
text__counseling,0.33532678095714,Logistic Regression
text__degree or,0.33519026137532193,Logistic Regression
text__questions,0.3348386147058596,Logistic Regression
text__and solutions,0.33456998809441796,Logistic Regression
text__technologies,0.3345492785377221,Logistic Regression
text__and communication,0.3345001945686504,Logistic Regression
text__with cross,0.33425891103710126,Logistic Regression
text__credit,0.3340664989741922,Logistic Regression
text__globe,0.3339663294770162,Logistic Regression
text__qualifications,0.3338899127101443,Logistic Regression
text__and will,0.33378903982492353,Logistic Regression
text__and system,0.3336228947556682,Logistic Regression
text__implementation of,0.33344394963103785,Logistic Regression
text__education and,0.33313834860486513,Logistic Regression
text__issues,0.3328526130448999,Logistic Regression
text__agile,0.33278314459236996,Logistic Regression
text__ai ml,0.33237189181403887,Logistic Regression
text__experiences,0.33178596089821794,Logistic Regression
text__du,0.3315473859177983,Logistic Regression
text__items,0.331407224891774,Logistic Regression
text__est,0.3304729475937918,Logistic Regression
text__the first,0.33023880869965494,Logistic Regression
text__reduce,0.3297973129487562,Logistic Regression
text__re not,0.3297171110177367,Logistic Regression
text__ways,0.32939548778710837,Logistic Regression
text__employee assistance,0.32925471386117017,Logistic Regression
text__smooth,0.32912922456413685,Logistic Regression
text__11,0.3289501714136212,Logistic Regression
text__answer,0.32874422673417475,Logistic Regression
text__with,0.32839046288412616,Logistic Regression
text__performance and,0.3281998389971567,Logistic Regression
text__engineers,0.32809582774468976,Logistic Regression
text__efficiency and,0.32798892186571765,Logistic Regression
text__note,0.3279753312491958,Logistic Regression
text__domains,0.3278863708644204,Logistic Regression
text__chance,0.3276307877496444,Logistic Regression
text__support reach,0.3274199313018778,Logistic Regression
text__netsuite,0.32693762551881184,Logistic Regression
text__local law,0.32691843256332387,Logistic Regression
text__prospect,0.3264541702667273,Logistic Regression
text__hired,0.326447753856896,Logistic Regression
text__talent acquisition,0.32643649150736637,Logistic Regression
text__and make,0.32635435181395606,Logistic Regression
text__proficient in,0.3262968029035791,Logistic Regression
text__principles,0.326144355496922,Logistic Regression
text__relevant experience,0.32608242722668185,Logistic Regression
text__simple,0.32605336737537643,Logistic Regression
text__outside of,0.32550830334886405,Logistic Regression
text__smart,0.3251589792462751,Logistic Regression
text__incidents,0.3251383278979452,Logistic Regression
text__and infrastructure,0.3250272925868266,Logistic Regression
text__competencies,0.3249349279893488,Logistic Regression
text__don,0.32469377404111577,Logistic Regression
text__discretion,0.3244966021292552,Logistic Regression
text__our global,0.3244294480069308,Logistic Regression
text__solutions to,0.32438268028754724,Logistic Regression
text__records,0.32434576648652447,Logistic Regression
text__finance,0.32411888683763257,Logistic Regression
text__is remote,0.3241028469389012,Logistic Regression
text__written,0.32352867448338885,Logistic Regression
text__the candidate,0.3232618016993849,Logistic Regression
text__the range,0.3229916026444063,Logistic Regression
text__billion,0.32294278886387245,Logistic Regression
text__centered,0.3228340560343154,Logistic Regression
text__backend,0.32271546415031477,Logistic Regression
text__hardware,0.3226504100959163,Logistic Regression
text__different,0.32259522295185633,Logistic Regression
text__designers,0.3221612079966537,Logistic Regression
text__participate,0.321958153861748,Logistic Regression
text__handle,0.3218599120681467,Logistic Regression
text__down,0.32183486485584933,Logistic Regression
text__in our,0.32162488645023557,Logistic Regression
text__all levels,0.32085421591229,Logistic Regression
text__deine,0.32085141510683984,Logistic Regression
text__high performing,0.3206030708803342,Logistic Regression
text__role you,0.32035023978615423,Logistic Regression
text__basic,0.3201858797296768,Logistic Regression
text__fluency,0.32017345633402094,Logistic Regression
text__is responsible,0.3191745639315978,Logistic Regression
text__characteristic,0.31902704869242016,Logistic Regression
text__multiple priorities,0.3189839965232767,Logistic Regression
text__mobile,0.3188906549468834,Logistic Regression
text__strategy,0.31865774076654346,Logistic Regression
text__forward,0.3185313021994315,Logistic Regression
text__for,0.3181866203017458,Logistic Regression
text__le,0.3177365322629137,Logistic Regression
text__require,0.31754070992668526,Logistic Regression
text__maintain and,0.3172479992917133,Logistic Regression
text__and timely,0.31660918878014116,Logistic Regression
text__global team,0.31627609510803906,Logistic Regression
text__and long,0.3162455475747605,Logistic Regression
text__applicants will,0.31624143801332544,Logistic Regression
text__defense,0.3162081746804151,Logistic Regression
text__reports and,0.31605438602576613,Logistic Regression
text__procurement,0.3159282452295542,Logistic Regression
text__strong analytical,0.315775107773511,Logistic Regression
text__are proud,0.3149839405199072,Logistic Regression
text__to race,0.3148085959927537,Logistic Regression
text__initiatives,0.314676243269736,Logistic Regression
text__bringing,0.3146368479976781,Logistic Regression
text__risk and,0.31437329302447803,Logistic Regression
text__to your,0.314335670977331,Logistic Regression
text__understand,0.31428077770415924,Logistic Regression
text__close,0.3142390911956788,Logistic Regression
text__workplace,0.3141256023994167,Logistic Regression
text__id,0.31400962672182603,Logistic Regression
text__flexibility,0.3137069686264735,Logistic Regression
text__protected,0.31358325941285015,Logistic Regression
text__state or,0.3135763197882149,Logistic Regression
text__and processes,0.3131971873214978,Logistic Regression
text__audits,0.31315308048431556,Logistic Regression
text__speaking,0.3130984613312667,Logistic Regression
text__several,0.3128633704757368,Logistic Regression
text__working knowledge,0.3122050733584094,Logistic Regression
text__tools,0.31216584543809067,Logistic Regression
text__complete upload,0.31214258836411946,Logistic Regression
text__or local,0.31176420335147476,Logistic Regression
text__leadership and,0.31130589777052947,Logistic Regression
text__managed,0.3111976375997675,Logistic Regression
text__possible,0.3110991549226749,Logistic Regression
text__follow,0.3110265159974106,Logistic Regression
text__get,0.3109941276216584,Logistic Regression
text__engineering senior,0.31076518936117303,Logistic Regression
text__claim,0.31016514417721347,Logistic Regression
text__requirements for,0.30903363122255123,Logistic Regression
text__your career,0.3089819586621496,Logistic Regression
text__of contact,0.30866457305104766,Logistic Regression
text__implementing,0.308574104191063,Logistic Regression
text__investigation,0.3080643911167473,Logistic Regression
text__as senior,0.30806159273252304,Logistic Regression
text__to providing,0.3080461612039358,Logistic Regression
text__processes and,0.3079138500254966,Logistic Regression
text__for new,0.3077615806782633,Logistic Regression
text__being,0.3076959630456103,Logistic Regression
text__consultant,0.30723411375233534,Logistic Regression
text__ups,0.30714387649104397,Logistic Regression
text__task,0.30667006840350325,Logistic Regression
text__of working,0.3061730473238083,Logistic Regression
text__diagnostic,0.30616563920245426,Logistic Regression
text__to their,0.3060713981647161,Logistic Regression
text__with minimal,0.30601011358818997,Logistic Regression
text__workflow,0.3058495812239364,Logistic Regression
text__essential,0.3057745179114582,Logistic Regression
text__your work,0.3054403835534259,Logistic Regression
text__desired,0.30541426481696937,Logistic Regression
text__review and,0.3053335398129214,Logistic Regression
text__sales manager,0.3052741021996323,Logistic Regression
text__across the,0.30506150961915257,Logistic Regression
text__governance,0.3050570028917612,Logistic Regression
text__calendar,0.3050488006827976,Logistic Regression
text__procedures,0.3050018027709239,Logistic Regression
text__expand,0.3048528730906961,Logistic Regression
text__throughout the,0.3047222809401256,Logistic Regression
text__enterprise sales,0.3045809005142191,Logistic Regression
text__evaluation,0.30450072989272836,Logistic Regression
text__expected,0.30402918652372146,Logistic Regression
text__content,0.30382060839430824,Logistic Regression
text__disability,0.3032619536288414,Logistic Regression
text__learning and,0.30244777916251425,Logistic Regression
text__and identify,0.3017766559361233,Logistic Regression
text__patient care,0.30169874724324197,Logistic Regression
text__information security,0.3015315121176894,Logistic Regression
text__believe that,0.3015042234148948,Logistic Regression
text__high impact,0.30144414523038826,Logistic Regression
text__retirement,0.30139452796479077,Logistic Regression
text__may include,0.30138368814395117,Logistic Regression
text__equivalent experience,0.30131834733163215,Logistic Regression
text__roles,0.30107169241494597,Logistic Regression
text__mins to,0.30105949717753233,Logistic Regression
text__takes 20,0.30105949717753233,Logistic Regression
text__back,0.30104457120110767,Logistic Regression
text__marketing,0.3006598089334569,Logistic Regression
text__our employees,0.3005993348262724,Logistic Regression
text__negotiation,0.30055276678878556,Logistic Regression
text__expertise to,0.30053810645586926,Logistic Regression
text__award,0.3004301691399849,Logistic Regression
text__budgets,0.3003600386468152,Logistic Regression
text__time to,0.3003036145736244,Logistic Regression
text__software engineer,0.29997947817409987,Logistic Regression
text__data science,0.29986602113989347,Logistic Regression
text__projects and,0.29975847427204033,Logistic Regression
text__stakeholders and,0.2997574445146267,Logistic Regression
text__gcp,0.29970815434318715,Logistic Regression
text__reports,0.29922636928374197,Logistic Regression
text__them to,0.29920172025782793,Logistic Regression
text__made,0.29904166940756405,Logistic Regression
text__information technology,0.2988503047849662,Logistic Regression
text__and implementation,0.29882316494069866,Logistic Regression
text__health and,0.29882139406167296,Logistic Regression
text__skilled,0.29879001810422356,Logistic Regression
text__advisor,0.2985951032564985,Logistic Regression
text__des,0.2983581573419565,Logistic Regression
text__industrial,0.2982439856951312,Logistic Regression
text__clear,0.29792448553203155,Logistic Regression
text__plans,0.29786734769814444,Logistic Regression
text__owns,0.2976407581818718,Logistic Regression
text__hands,0.2975710705101921,Logistic Regression
text__ein,0.297564760267582,Logistic Regression
text__people who,0.2975073526517963,Logistic Regression
text__you and,0.29737212631606785,Logistic Regression
text__benefit,0.2971999307173452,Logistic Regression
text__orchestration,0.29708372171846587,Logistic Regression
text__the director,0.29694987661684197,Logistic Regression
text__curious,0.29690188352303637,Logistic Regression
text__on time,0.2966957081650791,Logistic Regression
text__analyst senior,0.2964989362387643,Logistic Regression
text__exposure,0.29646015451348673,Logistic Regression
text__bi,0.29643734493518276,Logistic Regression
text__represents,0.29611983089791866,Logistic Regression
text__to make,0.2960426505124642,Logistic Regression
text__verify,0.29601673459882744,Logistic Regression
text__and non,0.29582730817804553,Logistic Regression
text__to obtain,0.29574216820335186,Logistic Regression
text__and,0.29532435982611543,Logistic Regression
text__diversity,0.2951958738247063,Logistic Regression
text__collaborating with,0.29516158674406406,Logistic Regression
text__onsite,0.29509011225233317,Logistic Regression
text__recruiter,0.29507204261127773,Logistic Regression
text__include,0.29495326653562803,Logistic Regression
text__management of,0.29489111583551103,Logistic Regression
text__across teams,0.29471987458031973,Logistic Regression
text__best practices,0.29470539277485863,Logistic Regression
text__staff,0.2946165612835406,Logistic Regression
text__time management,0.2943173652939789,Logistic Regression
text__means,0.2942726278272945,Logistic Regression
text__one of,0.29400442049131537,Logistic Regression
text__craft,0.293563115260483,Logistic Regression
text__less,0.29323918150040124,Logistic Regression
text__designed to,0.2932185968717154,Logistic Regression
text__link,0.2930601980466492,Logistic Regression
text__we believe,0.29290197955580355,Logistic Regression
text__to contribute,0.29252691399711317,Logistic Regression
text__friendly,0.29246863530323686,Logistic Regression
text__and internal,0.2917578843850955,Logistic Regression
text__to deliver,0.29172738965039463,Logistic Regression
text__für,0.29164036240215774,Logistic Regression
text__sell,0.29126430520997987,Logistic Regression
text__bank,0.2911475738552261,Logistic Regression
text__messaging,0.2911035304072975,Logistic Regression
text__specialist remote,0.2910337119452933,Logistic Regression
text__is plus,0.2909588355684325,Logistic Regression
text__partner closely,0.29070057434292973,Logistic Regression
text__regulatory compliance,0.2906375789989919,Logistic Regression
text__prioritization,0.2906153530620459,Logistic Regression
text__capability,0.2904244132298295,Logistic Regression
text__low,0.29001960152070716,Logistic Regression
text__skill,0.2898578996195141,Logistic Regression
text__you,0.28973371654691515,Logistic Regression
text__recurring,0.2896691454445236,Logistic Regression
text__harassment,0.28915797972354457,Logistic Regression
text__work life,0.28910413072774743,Logistic Regression
text__primary,0.2890911909709109,Logistic Regression
text__information about,0.2890803025487417,Logistic Regression
text__user,0.28907478188144303,Logistic Regression
text__and user,0.28879520885272014,Logistic Regression
text__assistance,0.28873435519232993,Logistic Regression
text__node,0.28849912258526733,Logistic Regression
text__works,0.2882367056548257,Logistic Regression
text__travel,0.2881959296566593,Logistic Regression
text__research and,0.2881564297628649,Logistic Regression
text__and develop,0.28805885444062784,Logistic Regression
text__enjoys,0.2879004581554091,Logistic Regression
text__applies,0.28779562824889793,Logistic Regression
text__discovery,0.287582095282736,Logistic Regression
text__and application,0.28753929746199514,Logistic Regression
text__product marketing,0.28720241253569,Logistic Regression
text__generative,0.2871943555043824,Logistic Regression
text__and project,0.2871435598632017,Logistic Regression
text__and growth,0.28712288301744365,Logistic Regression
text__accept,0.2868965216887675,Logistic Regression
text__brands,0.28686366735526575,Logistic Regression
text__rates,0.2867416502981096,Logistic Regression
text__into the,0.286732908692812,Logistic Regression
text__bei,0.28667603721045737,Logistic Regression
text__functional teams,0.2865330344635129,Logistic Regression
text__et,0.2863564121223523,Logistic Regression
text__interactions,0.2862525347245859,Logistic Regression
text__and leadership,0.28624200510470194,Logistic Regression
text__structure,0.28594020568853995,Logistic Regression
text__participates in,0.2855887609679572,Logistic Regression
text__minimal,0.2855786581666873,Logistic Regression
text__do,0.2854844212048486,Logistic Regression
text__contribution,0.2854817613560184,Logistic Regression
text__purchase,0.28519529830336515,Logistic Regression
text__needs,0.2851786212638652,Logistic Regression
text__quality and,0.28490534124992906,Logistic Regression
text__20 30,0.2842991302976554,Logistic Regression
text__associates,0.28405136661294256,Logistic Regression
text__networks,0.2838104166790826,Logistic Regression
text__government,0.2836748227439377,Logistic Regression
text__will help,0.28334523135684264,Logistic Regression
text__legally protected,0.2830734615780641,Logistic Regression
text__information please,0.28291759270456207,Logistic Regression
text__strong knowledge,0.28281784846525226,Logistic Regression
text__functional,0.28246997026007675,Logistic Regression
text__counsel,0.28236547963007474,Logistic Regression
text__recruiting,0.2822755426285107,Logistic Regression
text__worldwide,0.28226412169321263,Logistic Regression
text__packages,0.2822459434350506,Logistic Regression
text__create and,0.28214190790749616,Logistic Regression
text__ai engineer,0.281917239475182,Logistic Regression
text__regard to,0.28188195742679023,Logistic Regression
text__implementation,0.28186522748962795,Logistic Regression
text__dedicated to,0.28181527558831765,Logistic Regression
text__you may,0.2816865635801836,Logistic Regression
text__successfully,0.28160852615817245,Logistic Regression
text__do not,0.2813314283735161,Logistic Regression
text__to meet,0.28125473826524333,Logistic Regression
text__authorized,0.2809108290903768,Logistic Regression
text__produce,0.28089666215682263,Logistic Regression
text__supply chain,0.2804112199036988,Logistic Regression
text__embrace,0.2798528098631447,Logistic Regression
text__requests,0.27966368734551517,Logistic Regression
text__databases,0.2796234020400259,Logistic Regression
text__website,0.279411075733775,Logistic Regression
text__north,0.27935738870708404,Logistic Regression
text__improve,0.2792808419433724,Logistic Regression
text__private,0.27908556675993845,Logistic Regression
text__taking,0.27881898058047433,Logistic Regression
text__regarding,0.27848562568875623,Logistic Regression
text__to maintain,0.27839829446120234,Logistic Regression
text__mortgage,0.27823825915437783,Logistic Regression
text__support to,0.2778117095850562,Logistic Regression
text__experience supporting,0.27763255592760444,Logistic Regression
text__of employment,0.2775700357614178,Logistic Regression
text__kpis,0.2774017882011901,Logistic Regression
text__claude,0.27738433132700935,Logistic Regression
text__the design,0.2771959299742516,Logistic Regression
text__ahead,0.2771337187591916,Logistic Regression
text__relations,0.27711363678572,Logistic Regression
text__department,0.27683610213068305,Logistic Regression
text__mapping,0.276698743864406,Logistic Regression
text__microsoft,0.2766674252097034,Logistic Regression
text__workflows,0.2763468916658727,Logistic Regression
text__of paid,0.2762496500453497,Logistic Regression
text__america,0.2760748270781793,Logistic Regression
text__text,0.2758394477284032,Logistic Regression
text__someone,0.2756154559401182,Logistic Regression
text__auditor,0.27540669411189656,Logistic Regression
text__locations,0.27535823924472447,Logistic Regression
text__us and,0.2753517503148394,Logistic Regression
text__digital transformation,0.27533527991165585,Logistic Regression
text__clinical,0.2752224375358639,Logistic Regression
text__word,0.2750412015369121,Logistic Regression
text__manage multiple,0.2744100053792315,Logistic Regression
text__proud,0.2742863140463989,Logistic Regression
text__field,0.27426108283830736,Logistic Regression
text__be eligible,0.2741291966118838,Logistic Regression
text__of experience,0.27398870243704504,Logistic Regression
text__meetings and,0.27386956458287387,Logistic Regression
text__well being,0.27365637829627626,Logistic Regression
text__long term,0.273634435090424,Logistic Regression
text__maintenance,0.2734636375849629,Logistic Regression
text__statements,0.27329171106157985,Logistic Regression
text__channels,0.2732186715601835,Logistic Regression
text__the business,0.2730919023444777,Logistic Regression
text__die,0.2730656525725848,Logistic Regression
text__academic,0.27288639815133064,Logistic Regression
text__and support,0.27288187672056763,Logistic Regression
text__it is,0.2728615465262292,Logistic Regression
text__supply,0.2727088068338269,Logistic Regression
text__take ownership,0.27263475266045567,Logistic Regression
text__contribute to,0.2725742001999325,Logistic Regression
text__early,0.2725246066418241,Logistic Regression
text__facilities,0.27250457371520986,Logistic Regression
text__external,0.2724124858374766,Logistic Regression
text__to resolve,0.2723296313600889,Logistic Regression
text__oral,0.2721716012232938,Logistic Regression
text__to ensure,0.2720789596508887,Logistic Regression
text__is preferred,0.2719710156592706,Logistic Regression
text__acceptance,0.27193237679995347,Logistic Regression
text__business needs,0.27132634934484884,Logistic Regression
text__supported,0.27094636121073623,Logistic Regression
text__enhance,0.27068510826381786,Logistic Regression
text__will do,0.27050426150420864,Logistic Regression
text__education,0.27035645917283035,Logistic Regression
text__learn and,0.27033510870056177,Logistic Regression
text__keep,0.26987226256638314,Logistic Regression
text__operates,0.26974387889210466,Logistic Regression
text__directly to,0.2694788670832129,Logistic Regression
text__to influence,0.2692006414121886,Logistic Regression
text__join us,0.268817889448334,Logistic Regression
text__for details,0.2687661283514029,Logistic Regression
text__option,0.2683326525181297,Logistic Regression
text__ensuring,0.26825115820121087,Logistic Regression
text__partnership,0.2680487004837311,Logistic Regression
text__growth and,0.26794449483276384,Logistic Regression
text__show,0.2676394599738539,Logistic Regression
text__understand the,0.26743403472960203,Logistic Regression
text__culture and,0.2673909767842699,Logistic Regression
text__sustainability,0.2673632743172436,Logistic Regression
text__serves,0.2667846851367529,Logistic Regression
text__sql,0.26640490808641815,Logistic Regression
text__view,0.26627818740756803,Logistic Regression
text__meta,0.26609384099376227,Logistic Regression
text__tooling,0.26582656368257634,Logistic Regression
text__execution of,0.2654632705547838,Logistic Regression
text__career,0.2654112560616725,Logistic Regression
text__please complete,0.2653978803762438,Logistic Regression
text__experience as,0.26538203654952786,Logistic Regression
text__aws,0.26526271676110874,Logistic Regression
text__the ideal,0.26476354491592863,Logistic Regression
text__and inclusive,0.2646015224209985,Logistic Regression
text__to get,0.2644460609347956,Logistic Regression
text__background,0.26436598265973266,Logistic Regression
text__culture that,0.2642199415821849,Logistic Regression
text__that are,0.2640595089866158,Logistic Regression
text__this role,0.263919866992216,Logistic Regression
text__teamwork,0.26378605920720183,Logistic Regression
text__gender gender,0.2635307940791456,Logistic Regression
text__to complete,0.26345885841099925,Logistic Regression
text__forecasting,0.2629656083372177,Logistic Regression
text__upload resume,0.2628724298562769,Logistic Regression
text__management or,0.2627017712818644,Logistic Regression
text__not,0.26267876937032886,Logistic Regression
text__as part,0.26264987195255696,Logistic Regression
text__awareness,0.2621855940228041,Logistic Regression
text__new business,0.2620760262209866,Logistic Regression
text__sr,0.26183061356989795,Logistic Regression
text__around the,0.26172067829421497,Logistic Regression
text__inc,0.2615882804177879,Logistic Regression
text__visa,0.2613518016137192,Logistic Regression
text__the globe,0.2610177429445118,Logistic Regression
text__that can,0.2608883774740031,Logistic Regression
text__metrics,0.26085761384737993,Logistic Regression
text__partners and,0.26063823732920716,Logistic Regression
text__scientist,0.2604061605991221,Logistic Regression
text__clients,0.2601737317904665,Logistic Regression
text__company with,0.2601444715566157,Logistic Regression
text__senior product,0.2600941453697897,Logistic Regression
text__regard,0.2600258011925941,Logistic Regression
text__growth opportunities,0.2599880158418787,Logistic Regression
text__and global,0.2598088716085125,Logistic Regression
text__on their,0.25978624576748005,Logistic Regression
text__make an,0.25977180329648486,Logistic Regression
text__and new,0.2595448073654327,Logistic Regression
text__your own,0.2591940431568968,Logistic Regression
text__three,0.2591375351008373,Logistic Regression
text__give,0.2589687264024819,Logistic Regression
text__paid media,0.25868855870790525,Logistic Regression
text__organize,0.2586530189574057,Logistic Regression
text__to take,0.25859570406658133,Logistic Regression
text__and risk,0.25849068785963303,Logistic Regression
text__tuition,0.25828438615614985,Logistic Regression
text__love,0.2578543120837159,Logistic Regression
text__detail oriented,0.2576347224195234,Logistic Regression
text__backend engineer,0.2574660202909334,Logistic Regression
text__do you,0.25741456681296737,Logistic Regression
text__behind,0.2573686576346684,Logistic Regression
text__collaboration,0.25703651323694526,Logistic Regression
text__will work,0.2566279952785669,Logistic Regression
text__program manager,0.2565566378626612,Logistic Regression
text__what makes,0.25612125890644377,Logistic Regression
text__and industry,0.25527004783976553,Logistic Regression
text__proficiency,0.255117284353904,Logistic Regression
text__history,0.25501266516069676,Logistic Regression
text__impact and,0.2546362484890806,Logistic Regression
text__perspectives,0.25440419684683874,Logistic Regression
text__unable to,0.2539953083690652,Logistic Regression
text__troubleshoot,0.2534693478800687,Logistic Regression
text__and verbal,0.2533378070121761,Logistic Regression
text__supervision,0.25331249804536454,Logistic Regression
text__approved,0.2532371221826702,Logistic Regression
text__spending,0.25321727767880403,Logistic Regression
text__as trusted,0.2530548152943151,Logistic Regression
text__compliance,0.25294187923222167,Logistic Regression
text__accuracy,0.2525875237601522,Logistic Regression
text__interpersonal,0.2523244867478639,Logistic Regression
text__enabling,0.2520139031610935,Logistic Regression
text__science,0.25198698335228287,Logistic Regression
text__tools to,0.2517489817792011,Logistic Regression
text__of this,0.2516110891693217,Logistic Regression
text__without regard,0.25156358638303,Logistic Regression
text__required qualifications,0.2513362821411438,Logistic Regression
text__accessibility,0.25133520771191836,Logistic Regression
text__protocols,0.25130222699619437,Logistic Regression
text__stand,0.2512812243769534,Logistic Regression
text__stories,0.2511847658162728,Logistic Regression
text__problems and,0.25104971827364253,Logistic Regression
text__each,0.2510319460605227,Logistic Regression
text__applicable federal,0.2508089628114431,Logistic Regression
text__our customers,0.2504630108645542,Logistic Regression
text__models,0.24994758273243184,Logistic Regression
text__in san,0.24992682652330872,Logistic Regression
text__eligibility,0.24981745382215098,Logistic Regression
text__and personal,0.24972071223260942,Logistic Regression
text__directly with,0.2495753584765846,Logistic Regression
text__lifestyle,0.24947714300726193,Logistic Regression
text__meetings,0.24934797522600033,Logistic Regression
text__strong written,0.249201458250998,Logistic Regression
text__formal,0.24896472144764487,Logistic Regression
text__regulated,0.2489352246319857,Logistic Regression
text__least years,0.24881757006288688,Logistic Regression
text__can,0.24875065430893997,Logistic Regression
text__what we,0.24870873663780874,Logistic Regression
text__processing,0.24826642537643664,Logistic Regression
text__disability status,0.24821699403756423,Logistic Regression
text__age,0.24804805402680288,Logistic Regression
text__adherence to,0.24790412501235776,Logistic Regression
text__the global,0.24784511358823544,Logistic Regression
text__class,0.24765565254526511,Logistic Regression
text__pressure,0.24756624270034763,Logistic Regression
text__flows,0.24746712035552793,Logistic Regression
text__pre sales,0.24732769217327968,Logistic Regression
text__adobe,0.24732527156525036,Logistic Regression
text__entrepreneurial,0.24720075968282704,Logistic Regression
text__internal and,0.24709585394349956,Logistic Regression
text__worked,0.24686894596361758,Logistic Regression
text__absence,0.24675084225747249,Logistic Regression
text__best work,0.24669841036642123,Logistic Regression
text__rest,0.24627840757958608,Logistic Regression
text__the country,0.24594969260516433,Logistic Regression
text__to creating,0.24572952451533903,Logistic Regression
text__deployed,0.24572540891844208,Logistic Regression
text__oracle,0.24565748228016615,Logistic Regression
text__status sexual,0.24564988099739846,Logistic Regression
text__medical,0.2455195277757591,Logistic Regression
text__data governance,0.24540160345396955,Logistic Regression
text__solution,0.24497002153402003,Logistic Regression
text__action,0.24472083612007084,Logistic Regression
text__ecommerce,0.24467478600102707,Logistic Regression
text__accurately,0.24459508773851,Logistic Regression
text__other characteristic,0.24452051370980635,Logistic Regression
text__engineering teams,0.24432929475844065,Logistic Regression
text__submission,0.24432769592515818,Logistic Regression
text__responsible for,0.24428896779292386,Logistic Regression
text__continued,0.24402554271738158,Logistic Regression
text__someone who,0.2439856242282528,Logistic Regression
text__checks,0.24395662327120363,Logistic Regression
text__with business,0.2438926947440844,Logistic Regression
text__employees,0.24377361283983495,Logistic Regression
text__gaps,0.24372035142072598,Logistic Regression
text__team to,0.24358395320863893,Logistic Regression
text__backgrounds,0.24339420669471126,Logistic Regression
text__consultative,0.24285267835479324,Logistic Regression
text__senior,0.24264371920458824,Logistic Regression
text__identify and,0.24249273993904827,Logistic Regression
text__initiative,0.2423601353124306,Logistic Regression
text__telehealth,0.2421362987299314,Logistic Regression
text__term disability,0.24203297262210155,Logistic Regression
text__since,0.24195009941274626,Logistic Regression
text__broader,0.2417669360138532,Logistic Regression
text__hybrid,0.24134945856532844,Logistic Regression
text__be considered,0.24125762417230395,Logistic Regression
text__ai driven,0.24105322927669687,Logistic Regression
text__efficiency,0.24096343600368153,Logistic Regression
text__protocol,0.24095066680859667,Logistic Regression
text__advertising,0.24079630083377782,Logistic Regression
text__their,0.24077256757569815,Logistic Regression
text__judgment and,0.2406491203197232,Logistic Regression
text__where you,0.24052060258911834,Logistic Regression
text__responses,0.2404465482482152,Logistic Regression
text__zu,0.24040070710894204,Logistic Regression
text__platforms and,0.24024247526833103,Logistic Regression
text__responsible,0.23989075054522452,Logistic Regression
text__explain,0.23982167714781527,Logistic Regression
text__reliable,0.23972755579543684,Logistic Regression
text__start up,0.23877321928909231,Logistic Regression
text__powered,0.23861431200286579,Logistic Regression
text__environment with,0.23860581140491713,Logistic Regression
text__testing,0.23833268880973646,Logistic Regression
text__chain,0.23828931713862248,Logistic Regression
text__and execution,0.23823128270548746,Logistic Regression
text__with product,0.23800019512632747,Logistic Regression
text__related to,0.23795914986311145,Logistic Regression
text__role the,0.2379101811498438,Logistic Regression
text__authorized to,0.2378198996714215,Logistic Regression
text__performance,0.23779912098441802,Logistic Regression
text__rather than,0.23764211908479815,Logistic Regression
text__in one,0.23758767314870818,Logistic Regression
text__if,0.23711827063495014,Logistic Regression
text__spoken,0.2368854178694212,Logistic Regression
text__that will,0.23686514987838175,Logistic Regression
text__sexual,0.23674939958612506,Logistic Regression
text__assessments,0.23623577203476165,Logistic Regression
text__partnering,0.23562527514052856,Logistic Regression
text__product strategy,0.2355582196355865,Logistic Regression
text__mentorship,0.23532974801884413,Logistic Regression
text__head of,0.2352329450799435,Logistic Regression
text__where,0.23512789139830528,Logistic Regression
text__and driving,0.23502375177135662,Logistic Regression
text__to provide,0.2350148296742705,Logistic Regression
text__workspace,0.23488947209203132,Logistic Regression
text__sales team,0.23485821026069686,Logistic Regression
text__against,0.23479454070914765,Logistic Regression
text__technologies and,0.23466383426615436,Logistic Regression
text__ownership and,0.23447511389220083,Logistic Regression
text__solutions and,0.23444597889990718,Logistic Regression
text__employees are,0.2343417318341008,Logistic Regression
text__eine,0.23412374709727488,Logistic Regression
text__consultant senior,0.23407467738033896,Logistic Regression
text__growth marketing,0.233693858091664,Logistic Regression
text__and high,0.2335075332286127,Logistic Regression
text__working on,0.23343087588937023,Logistic Regression
text__inclusion,0.2333347094433115,Logistic Regression
text__the quality,0.2333260160523806,Logistic Regression
text__members,0.23325512892283423,Logistic Regression
text__personally,0.2331852965905577,Logistic Regression
text__remain,0.23305178824002026,Logistic Regression
text__sales account,0.23301918058112914,Logistic Regression
text__desirable,0.23300494729254034,Logistic Regression
text__level of,0.23291010347561028,Logistic Regression
text__inclusive,0.2328850140910933,Logistic Regression
text__our client,0.23285602923484264,Logistic Regression
text__demonstrated,0.2326104157413697,Logistic Regression
text__and in,0.23227241091495215,Logistic Regression
text__and production,0.23210763262848533,Logistic Regression
text__credentialing,0.23207056234752985,Logistic Regression
text__experience with,0.2317866618696999,Logistic Regression
text__type,0.23175786689772832,Logistic Regression
text__tailored,0.23171711929698993,Logistic Regression
text__level,0.23147099305582217,Logistic Regression
text__deep,0.2310859771164884,Logistic Regression
text__and engineering,0.23091980674070084,Logistic Regression
text__guidelines,0.23090917595760257,Logistic Regression
text__self motivated,0.23058078735467388,Logistic Regression
text__there,0.23053212658036612,Logistic Regression
text__strong experience,0.23049779788936745,Logistic Regression
text__all,0.23046862944210394,Logistic Regression
text__proactively,0.23046250055451478,Logistic Regression
text__employees and,0.230269571269756,Logistic Regression
text__internet,0.23001355827454828,Logistic Regression
text__and marketing,0.22986517159720898,Logistic Regression
text__efficient,0.22976500079814177,Logistic Regression
text__company,0.2296837574651216,Logistic Regression
text__parental leave,0.22965015032565417,Logistic Regression
text__the essential,0.22952270348171286,Logistic Regression
text__help us,0.22949011392605317,Logistic Regression
text__inspire,0.2294144370163809,Logistic Regression
text__implementations,0.22940519321217723,Logistic Regression
text__years experience,0.22933091249274512,Logistic Regression
text__occasionally,0.2290880330036196,Logistic Regression
text__nurse,0.22904113409672494,Logistic Regression
text__creative,0.2290312345013128,Logistic Regression
text__queries,0.22891291966101446,Logistic Regression
text__backgrounds and,0.22880864809944965,Logistic Regression
text__fair chance,0.2286685157406499,Logistic Regression
text__exceed,0.22863368180324456,Logistic Regression
text__conhecimento,0.2280451016902705,Logistic Regression
text__collaboration with,0.22797500484695515,Logistic Regression
text__and you,0.227648397724277,Logistic Regression
text__interested in,0.22735024780181298,Logistic Regression
text__profit,0.22727661656466155,Logistic Regression
text__winning,0.22705523114694834,Logistic Regression
text__solutions,0.22700163317330635,Logistic Regression
text__ideal,0.22682080909678207,Logistic Regression
text__apis and,0.22660412186872445,Logistic Regression
text__programming,0.22652429043152683,Logistic Regression
text__ancestry,0.2264268281902063,Logistic Regression
text__we are,0.22637801590314524,Logistic Regression
text__that values,0.2263776351048875,Logistic Regression
text__and delivering,0.2262957169520862,Logistic Regression
text__analyzing,0.22598596378745517,Logistic Regression
text__você,0.2258356195169865,Logistic Regression
text__required for,0.22556925114655843,Logistic Regression
text__background in,0.22542911722604772,Logistic Regression
text__ai interview,0.22508748235997722,Logistic Regression
text__are encouraged,0.22502427923164983,Logistic Regression
text__first,0.2247747765449639,Logistic Regression
text__and analytics,0.2246396014705423,Logistic Regression
text__consultants,0.22451922369998473,Logistic Regression
text__more about,0.2244601633449034,Logistic Regression
text__the people,0.22433053139913622,Logistic Regression
text__zone,0.2241864791740108,Logistic Regression
text__informed,0.22417988970037597,Logistic Regression
text__higher,0.22382335422147775,Logistic Regression
text__as needed,0.22359452788649697,Logistic Regression
text__ii,0.22339648501373355,Logistic Regression
text__by law,0.22302096836908838,Logistic Regression
text__with project,0.2227125782831792,Logistic Regression
text__looks like,0.22251338285911465,Logistic Regression
text__making,0.2222167292878584,Logistic Regression
text__in order,0.22217443037888499,Logistic Regression
text__will,0.22189196561059085,Logistic Regression
text__matters,0.22174655379036637,Logistic Regression
categorical__broad_category_Design,0.2216354547627027,Logistic Regression
text__the appropriate,0.22137121949707525,Logistic Regression
text__curiosity,0.22120573774674068,Logistic Regression
text__strategic account,0.22108147222959473,Logistic Regression
text__centers,0.22098723591954236,Logistic Regression
text__and follow,0.22084831565424076,Logistic Regression
text__to manage,0.22079353083549172,Logistic Regression
text__that support,0.2207835161929609,Logistic Regression
text__members and,0.22068985460853244,Logistic Regression
text__color religion,0.22047356539501684,Logistic Regression
text__point of,0.22024728459825754,Logistic Regression
text__social,0.21978423540893127,Logistic Regression
text__can be,0.21976009881946232,Logistic Regression
text__value,0.2196164279469748,Logistic Regression
text__be responsible,0.21954685168540716,Logistic Regression
text__cost,0.21945947471317384,Logistic Regression
text__contracting,0.2193942743637105,Logistic Regression
text__node js,0.2193893573667276,Logistic Regression
text__training and,0.21938434310443888,Logistic Regression
text__servicenow,0.21919944677355,Logistic Regression
text__extensive,0.2191186931974606,Logistic Regression
text__defining,0.2190000599844791,Logistic Regression
text__resources,0.21894871371490038,Logistic Regression
text__confident,0.21889425492636508,Logistic Regression
text__on our,0.21848495934353218,Logistic Regression
text__js,0.2181283839551902,Logistic Regression
text__contract compensation,0.21795872528070379,Logistic Regression
text__organizational,0.2178855109838156,Logistic Regression
text__material,0.217733564521709,Logistic Regression
text__navigating,0.2175426391213085,Logistic Regression
text__closely,0.21753742676596582,Logistic Regression
text__to join,0.21751796051706201,Logistic Regression
text__submit,0.21744390749270168,Logistic Regression
text__expertise and,0.21700709354888095,Logistic Regression
text__and external,0.21690078702973467,Logistic Regression
text__skills strong,0.21688775426669912,Logistic Regression
text__stakeholders,0.21688377847557186,Logistic Regression
text__artificial,0.21687119695754922,Logistic Regression
text__contractor,0.2167891947525523,Logistic Regression
text__modeling,0.2164559885250122,Logistic Regression
text__applications and,0.2164183556030125,Logistic Regression
text__professional,0.21609993110200063,Logistic Regression
text__york,0.21563503778075968,Logistic Regression
text__transactions,0.215633969532569,Logistic Regression
text__communications,0.21553458340173082,Logistic Regression
text__consumer,0.21551542464752027,Logistic Regression
text__engineer ai,0.2154846146966748,Logistic Regression
text__incident response,0.2150279705968185,Logistic Regression
text__consistent with,0.21497415556485097,Logistic Regression
text__mission to,0.2149737289781102,Logistic Regression
text__attorney,0.21494641267323922,Logistic Regression
text__event,0.21470156388372683,Logistic Regression
text__effectively,0.2144291094887957,Logistic Regression
text__implementation and,0.21439546806126897,Logistic Regression
text__contribute,0.21435461493101626,Logistic Regression
text__transaction,0.21429803084039295,Logistic Regression
text__new york,0.21422883699193163,Logistic Regression
text__of how,0.21399598978305065,Logistic Regression
text__performance metrics,0.21389656778526558,Logistic Regression
text__oversight,0.21378858204112597,Logistic Regression
text__and product,0.21373630425412443,Logistic Regression
text__general catalyst,0.21366109596549676,Logistic Regression
text__color national,0.21356621584349136,Logistic Regression
text__licensed,0.21348393330064833,Logistic Regression
text__une,0.2133784033339989,Logistic Regression
text__configuration,0.21335645438151934,Logistic Regression
text__of race,0.21327857723322927,Logistic Regression
text__support of,0.21308706694791682,Logistic Regression
text__you to,0.2126289276432252,Logistic Regression
text__looks,0.2125974572142086,Logistic Regression
text__point,0.2121620047007662,Logistic Regression
text__monitoring,0.2121228737562783,Logistic Regression
text__requirements and,0.21189064993447984,Logistic Regression
text__engine,0.21186317658513207,Logistic Regression
text__value and,0.21099726760028184,Logistic Regression
text__flexible spending,0.2108264002259757,Logistic Regression
text__in addition,0.21044071545984497,Logistic Regression
text__strong organizational,0.2102699885994641,Logistic Regression
text__excellent communication,0.2101719747007091,Logistic Regression
text__orientation gender,0.2099201961190888,Logistic Regression
text__and developing,0.20990837240660165,Logistic Regression
text__customers,0.20987530254234843,Logistic Regression
text__experience designing,0.20954911058924072,Logistic Regression
text__staffing,0.2094436974673569,Logistic Regression
text__work at,0.20927003432030056,Logistic Regression
text__verbal and,0.20926222887881427,Logistic Regression
text__discussions,0.20915793510890832,Logistic Regression
text__the customer,0.20903656048460337,Logistic Regression
text__and account,0.20882419389682738,Logistic Regression
text__infrastructure and,0.20859076785484826,Logistic Regression
text__strategy and,0.208546050371965,Logistic Regression
text__passion,0.20849241471555308,Logistic Regression
text__like,0.2084512473129243,Logistic Regression
text__lifecycle,0.20827235588155485,Logistic Regression
text__other duties,0.20822910698177616,Logistic Regression
text__total rewards,0.20805999608686207,Logistic Regression
text__revenue growth,0.20768295928372804,Logistic Regression
text__accountable for,0.20762957581029265,Logistic Regression
text__proficient,0.20743640837865643,Logistic Regression
text__big,0.2073928014677855,Logistic Regression
text__humana,0.207296619724578,Logistic Regression
numeric__publish_age_days,0.20711569399904828,Logistic Regression
text__territory,0.20664927607058192,Logistic Regression
text__pharmacy,0.20656760784560574,Logistic Regression
text__meet the,0.2062598749270776,Logistic Regression
text__team,0.20570896676255304,Logistic Regression
text__migration,0.20569848412998507,Logistic Regression
text__product and,0.20551364683811996,Logistic Regression
text__enhancements,0.2053729654185086,Logistic Regression
text__azure,0.20533242133421503,Logistic Regression
text__application steps,0.2052898923385928,Logistic Regression
text__clinical research,0.2049819215810201,Logistic Regression
text__an accommodation,0.20496162716396849,Logistic Regression
text__human,0.20485529205902053,Logistic Regression
text__integrations,0.20481490089254878,Logistic Regression
text__ll do,0.20481044442967603,Logistic Regression
text__with applicable,0.20461895358842214,Logistic Regression
text__patient,0.20453087673923698,Logistic Regression
text__technology,0.20446719449961093,Logistic Regression
text__clean,0.2043941016091059,Logistic Regression
text__adoption and,0.20415749262095073,Logistic Regression
text__insights,0.20411790761451262,Logistic Regression
text__cybersecurity,0.2040155032837187,Logistic Regression
text__review,0.20396645691912188,Logistic Regression
text__pro,0.20394611560281733,Logistic Regression
text__and can,0.20392533466355137,Logistic Regression
text__toward,0.20389453883901446,Logistic Regression
text__to market,0.203719100699191,Logistic Regression
text__proven track,0.20370252564881985,Logistic Regression
text__dados,0.20355036684187672,Logistic Regression
text__evaluate,0.203433992528685,Logistic Regression
text__it and,0.20317703102223433,Logistic Regression
text__analytics,0.20295529700202417,Logistic Regression
text__origin,0.20265288209804622,Logistic Regression
text__cross functionally,0.20261979010797,Logistic Regression
text__change management,0.2021166688192506,Logistic Regression
text__50,0.20203204905930902,Logistic Regression
text__companies,0.20201634454226147,Logistic Regression
text__and continuous,0.20197424869530872,Logistic Regression
text__scope,0.20189743633092871,Logistic Regression
text__our investors,0.20187776889337358,Logistic Regression
text__agreements,0.2018195544801768,Logistic Regression
categorical__broad_category_Other,0.20181002930404057,Logistic Regression
text__daily please,0.2017443857855729,Logistic Regression
text__and emerging,0.20158842921926587,Logistic Regression
text__day,0.20154053473960742,Logistic Regression
text__and market,0.20141523835505176,Logistic Regression
text__expectations,0.20131326620024562,Logistic Regression
text__software,0.20100295010397365,Logistic Regression
text__accenture,0.20088244729938895,Logistic Regression
text__of years,0.20087972416270605,Logistic Regression
text__analyses,0.2008723753889113,Logistic Regression
text__or more,0.20056434991073135,Logistic Regression
text__leaders,0.20049969300230014,Logistic Regression
text__lines,0.2004089354092712,Logistic Regression
text__professionally,0.20039273501170882,Logistic Regression
text__editing,0.20022724912392792,Logistic Regression
text__in all,0.200047530076276,Logistic Regression
text__and operations,0.2000070305117124,Logistic Regression
text__integrity and,0.1996970870280267,Logistic Regression
text__the broader,0.1992832878678622,Logistic Regression
text__team in,0.19903957478815534,Logistic Regression
text__design,0.1989818499917365,Logistic Regression
text__well,0.19896069020735346,Logistic Regression
text__creed,0.19882350705995086,Logistic Regression
text__living,0.1987761071944395,Logistic Regression
text__demand,0.1986763338167379,Logistic Regression
text__information and,0.1986426166461883,Logistic Regression
categorical__experience_level_primary_Director,0.19862367247174156,Logistic Regression
text__verbal,0.19862015169294864,Logistic Regression
text__simultaneously,0.19840766777195026,Logistic Regression
text__technical and,0.1983012417102345,Logistic Regression
text__our work,0.19821674874947992,Logistic Regression
text__excellent written,0.19811280428101385,Logistic Regression
text__regular,0.1980719487723872,Logistic Regression
text__number of,0.1980718049934828,Logistic Regression
categorical__broad_category_Operations,0.19802775922635918,Logistic Regression
text__leader in,0.19795203010817664,Logistic Regression
text__nursing,0.19790475933278417,Logistic Regression
text__and content,0.1978229072730105,Logistic Regression
text__und,0.1977487815821582,Logistic Regression
text__decision makers,0.19739304106970268,Logistic Regression
text__alignment,0.19722515569598856,Logistic Regression
text__team you,0.19715594336773737,Logistic Regression
text__features,0.19714589982185404,Logistic Regression
text__leaders and,0.1970713412025193,Logistic Regression
text__experience is,0.19701187733507927,Logistic Regression
text__environment where,0.19680634908775488,Logistic Regression
text__is not,0.1964813771395078,Logistic Regression
text__to move,0.19644204034391527,Logistic Regression
text__and or,0.1964056164094625,Logistic Regression
text__are an,0.19627636239531437,Logistic Regression
text__dependencies,0.19625200243385357,Logistic Regression
text__stage,0.19621965350660675,Logistic Regression
text__coverage,0.19618568338507178,Logistic Regression
text__such as,0.19606494475662148,Logistic Regression
text__end,0.19582527335349334,Logistic Regression
text__with high,0.19556856686420196,Logistic Regression
text__with us,0.1955081863189163,Logistic Regression
text__hard,0.19549953184853514,Logistic Regression
text__internet connection,0.1952232500041211,Logistic Regression
text__to achieve,0.1949282014637362,Logistic Regression
text__and competitive,0.1948579769681491,Logistic Regression
text__getting,0.1948302797769896,Logistic Regression
text__own,0.19466664075368084,Logistic Regression
text__capable,0.19458921185424063,Logistic Regression
text__partnership with,0.19452417784087944,Logistic Regression
text__submitted,0.19447635864486207,Logistic Regression
text__have experience,0.19442980455949638,Logistic Regression
text__work we,0.1941995398436481,Logistic Regression
text__met,0.19405247527687886,Logistic Regression
text__generative ai,0.19401548160973886,Logistic Regression
text__with sales,0.19387188929423138,Logistic Regression
text__at any,0.19375611893291955,Logistic Regression
text__business hours,0.19371461729845058,Logistic Regression
text__support your,0.19353993233309447,Logistic Regression
text__microsoft office,0.19353777165886918,Logistic Regression
text__to evaluate,0.19334849217628253,Logistic Regression
text__strong relationships,0.19324388407137708,Logistic Regression
text__investigate,0.19319402204684483,Logistic Regression
text__testing and,0.19309989931942378,Logistic Regression
text__excited,0.19308930300881036,Logistic Regression
text__domain,0.19303986938533393,Logistic Regression
text__information,0.19273068788163228,Logistic Regression
text__jack,0.19272197899688084,Logistic Regression
text__have an,0.19266178729787595,Logistic Regression
text__management experience,0.19264862715699307,Logistic Regression
text__military,0.19260756552217317,Logistic Regression
text__offer competitive,0.1922722438690507,Logistic Regression
text__administration,0.19216146311656776,Logistic Regression
text__school,0.1920922910592029,Logistic Regression
text__looking for,0.1917631168657228,Logistic Regression
text__opportunities and,0.1913730144592718,Logistic Regression
text__departments,0.1913338675814347,Logistic Regression
text__senior data,0.1911654751372331,Logistic Regression
text__root,0.19096224689568228,Logistic Regression
text__regulatory requirements,0.1908916094243234,Logistic Regression
text__experience using,0.19079374862496504,Logistic Regression
text__surface,0.1907092313539917,Logistic Regression
text__need to,0.1906370779408585,Logistic Regression
text__we want,0.1903649217267183,Logistic Regression
text__invest,0.19032790771893496,Logistic Regression
text__own the,0.19018026073166514,Logistic Regression
text__and grow,0.19011980759793284,Logistic Regression
text__fast paced,0.19011310089007344,Logistic Regression
text__liaison,0.18998526819332429,Logistic Regression
text__performed,0.1899353682517587,Logistic Regression
text__proud to,0.1898820740020037,Logistic Regression
text__professional and,0.1898763817516353,Logistic Regression
text__that the,0.18975193338153362,Logistic Regression
text__efforts,0.18969001282303158,Logistic Regression
text__six,0.18967160637386846,Logistic Regression
text__inclusive environment,0.18956340064765095,Logistic Regression
text__screening,0.18942666754280127,Logistic Regression
text__changing,0.1892965222048019,Logistic Regression
text__minimum years,0.18921556533288333,Logistic Regression
text__lead the,0.1891654004837105,Logistic Regression
text__team of,0.18912581046841667,Logistic Regression
text__portfolio of,0.18889220670142493,Logistic Regression
text__templates,0.18882690849953263,Logistic Regression
text__the product,0.18875615928126296,Logistic Regression
text__product management,0.18867558228888345,Logistic Regression
text__out,0.1886448085703349,Logistic Regression
text__week,0.18858238304713368,Logistic Regression
text__we operate,0.1884313337628307,Logistic Regression
text__statistical,0.18819475802640548,Logistic Regression
text__funding,0.18815602102544068,Logistic Regression
text__zero,0.18793647310606823,Logistic Regression
text__comfortable,0.18771957016914692,Logistic Regression
text__we build,0.18756654871413703,Logistic Regression
text__travel to,0.187509670877863,Logistic Regression
text__conferences,0.18743798521889907,Logistic Regression
text__execution,0.18726960176837,Logistic Regression
text__contact,0.18719743100344297,Logistic Regression
text__ux,0.18712765341583262,Logistic Regression
text__roadmap,0.18688507651353617,Logistic Regression
text__interpersonal skills,0.1868786760013183,Logistic Regression
text__rare,0.18676264311600102,Logistic Regression
text__reviews applications,0.18670068332817133,Logistic Regression
text__summers,0.18654994298635202,Logistic Regression
text__ship,0.1865466379165461,Logistic Regression
text__computer science,0.1863409006772631,Logistic Regression
text__follow up,0.18608649097302662,Logistic Regression
text__scale,0.18600170665047208,Logistic Regression
text__check for,0.18581151503101118,Logistic Regression
text__architecture and,0.1857331799503012,Logistic Regression
text__techniques,0.18572268819070023,Logistic Regression
text__software developer,0.18552311121528264,Logistic Regression
text__commerce,0.1854006319948145,Logistic Regression
text__creating,0.18530659271233724,Logistic Regression
text__independently and,0.1850640627874369,Logistic Regression
text__revenue,0.18491536772488695,Logistic Regression
text__verbal communication,0.18488298140697534,Logistic Regression
text__using ai,0.18484103492164985,Logistic Regression
text__knowledge,0.18459806964540632,Logistic Regression
text__mercor,0.18413764896464835,Logistic Regression
text__access and,0.18406594483361408,Logistic Regression
text__submit your,0.18391625574373646,Logistic Regression
text__devops,0.1838724119498479,Logistic Regression
text__office,0.18365997070892842,Logistic Regression
text__times,0.18365481475344136,Logistic Regression
text__and technical,0.18355466000174867,Logistic Regression
text__upload,0.1833114222831281,Logistic Regression
numeric__experience_year_max,0.18311366468593765,Logistic Regression
text__transfer,0.1830299624845137,Logistic Regression
text__record of,0.18279650385601715,Logistic Regression
text__represent,0.18278668248674526,Logistic Regression
text__investors include,0.1826999014138244,Logistic Regression
text__request,0.18267729764851454,Logistic Regression
text__local laws,0.18256238374566233,Logistic Regression
text__beyond,0.1817202905730435,Logistic Regression
text__technician,0.1817052958970153,Logistic Regression
text__api,0.18170011808432898,Logistic Regression
text__previous experience,0.18163125022210191,Logistic Regression
text__or,0.18152410886956055,Logistic Regression
text__personalized,0.1814576276981382,Logistic Regression
text__to bring,0.1813101371702386,Logistic Regression
text__center,0.18106864329460873,Logistic Regression
text__we encourage,0.1808544182425466,Logistic Regression
text__innovation and,0.18085066883618253,Logistic Regression
text__canada,0.1808061766579964,Logistic Regression
text__and all,0.1805769317169614,Logistic Regression
text__vice president,0.18057298358352553,Logistic Regression
text__orientation,0.1804630492679915,Logistic Regression
text__to know,0.18041673752545104,Logistic Regression
text__developer,0.18035428668500975,Logistic Regression
text__finance and,0.18029349862303995,Logistic Regression
text__team member,0.17997261774019577,Logistic Regression
text__accommodations,0.17992960491448914,Logistic Regression
text__when,0.1796711279133025,Logistic Regression
text__methodologies,0.17965797061258915,Logistic Regression
text__and time,0.17959248852844534,Logistic Regression
text__collaborative,0.17952461415395785,Logistic Regression
text__curriculum,0.1794178528217591,Logistic Regression
text__progress,0.17934117255606827,Logistic Regression
text__internal,0.1793064311797926,Logistic Regression
text__accommodation to,0.17928588580852228,Logistic Regression
text__navigate,0.1791509666541283,Logistic Regression
text__track,0.17913417814108876,Logistic Regression
text__are unable,0.17892601692006768,Logistic Regression
text__origin age,0.17891396638561488,Logistic Regression
text__and cross,0.1788710610816041,Logistic Regression
text__costs,0.17880652246894385,Logistic Regression
text__areas of,0.17861793817577126,Logistic Regression
text__peter,0.17844615625447346,Logistic Regression
text__deployment,0.17843073630779674,Logistic Regression
text__engineer,0.17834501696480595,Logistic Regression
text__strategic,0.17823897474820308,Logistic Regression
text__labs,0.17817368690671104,Logistic Regression
text__today,0.17812479144281207,Logistic Regression
text__scrum,0.17812149466784613,Logistic Regression
text__business operations,0.1780526345852627,Logistic Regression
text__cross functional,0.17802925927147076,Logistic Regression
text__milestones,0.1779401348807443,Logistic Regression
text__organized,0.17788598644313636,Logistic Regression
text__more information,0.177819390457337,Logistic Regression
text__thrive,0.17778862086256886,Logistic Regression
text__and on,0.17742649037092284,Logistic Regression
text__reviewer,0.17727245627680296,Logistic Regression
text__the highest,0.17681944138990316,Logistic Regression
text__skills in,0.17662134170592012,Logistic Regression
text__catalyst,0.1766117931032957,Logistic Regression
text__or support,0.1764791236900662,Logistic Regression
text__events,0.17646168128470038,Logistic Regression
text__maintain accurate,0.17614796696802648,Logistic Regression
text__role responsibilities,0.1759305043993404,Logistic Regression
text__benchmark,0.1758436733544917,Logistic Regression
text__storytelling,0.1757542811903895,Logistic Regression
text__databricks,0.1755634762288173,Logistic Regression
text__cv,0.17551131594399022,Logistic Regression
text__regulatory affairs,0.17529053700631106,Logistic Regression
text__opportunity originally,0.17522012570729859,Logistic Regression
text__records and,0.175141134827375,Logistic Regression
text__of all,0.17512348257562166,Logistic Regression
text__contributor,0.17504077915388008,Logistic Regression
text__apps,0.174964553281046,Logistic Regression
text__apply now,0.17493183977404886,Logistic Regression
text__similar,0.17487180315705902,Logistic Regression
text__einem,0.17486528732706055,Logistic Regression
text__solve,0.17441862044494086,Logistic Regression
text__lead and,0.1744180117384506,Logistic Regression
text__business outcomes,0.17404725920738012,Logistic Regression
text__house,0.1739778821747683,Logistic Regression
text__culture,0.17362988099836787,Logistic Regression
text__hands on,0.17349306418556162,Logistic Regression
text__work across,0.17297988947287826,Logistic Regression
text__yourself,0.17295939511506936,Logistic Regression
text__above,0.17283361877159747,Logistic Regression
text__critical,0.17265835697575785,Logistic Regression
text__career development,0.17262181863882867,Logistic Regression
text__balancing,0.17239472791181779,Logistic Regression
text__values,0.1721770120645835,Logistic Regression
text__educational,0.1721724533425737,Logistic Regression
text__stack engineer,0.17211669540190644,Logistic Regression
categorical__broad_category_Legal,0.1720982080351188,Logistic Regression
text__know,0.17201600109382656,Logistic Regression
text__our core,0.17197365530371278,Logistic Regression
text__fun,0.17192960437774882,Logistic Regression
text__to translate,0.17185344469510064,Logistic Regression
text__was,0.17164395545562774,Logistic Regression
text__deployments,0.17162528158757887,Logistic Regression
text__with engineering,0.17161048728729628,Logistic Regression
text__the employee,0.1715110661596932,Logistic Regression
text__functionally,0.171377282092503,Logistic Regression
text__so,0.17134991013157028,Logistic Regression
text__na,0.17120227503533558,Logistic Regression
text__equal employment,0.1707366770288595,Logistic Regression
text__supplier,0.1706202516819017,Logistic Regression
numeric__experience_year_min,0.17036797172768361,Logistic Regression
text__nature,0.16973720649398083,Logistic Regression
text__and our,0.16968617652309087,Logistic Regression
text__needed to,0.1696669657739607,Logistic Regression
text__life,0.1695955100622696,Logistic Regression
text__in healthcare,0.1693005439511814,Logistic Regression
text__and procedures,0.16925244201709985,Logistic Regression
text__premium,0.16922791696940678,Logistic Regression
text__power,0.16914717650058503,Logistic Regression
text__inbound,0.16910473635603357,Logistic Regression
text__strong,0.16873699110585763,Logistic Regression
text__gtm,0.16871971592466342,Logistic Regression
text__life and,0.16849260563946203,Logistic Regression
text__our commitment,0.16836863765231633,Logistic Regression
text__architects,0.16834494883434112,Logistic Regression
text__necessary,0.16831441005132508,Logistic Regression
text__vice,0.16828719054015454,Logistic Regression
text__empowering,0.1679212340215264,Logistic Regression
text__den,0.1676439111147901,Logistic Regression
text__detailed,0.16735103267163212,Logistic Regression
text__equipment,0.1672526272039614,Logistic Regression
text__offers,0.16715000386012976,Logistic Regression
text__zur,0.16694951917791992,Logistic Regression
text__and post,0.1668573231466581,Logistic Regression
text__high school,0.16685356398443157,Logistic Regression
text__have access,0.16681003500039707,Logistic Regression
text__kind,0.1667434750630913,Logistic Regression
text__recommend,0.16668931490908906,Logistic Regression
text__qualifications must,0.16660679915460455,Logistic Regression
text__collaborate with,0.16658296131960265,Logistic Regression
text__type contract,0.16645558133777918,Logistic Regression
text__let,0.1663515989803964,Logistic Regression
text__sie,0.1659185549388046,Logistic Regression
text__collaborating,0.16584035677126727,Logistic Regression
text__entire,0.16568972192712636,Logistic Regression
text__demonstrates,0.16556238573601018,Logistic Regression
text__non,0.1655581515517032,Logistic Regression
text__paced,0.16539904472861663,Logistic Regression
text__owner,0.16521387171861573,Logistic Regression
text__applications daily,0.16508821053873923,Logistic Regression
text__focused on,0.16508746459822832,Logistic Regression
text__public,0.16497111113083332,Logistic Regression
text__confidence,0.16476855437548943,Logistic Regression
text__care and,0.16473185419124822,Logistic Regression
text__please check,0.16467812140686705,Logistic Regression
text__supporting,0.1646654649408873,Logistic Regression
text__francisco our,0.1645392477100712,Logistic Regression
text__ps our,0.1645392477100712,Logistic Regression
text__any help,0.1645392477100712,Logistic Regression
text__jack dorsey,0.1645392477100712,Logistic Regression
text__connects elite,0.1645392477100712,Logistic Regression
text__summers and,0.1645392477100712,Logistic Regression
text__job mercor,0.1645392477100712,Logistic Regression
text__catalyst peter,0.1645392477100712,Logistic Regression
text__thiel adam,0.1645392477100712,Logistic Regression
text__angelo larry,0.1645392477100712,Logistic Regression
text__thiel,0.1645392477100712,Logistic Regression
text__angelo,0.1645392477100712,Logistic Regression
text__include benchmark,0.1645392477100712,Logistic Regression
text__platform information,0.1645392477100712,Logistic Regression
text__to ps,0.1645392477100712,Logistic Regression
text__peter thiel,0.1645392477100712,Logistic Regression
text__adam angelo,0.1645392477100712,Logistic Regression
text__larry,0.1645392477100712,Logistic Regression
text__benchmark general,0.1645392477100712,Logistic Regression
text__and jack,0.1645392477100712,Logistic Regression
text__elite creative,0.1645392477100712,Logistic Regression
text__larry summers,0.1645392477100712,Logistic Regression
text__mercor connects,0.1645392477100712,Logistic Regression
text__dorsey,0.1645392477100712,Logistic Regression
text__dorsey position,0.1645392477100712,Logistic Regression
text__labs headquartered,0.1645392477100712,Logistic Regression
text__protected by,0.16437877991191283,Logistic Regression
text__sexual orientation,0.1643529484917226,Logistic Regression
text__color,0.16435044698033463,Logistic Regression
text__pages,0.16418819490382083,Logistic Regression
text__controls,0.16411184095393608,Logistic Regression
text__patients and,0.16399679495525468,Logistic Regression
text__la,0.16384120283500817,Logistic Regression
text__focus,0.16371458379417886,Logistic Regression
text__affirmative action,0.16366112950559214,Logistic Regression
text__for employment,0.1636375271915708,Logistic Regression
text__skills ability,0.16348594482452758,Logistic Regression
text__vendors,0.16338539290077345,Logistic Regression
text__and design,0.16338132274630657,Logistic Regression
text__your ai,0.1631740884465511,Logistic Regression
text__engaging,0.16313599055354083,Logistic Regression
text__familiarity,0.16306790878292132,Logistic Regression
text__and technology,0.16300597826693766,Logistic Regression
text__think,0.1629775270934961,Logistic Regression
text__presentation,0.16261137392085942,Logistic Regression
text__ask,0.16258644855584875,Logistic Regression
text__or other,0.1622306560499517,Logistic Regression
text__national origin,0.16222342449371638,Logistic Regression
text__capabilities,0.1621234281014682,Logistic Regression
text__and services,0.16206014120111326,Logistic Regression
text__ci,0.1619724519068661,Logistic Regression
text__and problem,0.16186860856930083,Logistic Regression
text__troubleshooting,0.16173805274814484,Logistic Regression
text__details,0.16141593578560917,Logistic Regression
text__version,0.16135327575111244,Logistic Regression
text__due,0.16132586260081383,Logistic Regression
text__policies,0.16113740234211657,Logistic Regression
text__and supporting,0.16089642819841918,Logistic Regression
text__serving,0.16072494802038986,Logistic Regression
text__program and,0.16070921576913422,Logistic Regression
text__rights,0.16070026275021748,Logistic Regression
text__relationship management,0.16057211455524487,Logistic Regression
text__builds,0.1605297511816262,Logistic Regression
text__and operational,0.16042624905911998,Logistic Regression
text__measurable,0.16039212050949436,Logistic Regression
text__usa,0.16021014657032043,Logistic Regression
text__steps to,0.16019556326649753,Logistic Regression
text__assist,0.16012458374261962,Logistic Regression
text__not be,0.16012408103610384,Logistic Regression
text__timelines,0.15988070712009714,Logistic Regression
text__representative,0.15985499751593654,Logistic Regression
text__pour,0.15974530303918544,Logistic Regression
text__actions,0.15963995940654305,Logistic Regression
text__package,0.15954714090227226,Logistic Regression
text__and reporting,0.15946018228185094,Logistic Regression
text__involving,0.1590688148825832,Logistic Regression
text__translate,0.15892919445139125,Logistic Regression
text__you bring,0.15888317497289592,Logistic Regression
text__capacity,0.1587568769344385,Logistic Regression
text__sourcing,0.1586345403743142,Logistic Regression
text__re looking,0.15851506010683472,Logistic Regression
text__millions of,0.15851037058910142,Logistic Regression
text__manage,0.1584521430127855,Logistic Regression
text__to all,0.15834514735237237,Logistic Regression
text__limited,0.15817411315764784,Logistic Regression
text__affirmative,0.15798643016423897,Logistic Regression
text__cross,0.15790065589841706,Logistic Regression
text__strategies and,0.15785060473523324,Logistic Regression
text__deep expertise,0.1578114545656312,Logistic Regression
text__procedures and,0.15745223658346472,Logistic Regression
text__sex sexual,0.15740499355987828,Logistic Regression
text__issues and,0.15727791108149883,Logistic Regression
text__ps,0.15726547620482353,Logistic Regression
text__coach,0.15720722900420708,Logistic Regression
text__must have,0.15719982136593308,Logistic Regression
text__leaves,0.15696797786068228,Logistic Regression
text__and lead,0.15665570975585877,Logistic Regression
text__key,0.15657977124619146,Logistic Regression
text__enough,0.15616756800146178,Logistic Regression
text__share,0.1561097627391258,Logistic Regression
text__events and,0.15610932573130848,Logistic Regression
text__team reviews,0.1560478562787846,Logistic Regression
text__non technical,0.1559592458662387,Logistic Regression
text__track record,0.15583748662484734,Logistic Regression
text__product development,0.15532179039884994,Logistic Regression
text__comprehensive,0.15523856184288065,Logistic Regression
text__veteran status,0.15511008091781645,Logistic Regression
text__million,0.15498544062735556,Logistic Regression
text__business and,0.15489647679465998,Logistic Regression
text__concepts,0.1548739647214454,Logistic Regression
text__refine,0.15456031139605608,Logistic Regression
text__instructional,0.15440460369566297,Logistic Regression
text__2026,0.1543397427267693,Logistic Regression
text__washington,0.1536337136935847,Logistic Regression
text__acumen,0.15326883153191476,Logistic Regression
text__been,0.1532201934889645,Logistic Regression
text__the same,0.15314017348310668,Logistic Regression
text__driven,0.153084624539587,Logistic Regression
text__with senior,0.15286445459511247,Logistic Regression
text__authorization,0.15264985372493228,Logistic Regression
text__minimum of,0.1525762101573451,Logistic Regression
text__willing,0.15250315131963263,Logistic Regression
text__engineer to,0.1524672631831666,Logistic Regression
text__identifies,0.15243259329502112,Logistic Regression
text__race color,0.15242855088164275,Logistic Regression
text__instagram,0.1524174890708215,Logistic Regression
text__with focus,0.15238627170908597,Logistic Regression
text__job is,0.1523452756072099,Logistic Regression
text__to business,0.15232235323928875,Logistic Regression
text__incident,0.15182457869861452,Logistic Regression
text__levels,0.15173867118289502,Logistic Regression
text__just,0.1516210085608665,Logistic Regression
text__your team,0.1514697931424605,Logistic Regression
text__interpret,0.15138440613292933,Logistic Regression
text__continue,0.15126416373499926,Logistic Regression
text__identity national,0.1511157781164236,Logistic Regression
text__mid,0.15097485855858067,Logistic Regression
text__paid holidays,0.15096877031100714,Logistic Regression
text__is global,0.15069455040059615,Logistic Regression
text__completed,0.15047292939398313,Logistic Regression
text__exposure to,0.15042706274069786,Logistic Regression
text__pricing,0.1500547532379215,Logistic Regression
text__traditional,0.14998073252050362,Logistic Regression
text__intake,0.14984213781752231,Logistic Regression
text__audit,0.14979638500516307,Logistic Regression
text__addition to,0.14979340737903055,Logistic Regression
text__the future,0.14963867288606003,Logistic Regression
text__reviewed,0.14952568913442274,Logistic Regression
text__cultural,0.14943223006764297,Logistic Regression
text__and clinical,0.14938489132144328,Logistic Regression
text__click here,0.14936487636312004,Logistic Regression
text__assistance program,0.14928911617910867,Logistic Regression
text__setting,0.14896150769654107,Logistic Regression
text__discriminate,0.1489034699265819,Logistic Regression
text__move,0.14848826709432197,Logistic Regression
text__exceptional,0.14809130733296783,Logistic Regression
text__phone,0.14799695221941217,Logistic Regression
text__documented,0.14791995607130307,Logistic Regression
text__workshops,0.14787883825421655,Logistic Regression
text__makers,0.1478026346255416,Logistic Regression
text__fit,0.14774405934266807,Logistic Regression
text__how to,0.14768133944129458,Logistic Regression
text__you need,0.14767920015848535,Logistic Regression
text__seamless,0.14766706404576227,Logistic Regression
text__best,0.1475319914204617,Logistic Regression
text__and accountability,0.14748131148679497,Logistic Regression
text__us to,0.14745866449719233,Logistic Regression
text__complex technical,0.14728592894917927,Logistic Regression
text__every,0.1470404543587652,Logistic Regression
text__offering,0.14703123527634293,Logistic Regression
text__impact,0.14631042009809495,Logistic Regression
text__and scale,0.14620526315837337,Logistic Regression
text__now,0.14615246624853115,Logistic Regression
text__cause,0.1461328921164303,Logistic Regression
text__systems that,0.14588031071318422,Logistic Regression
text__engineering or,0.14579196154260793,Logistic Regression
text__we welcome,0.14568801111831448,Logistic Regression
text__client services,0.1456359027814432,Logistic Regression
text__to communicate,0.14562372246687796,Logistic Regression
text__for an,0.1455725363899418,Logistic Regression
text__federal,0.14555184654590583,Logistic Regression
text__rapidly,0.14540362858160125,Logistic Regression
text__stakeholder,0.14516941497101496,Logistic Regression
text__advocate,0.1450558087920806,Logistic Regression
text__believe in,0.14462808715329303,Logistic Regression
text__aus,0.14457469835620462,Logistic Regression
text__more,0.14409255200789278,Logistic Regression
text__customer support,0.1440912486477329,Logistic Regression
text__ownership of,0.1440756390904066,Logistic Regression
text__nice,0.14395933136953787,Logistic Regression
text__administrative,0.14394831347617404,Logistic Regression
text__fee,0.14380530074905173,Logistic Regression
text__primarily,0.14373735302472312,Logistic Regression
text__product engineering,0.14371897429534744,Logistic Regression
text__cd pipelines,0.14361301429109988,Logistic Regression
text__the right,0.14330030819507658,Logistic Regression
text__screen,0.14299919350748239,Logistic Regression
text__due to,0.1427190183117164,Logistic Regression
text__and with,0.14254826807658033,Logistic Regression
text__and business,0.14254083775543594,Logistic Regression
text__off,0.142413220541161,Logistic Regression
text__to effectively,0.1423838474932628,Logistic Regression
text__least one,0.14203715787341697,Logistic Regression
text__to do,0.14198800051091323,Logistic Regression
text__large,0.14192827883390607,Logistic Regression
text__software and,0.1419053245590453,Logistic Regression
text__in der,0.14176729065522758,Logistic Regression
text__equal,0.1416333715019357,Logistic Regression
text__reporting,0.1415445022715363,Logistic Regression
text__sales representative,0.1414308510143183,Logistic Regression
text__is highly,0.14126851448495062,Logistic Regression
text__payment,0.14105214327928045,Logistic Regression
text__business intelligence,0.14092089754755777,Logistic Regression
text__duties and,0.14069964912924807,Logistic Regression
text__resources support,0.1406718224521421,Logistic Regression
text__depth,0.1406356871535214,Logistic Regression
text__pride,0.140260788924905,Logistic Regression
text__want,0.14001448263005598,Logistic Regression
text__reasonable accommodations,0.13996097515414666,Logistic Regression
text__laws,0.13966222754457747,Logistic Regression
text__to lead,0.13916468294701392,Logistic Regression
text__code,0.13914129957100166,Logistic Regression
text__team the,0.13881571625052821,Logistic Regression
text__programs and,0.1387051856054475,Logistic Regression
text__look,0.13858085792841174,Logistic Regression
text__customer experience,0.13856742168115027,Logistic Regression
text__in,0.13846813182100493,Logistic Regression
text__backend development,0.1383860447435136,Logistic Regression
text__assigned,0.13825771034494588,Logistic Regression
text__live,0.13814278135721178,Logistic Regression
categorical__broad_category_Healthcare,0.13812019698279096,Logistic Regression
text__deep understanding,0.13809541947041448,Logistic Regression
text__engage,0.13781964295131274,Logistic Regression
text__interview process,0.13778432595654344,Logistic Regression
text__modern,0.13738598537936494,Logistic Regression
text__collaboratively,0.13731666675963664,Logistic Regression
text__over the,0.1373104048676877,Logistic Regression
text__analytical,0.1371876238220423,Logistic Regression
text__security engineer,0.13714216399329246,Logistic Regression
text__eeo,0.1367746183101301,Logistic Regression
text__self,0.13674198147789018,Logistic Regression
text__connections,0.13643924149695053,Logistic Regression
text__we help,0.1361374684097903,Logistic Regression
text__budget,0.1360961175335828,Logistic Regression
text__needs of,0.13607336689402244,Logistic Regression
text__b2b,0.13594046679821808,Logistic Regression
text__certain,0.1358314200410463,Logistic Regression
text__combination,0.13573951940819048,Logistic Regression
text__to,0.13559326562893578,Logistic Regression
text__conviction,0.13547369085667982,Logistic Regression
text__with customers,0.13542840446860302,Logistic Regression
text__player,0.135361812416829,Logistic Regression
text__en,0.13535055053931438,Logistic Regression
text__status as,0.13534575104655455,Logistic Regression
text__and decision,0.13529958586440544,Logistic Regression
text__accuracy and,0.13511748408156524,Logistic Regression
text__the,0.13507016740377023,Logistic Regression
text__company match,0.13502328395028082,Logistic Regression
text__help or,0.13481980875619543,Logistic Regression
text__innovate,0.13480772422348414,Logistic Regression
text__flexible work,0.13471390711887413,Logistic Regression
text__fast moving,0.1347099812546508,Logistic Regression
text__to develop,0.13458282140255448,Logistic Regression
text__study,0.13449077675091783,Logistic Regression
text__es,0.13447534691432664,Logistic Regression
text__technical talent,0.13436428379436802,Logistic Regression
text__methods,0.13426383607531875,Logistic Regression
text__agency,0.13417641763976726,Logistic Regression
text__professional growth,0.13405015969149034,Logistic Regression
text__or in,0.13370885770984595,Logistic Regression
text__also,0.13363682041987904,Logistic Regression
text__marital status,0.13358653181529587,Logistic Regression
text__ongoing,0.1335394288484946,Logistic Regression
text__qualifications years,0.13323018864211436,Logistic Regression
text__operations,0.13314521307003585,Logistic Regression
text__combine,0.13301661731595496,Logistic Regression
text__addition,0.1330144262200352,Logistic Regression
text__am,0.13299356813626442,Logistic Regression
text__el,0.13279506184107462,Logistic Regression
text__and use,0.13255892769348848,Logistic Regression
text__building the,0.13247492800738161,Logistic Regression
text__ui,0.1324695861502809,Logistic Regression
text__familiarity with,0.13245828119922626,Logistic Regression
text__something,0.13240084070190242,Logistic Regression
text__and process,0.13233072150534883,Logistic Regression
text__inform,0.13218623394694703,Logistic Regression
text__and its,0.13156150285216098,Logistic Regression
text__science or,0.13128880502032642,Logistic Regression
text__clinical data,0.13115538905376012,Logistic Regression
text__we also,0.13105364455805948,Logistic Regression
text__result,0.13072064419449686,Logistic Regression
text__identity,0.13071701063783486,Logistic Regression
text__veterans,0.13065659069144353,Logistic Regression
text__organized and,0.1306331776190082,Logistic Regression
text__qualified applicants,0.13023621923073653,Logistic Regression
text__to building,0.1300015128438419,Logistic Regression
text__devices,0.1297810452480709,Logistic Regression
text__security,0.12958891452964158,Logistic Regression
text__architect,0.12949054440125882,Logistic Regression
text__business objectives,0.1294823377400722,Logistic Regression
text__deals,0.12930141271253526,Logistic Regression
text__establish,0.12921490720463658,Logistic Regression
text__right,0.12917068111786784,Logistic Regression
text__required years,0.12907383441025425,Logistic Regression
text__face,0.12887197584536822,Logistic Regression
text__be required,0.1287271610449171,Logistic Regression
text__research labs,0.12870875038829183,Logistic Regression
text__small,0.12859213609080308,Logistic Regression
text__manages,0.1285697831254841,Logistic Regression
text__process and,0.12851358761342874,Logistic Regression
text__environments,0.1285013925002966,Logistic Regression
text__enablement,0.1284526989200071,Logistic Regression
text__stack,0.1283853502145891,Logistic Regression
text__wir,0.12827418484490483,Logistic Regression
text__and enterprise,0.12818642250622342,Logistic Regression
text__senior manager,0.12810716127909907,Logistic Regression
text__contact center,0.12809253280157035,Logistic Regression
text__valuable,0.12792437613755184,Logistic Regression
text__integrating,0.12756820356087953,Logistic Regression
text__local,0.12743688334618905,Logistic Regression
text__serves as,0.1273817834003217,Logistic Regression
text__or any,0.12719710115900942,Logistic Regression
text__discrimination,0.12711385821216775,Logistic Regression
text__paced environment,0.12710405747505601,Logistic Regression
text__in computer,0.12704649063645013,Logistic Regression
text__physician,0.1269616161684603,Logistic Regression
text__relationship,0.12689926468526233,Logistic Regression
text__treatment,0.1268749617984337,Logistic Regression
text__supports,0.1267651678606846,Logistic Regression
text__tasks and,0.12667012305411054,Logistic Regression
text__communicating,0.12660186734804585,Logistic Regression
text__unit,0.12637095033915485,Logistic Regression
text__sales experience,0.1263290830903103,Logistic Regression
text__areas,0.12592036438128099,Logistic Regression
text__single,0.12581439190080299,Logistic Regression
text__cro,0.12554142130761933,Logistic Regression
text__shape the,0.12535035612716325,Logistic Regression
text__requirement,0.12524829496347642,Logistic Regression
categorical__experience_level_primary_Manager,0.1251607587104396,Logistic Regression
text__sure,0.12512275880900917,Logistic Regression
text__preparing,0.12474666542287995,Logistic Regression
text__are passionate,0.12462389692035276,Logistic Regression
text__visibility,0.12450645846201112,Logistic Regression
text__con,0.12446197153324291,Logistic Regression
text__team and,0.12445242920274463,Logistic Regression
text__other protected,0.12434075463951579,Logistic Regression
text__customer facing,0.12416569555491713,Logistic Regression
text__statement,0.1238449114399151,Logistic Regression
text__multiple,0.12384115323144312,Logistic Regression
text__complete,0.12376110211521202,Logistic Regression
text__applicants,0.12369066989361224,Logistic Regression
text__analyze,0.12352460773688148,Logistic Regression
text__typical,0.12345221952740655,Logistic Regression
text__chief,0.1234343756061514,Logistic Regression
text__both,0.12333713849388127,Logistic Regression
text__and compliance,0.1233056147799273,Logistic Regression
text__to improve,0.12323204308789146,Logistic Regression
text__and strong,0.1229844445859115,Logistic Regression
text__fortune,0.12281282646651011,Logistic Regression
text__marital,0.12269138048547411,Logistic Regression
text__dynamic,0.12259144456894241,Logistic Regression
text__engineer senior,0.12257756745945532,Logistic Regression
text__volunteer,0.12248409350694017,Logistic Regression
text__conversion,0.12241168222085513,Logistic Regression
text__leadership,0.12224839244798313,Logistic Regression
text__reports to,0.12216690131682467,Logistic Regression
text__for any,0.12213295589197443,Logistic Regression
text__the status,0.12177286704244787,Logistic Regression
text__that improve,0.12171725184906683,Logistic Regression
text__cloud infrastructure,0.12165251543710046,Logistic Regression
text__develop and,0.12162404572349958,Logistic Regression
text__building,0.12161130969621706,Logistic Regression
text__work is,0.12157517215422596,Logistic Regression
text__and analysis,0.12152225378691943,Logistic Regression
text__work to,0.12151120818998859,Logistic Regression
text__commitment,0.12134284187113907,Logistic Regression
text__we will,0.12100082149131847,Logistic Regression
text__in house,0.1209489358305086,Logistic Regression
text__still,0.12083111320363957,Logistic Regression
text__engagement and,0.12065265538776035,Logistic Regression
text__visit,0.1205699163974163,Logistic Regression
text__matter expert,0.12046045195990543,Logistic Regression
text__proficiency in,0.12045678245585788,Logistic Regression
categorical__broad_category_Education,0.1203889503986674,Logistic Regression
text__instructions,0.12036931858389556,Logistic Regression
text__policies and,0.1200087449901974,Logistic Regression
text__real,0.11997365757481293,Logistic Regression
text__and skills,0.1199593180764242,Logistic Regression
text__balance,0.11994063527243104,Logistic Regression
text__graphic,0.11985999908161127,Logistic Regression
text__in high,0.11985183568519132,Logistic Regression
text__solutions architect,0.11965205458721806,Logistic Regression
text__to identify,0.11950245373173997,Logistic Regression
text__applicants with,0.11927962684696664,Logistic Regression
text__our mission,0.11895876220852088,Logistic Regression
text__certifications,0.1187289988946458,Logistic Regression
text__apply to,0.11853550176751436,Logistic Regression
text__and translate,0.11841750716854833,Logistic Regression
text__active,0.1184094577963668,Logistic Regression
text__empowered,0.11826159814332987,Logistic Regression
text__aware,0.11824257966884255,Logistic Regression
text__role is,0.11799056299431193,Logistic Regression
text__accepted,0.11791462557862338,Logistic Regression
text__participation,0.117577917950774,Logistic Regression
text__10 years,0.11740214002454913,Logistic Regression
text__reliability,0.11730338600497728,Logistic Regression
text__and best,0.1172901811303598,Logistic Regression
text__integrated,0.11693302546760308,Logistic Regression
text__north america,0.11667447178482962,Logistic Regression
text__will lead,0.11665659058252285,Logistic Regression
text__access,0.11617606175024064,Logistic Regression
text__dans,0.1161552109569591,Logistic Regression
text__advancement,0.11607940290215853,Logistic Regression
text__by,0.1157766271220427,Logistic Regression
text__an impact,0.11544877954363716,Logistic Regression
text__automate,0.11543694897417428,Logistic Regression
text__either,0.11536816324485896,Logistic Regression
categorical__broad_category_Customer Service,0.11521787899031571,Logistic Regression
text__dich,0.11518049821254962,Logistic Regression
text__data center,0.11506907836148536,Logistic Regression
text__identity or,0.11480725114306262,Logistic Regression
text__mission,0.1146037193171711,Logistic Regression
text__utilizing,0.11453347806454736,Logistic Regression
text__dashboards,0.11439223361933853,Logistic Regression
text__project manager,0.11423303400408832,Logistic Regression
text__rewards,0.1142287137674637,Logistic Regression
text__bring,0.11417820689721808,Logistic Regression
text__payroll,0.11412520114087477,Logistic Regression
text__you are,0.11408832156732084,Logistic Regression
text__autonomy,0.11385261586788446,Logistic Regression
text__calling,0.11379058341384568,Logistic Regression
text__confirm,0.11374347867406724,Logistic Regression
text__creator,0.11373948798489235,Logistic Regression
text__utilize,0.113566336274306,Logistic Regression
text__to perform,0.11338692603154658,Logistic Regression
text__data to,0.11336794023645133,Logistic Regression
text__opportunity for,0.1130719771542222,Logistic Regression
text__will receive,0.11273746657634673,Logistic Regression
text__existing,0.11265467625230627,Logistic Regression
text__therapeutic,0.11246419857520443,Logistic Regression
text__together we,0.11228073130754562,Logistic Regression
text__law,0.11163856537847425,Logistic Regression
text__and governance,0.11163791976933556,Logistic Regression
text__grade,0.11156477731656095,Logistic Regression
text__social media,0.1113383988942892,Logistic Regression
text__40,0.11132292525536583,Logistic Regression
text__or related,0.1110593354534618,Logistic Regression
text__vacation,0.11071581570110957,Logistic Regression
text__and your,0.11069061696920648,Logistic Regression
text__engineering,0.11060626170181893,Logistic Regression
text__the data,0.11051399138534498,Logistic Regression
text__reporting and,0.11050878883007616,Logistic Regression
categorical__broad_category_Product,0.11042302714152169,Logistic Regression
text__generous,0.11041540630726669,Logistic Regression
text__to travel,0.11022545868535424,Logistic Regression
text__about us,0.10987087921502409,Logistic Regression
text__hire,0.10962622408524812,Logistic Regression
text__components,0.10957119921815044,Logistic Regression
text__to use,0.10933715176876246,Logistic Regression
text__assist with,0.10928360393419569,Logistic Regression
text__software development,0.10911612633625047,Logistic Regression
text__resumes,0.10911182354822661,Logistic Regression
text__under,0.1089562375027869,Logistic Regression
text__legally,0.10873773657397505,Logistic Regression
text__act as,0.1086939232733654,Logistic Regression
text__communicator,0.10861790610628409,Logistic Regression
text__account,0.10856499257506745,Logistic Regression
text__subject matter,0.10830122207146953,Logistic Regression
text__broad,0.10814929768243799,Logistic Regression
text__to participate,0.10811206703295341,Logistic Regression
text__execute,0.10797566865890931,Logistic Regression
text__mission is,0.10764192976700898,Logistic Regression
text__to find,0.10716936901144794,Logistic Regression
text__approximately,0.10711241107949998,Logistic Regression
text__criminal,0.10695410019573548,Logistic Regression
text__in timely,0.10680946229971344,Logistic Regression
text__and more,0.10677685804083417,Logistic Regression
text__and review,0.10663825764846199,Logistic Regression
text__follow through,0.10656772185786492,Logistic Regression
text__agreement,0.10632657716628542,Logistic Regression
text__is proud,0.10625514548561622,Logistic Regression
text__information or,0.10623617491156566,Logistic Regression
text__shipping,0.10603021469198609,Logistic Regression
text__journey,0.10584570916910191,Logistic Regression
text__strong understanding,0.10584470303587251,Logistic Regression
text__most,0.10579916484578673,Logistic Regression
text__concerns,0.10573419524843351,Logistic Regression
text__agencies,0.10572507895894294,Logistic Regression
text__with all,0.10566369347844386,Logistic Regression
text__context,0.10565009207569313,Logistic Regression
text__role in,0.10555252772060159,Logistic Regression
text__experience preferred,0.10550776883805896,Logistic Regression
text__offerings,0.10549090924058314,Logistic Regression
text__to drive,0.10547029072399226,Logistic Regression
text__media,0.10544010951900981,Logistic Regression
text__we can,0.10512115372787333,Logistic Regression
text__power bi,0.10493936593322926,Logistic Regression
text__executive level,0.10490948555796213,Logistic Regression
text__range of,0.10479434864680931,Logistic Regression
text__monday,0.10470117971373452,Logistic Regression
text__state and,0.10435295838373244,Logistic Regression
text__linkedin,0.10435009303262448,Logistic Regression
text__remote first,0.10431219571453496,Logistic Regression
text__the application,0.10395462823968997,Logistic Regression
text__with company,0.1039320621107148,Logistic Regression
text__the platform,0.10384697874644197,Logistic Regression
text__writing,0.1037954007876673,Logistic Regression
text__attention,0.10369799296239503,Logistic Regression
text__effective,0.1036978059764479,Logistic Regression
text__maintaining,0.10365544254274706,Logistic Regression
text__to date,0.10365199664714635,Logistic Regression
categorical__experience_level_primary_Entry-Level,0.10338513420212478,Logistic Regression
text__role for,0.10318304538713285,Logistic Regression
text__the ability,0.10294230692997548,Logistic Regression
text__age disability,0.10290946249725386,Logistic Regression
text__goal,0.10284421997008458,Logistic Regression
text__activities,0.10278621665458505,Logistic Regression
text__interest,0.10274282744304612,Logistic Regression
text__built,0.10257680243407226,Logistic Regression
categorical__broad_category_Human Resources,0.10250511112809388,Logistic Regression
text__accounting,0.10226030052747515,Logistic Regression
text__their own,0.10189230777474542,Logistic Regression
text__and vision,0.10176350083329294,Logistic Regression
text__contributing,0.10141853395862128,Logistic Regression
text__team environment,0.10134379512677003,Logistic Regression
text__typically,0.10123451197506134,Logistic Regression
text__practical,0.1012290521913829,Logistic Regression
text__area,0.10113782309232318,Logistic Regression
text__candidates must,0.10104613946775115,Logistic Regression
text__full stack,0.10090349693084617,Logistic Regression
text__reviews,0.1008339432574133,Logistic Regression
text__compensation package,0.10080650033547958,Logistic Regression
text__the process,0.10077945826043792,Logistic Regression
text__field or,0.10056768916499885,Logistic Regression
text__needed,0.10053485223814702,Logistic Regression
text__instructor,0.10047879842015675,Logistic Regression
text__culture of,0.10040189205431616,Logistic Regression
text__dental and,0.1003279601081781,Logistic Regression
text__and training,0.10030470570115643,Logistic Regression
text__and work,0.10029295659603217,Logistic Regression
text__business,0.10023159880793787,Logistic Regression
text__unable,0.10015172665815493,Logistic Regression
text__and security,0.10000676516332654,Logistic Regression
text__an individual,0.09981425589699414,Logistic Regression
text__page,0.09965536046436232,Logistic Regression
text__elite,0.09949399684074747,Logistic Regression
text__response,0.09946400413461412,Logistic Regression
text__ownership,0.0993252726468608,Logistic Regression
text__priorities,0.09924221852372085,Logistic Regression
text__is seeking,0.09922312982619752,Logistic Regression
text__submissions,0.09918333543622877,Logistic Regression
text__facilitate,0.09910111595347756,Logistic Regression
text__mental health,0.09905986105485436,Logistic Regression
text__founder,0.0990387224221414,Logistic Regression
text__applications,0.09900955444638193,Logistic Regression
text__über,0.09894296620094976,Logistic Regression
text__activities and,0.09886895527660336,Logistic Regression
text__electronic,0.09872421566417278,Logistic Regression
text__national,0.09860226269988936,Logistic Regression
text__attend,0.09842001065551743,Logistic Regression
text__resource,0.09835120762345827,Logistic Regression
text__adapt,0.09827317152723831,Logistic Regression
text__outcomes and,0.09789714665147128,Logistic Regression
text__platform engineering,0.09773996765805985,Logistic Regression
text__you re,0.09771977970409293,Logistic Regression
text__team members,0.09751206572732048,Logistic Regression
text__account management,0.09743811955266876,Logistic Regression
text__meets,0.09741276689494252,Logistic Regression
text__member of,0.09699505519140193,Logistic Regression
text__growing,0.09677075161254611,Logistic Regression
text__other,0.09675336043276704,Logistic Regression
text__their best,0.09672294973017895,Logistic Regression
text__capital,0.09651949852547254,Logistic Regression
text__important,0.09648477437547794,Logistic Regression
text__database,0.09646544297947392,Logistic Regression
text__continue to,0.09644910357779035,Logistic Regression
text__nutrition,0.09640452606767792,Logistic Regression
text__manage and,0.09606634893367444,Logistic Regression
text__we serve,0.09606184268928931,Logistic Regression
text__supportive,0.09602793520850929,Logistic Regression
text__to solve,0.09596545861659633,Logistic Regression
text__commitments,0.09595150586114991,Logistic Regression
text__agents,0.09570217359069542,Logistic Regression
text__developing and,0.09553572548871095,Logistic Regression
text__an inclusive,0.09550821222091303,Logistic Regression
text__ll work,0.09536749508596382,Logistic Regression
text__successful candidate,0.09533136520262449,Logistic Regression
text__quota,0.0952659033930769,Logistic Regression
text__experience leading,0.09514087132969774,Logistic Regression
text__documentation,0.09498217289097469,Logistic Regression
text__comfortable working,0.09475207830468468,Logistic Regression
text__respected,0.09463337344905126,Logistic Regression
text__emails,0.09441162645304713,Logistic Regression
text__strong communication,0.09423255390020863,Logistic Regression
text__everything we,0.09422016139491805,Logistic Regression
text__with team,0.09417225176725749,Logistic Regression
text__experiences and,0.09411809250001203,Logistic Regression
text__90,0.09405592759344057,Logistic Regression
text__and deliver,0.09404061137121153,Logistic Regression
text__validate,0.0940178224948309,Logistic Regression
text__does,0.09400155948805143,Logistic Regression
text__cold,0.0934251426306229,Logistic Regression
text__each other,0.09321632907920875,Logistic Regression
text__flexibility to,0.09311441804609824,Logistic Regression
text__accountant,0.09308928519192645,Logistic Regression
text__targeted,0.09264888548803174,Logistic Regression
text__experimentation,0.0926190115787571,Logistic Regression
text__expected to,0.09231646808465294,Logistic Regression
text__experience skills,0.0922489936486627,Logistic Regression
text__to us,0.09208521806049003,Logistic Regression
text__related,0.09206889382348969,Logistic Regression
text__policy,0.09171346457038533,Logistic Regression
text__timely,0.09166264247807558,Logistic Regression
text__application,0.09136705208264244,Logistic Regression
text__edge,0.0912538874157192,Logistic Regression
text__warehouse,0.09116070334654586,Logistic Regression
text__regulations and,0.09070117269801431,Logistic Regression
text__sex,0.09055449263330638,Logistic Regression
text__schedules,0.09042733144351159,Logistic Regression
text__of benefits,0.09024651761339335,Logistic Regression
text__and social,0.09014765730664052,Logistic Regression
text__complete your,0.08998743786835442,Logistic Regression
text__all backgrounds,0.08992459045064438,Logistic Regression
text__will play,0.08989780120646704,Logistic Regression
text__sources,0.08987075155914774,Logistic Regression
text__is an,0.08977620512871855,Logistic Regression
text__to this,0.08972411112971229,Logistic Regression
text__write,0.08970087289537318,Logistic Regression
text__java,0.08924301309098549,Logistic Regression
text__engineers and,0.08920349781203887,Logistic Regression
text__high growth,0.08919775065497994,Logistic Regression
text__respect,0.0890143035679032,Logistic Regression
text__combination of,0.0885498678375192,Logistic Regression
text__job title,0.088183144532512,Logistic Regression
text__requirements into,0.08803972023111009,Logistic Regression
text__use of,0.08797619624603649,Logistic Regression
text__decisions,0.08760915055027438,Logistic Regression
text__leading ai,0.08740690902983775,Logistic Regression
text__technical solutions,0.08727158076904143,Logistic Regression
text__sets,0.08723741437041208,Logistic Regression
text__designer,0.08717647982821487,Logistic Regression
text__at,0.08690240129041614,Logistic Regression
text__ensure,0.08651408030194352,Logistic Regression
text__teams and,0.08644087019241835,Logistic Regression
text__together,0.08638064610344948,Logistic Regression
text__cloud security,0.08635574790103566,Logistic Regression
text__core,0.0861541867559585,Logistic Regression
text__guiding,0.08587217144682803,Logistic Regression
text__landscape,0.08586119078860502,Logistic Regression
text__support the,0.08549513425178316,Logistic Regression
text__portfolio,0.08536472497275864,Logistic Regression
text__for their,0.08527362084667418,Logistic Regression
text__interest in,0.08493676634223042,Logistic Regression
text__belonging,0.08485566233099763,Logistic Regression
text__role,0.08478609070215576,Logistic Regression
text__cutting edge,0.08473628565186637,Logistic Regression
text__data driven,0.08472447113842856,Logistic Regression
text__work remotely,0.0846710329204279,Logistic Regression
text__or expression,0.08464465649087298,Logistic Regression
text__number,0.0842643177221261,Logistic Regression
text__partners,0.08405983103624737,Logistic Regression
text__acquisition,0.08399890651669956,Logistic Regression
text__occasional,0.08389280127819194,Logistic Regression
text__pipeline,0.0838795819816567,Logistic Regression
text__auf,0.08377432767903997,Logistic Regression
text__digital marketing,0.08375116754879659,Logistic Regression
text__as you,0.08372965066784586,Logistic Regression
text__financial,0.08365509563173985,Logistic Regression
text__build,0.08356645484427544,Logistic Regression
text__sponsor,0.08351924724810744,Logistic Regression
text__purpose,0.0833661239559487,Logistic Regression
text__18,0.08335782687286854,Logistic Regression
text__we use,0.08324363106083207,Logistic Regression
text__you like,0.08322009422853087,Logistic Regression
text__tech,0.08310658240346458,Logistic Regression
text__and client,0.08299610282475595,Logistic Regression
text__closing,0.08289290378682708,Logistic Regression
text__and applicants,0.08288091702401118,Logistic Regression
text__elevate,0.08280815085866022,Logistic Regression
text__success in,0.08275443115783444,Logistic Regression
text__pass,0.08264928854172131,Logistic Regression
text__product manager,0.08253019596032514,Logistic Regression
text__and sales,0.08241852330167038,Logistic Regression
text__come,0.08241771742327655,Logistic Regression
text__crm,0.08239798532426564,Logistic Regression
text__headquartered in,0.08235188739670826,Logistic Regression
text__encourage you,0.08223798200233118,Logistic Regression
text__visits,0.08206383956565581,Logistic Regression
text__find,0.08204034441617125,Logistic Regression
text__contractors,0.08189163237290843,Logistic Regression
text__spark,0.08186606293381916,Logistic Regression
text__computer,0.08167144137047401,Logistic Regression
categorical__broad_category_Finance,0.08166097027008859,Logistic Regression
text__data engineer,0.08164928917219583,Logistic Regression
text__web,0.08159171260938201,Logistic Regression
text__seek,0.08156791024380708,Logistic Regression
text__organization and,0.08142756998402147,Logistic Regression
text__all employees,0.08107403263877425,Logistic Regression
text__from an,0.0809357931816459,Logistic Regression
text__as we,0.08087855895746693,Logistic Regression
text__be able,0.08084150245171488,Logistic Regression
text__execution and,0.08078731224732548,Logistic Regression
text__applicant,0.0805285964361189,Logistic Regression
text__on the,0.08029257652566531,Logistic Regression
text__duties as,0.08025577719068809,Logistic Regression
text__of business,0.07999930044432536,Logistic Regression
text__file,0.07961644554770023,Logistic Regression
text__establishing,0.07961260663971033,Logistic Regression
text__great,0.07952973015461187,Logistic Regression
text__however,0.0792469674726463,Logistic Regression
text__corporate,0.07922444769061569,Logistic Regression
text__and executive,0.07916335426765006,Logistic Regression
text__they need,0.07913258171499515,Logistic Regression
text__quantitative,0.07911646975910806,Logistic Regression
text__customer success,0.07909541164244199,Logistic Regression
text__inventory,0.07880584450140732,Logistic Regression
text__believe,0.07872998273608932,Logistic Regression
text__repeatable,0.07841951515999376,Logistic Regression
text__high volume,0.07832654397201834,Logistic Regression
text__intelligent,0.07810612710118021,Logistic Regression
text__adam,0.07794519784951616,Logistic Regression
text__investors,0.07781867011905295,Logistic Regression
text__skills to,0.07774998091611375,Logistic Regression
text__through,0.07761118728277415,Logistic Regression
text__complex,0.07724685180444661,Logistic Regression
text__between,0.07722427328987543,Logistic Regression
text__in which,0.07719863421317583,Logistic Regression
text__perks,0.07686242024393616,Logistic Regression
text__may be,0.07685821319897168,Logistic Regression
text__personal information,0.0767667911120646,Logistic Regression
text__vous,0.07664625489635957,Logistic Regression
text__mid level,0.07664018015790652,Logistic Regression
text__benefits package,0.07634642700085022,Logistic Regression
text__delivery of,0.07621590643962826,Logistic Regression
text__practitioner,0.07601217324373259,Logistic Regression
text__operational excellence,0.07594372821248697,Logistic Regression
text__keeping,0.07575954957748723,Logistic Regression
text__five,0.07570711026600162,Logistic Regression
text__situations,0.0754346216467405,Logistic Regression
text__description,0.07537600138715025,Logistic Regression
text__payments,0.0751813577890149,Logistic Regression
text__veteran,0.07516229060461872,Logistic Regression
text__diverse and,0.07513552836280488,Logistic Regression
text__would,0.07499479303754805,Logistic Regression
text__considered,0.074954095043914,Logistic Regression
text__who we,0.07481033695792756,Logistic Regression
text__capabilities and,0.0747174567427589,Logistic Regression
text__ads,0.07438545735486082,Logistic Regression
text__the us,0.07426232307674335,Logistic Regression
text__and manage,0.0740434089604278,Logistic Regression
text__resilience,0.07403538365636604,Logistic Regression
text__dem,0.07392452967577773,Logistic Regression
text__customers to,0.07389774508199957,Logistic Regression
text__periods,0.07387839131900795,Logistic Regression
text__revenue cycle,0.07380768618187634,Logistic Regression
text__encourage,0.07363366650734007,Logistic Regression
text__role as,0.07321318268633004,Logistic Regression
text__designs,0.07292015316954348,Logistic Regression
text__speed,0.0728369264812691,Logistic Regression
text__challenging,0.07254823829872242,Logistic Regression
text__quickly and,0.07246953473862448,Logistic Regression
text__scripting,0.07243376779563372,Logistic Regression
text__respond to,0.07238357779486866,Logistic Regression
text__an ai,0.0723408251179306,Logistic Regression
text__maximize,0.07232413458011018,Logistic Regression
text__ci cd,0.0719247595174806,Logistic Regression
text__presentation skills,0.07176701195519532,Logistic Regression
text__unsolicited,0.07165548062143696,Logistic Regression
text__disability or,0.07151102814186551,Logistic Regression
text__orders,0.07129005342385826,Logistic Regression
text__up,0.07088196961265338,Logistic Regression
text__along with,0.07085497087204767,Logistic Regression
text__site,0.07079786774243851,Logistic Regression
text__to be,0.07056853775593909,Logistic Regression
text__equivalent,0.07055919457412542,Logistic Regression
text__contact us,0.07043066613908468,Logistic Regression
text__we work,0.07029984437428632,Logistic Regression
text__trade,0.0702137447442216,Logistic Regression
text__tracking,0.06998088845971072,Logistic Regression
text__deliver,0.06995083110401003,Logistic Regression
text__documentation and,0.06981687377800486,Logistic Regression
text__nationwide,0.06981172203476353,Logistic Regression
text__data into,0.06981060610525533,Logistic Regression
text__management and,0.06979388109550796,Logistic Regression
text__product design,0.06969183404852314,Logistic Regression
text__in production,0.06956408025112774,Logistic Regression
text__attitude,0.06949968269901086,Logistic Regression
text__to support,0.06947450886171554,Logistic Regression
text__criteria,0.0693421320708045,Logistic Regression
text__and well,0.06928744550731782,Logistic Regression
text__data analytics,0.06890458258626622,Logistic Regression
categorical__broad_category_Sales,0.06869538204936392,Logistic Regression
text__applicable,0.06865546069206188,Logistic Regression
text__among,0.06863988378659949,Logistic Regression
text__demonstrate,0.06828329642462977,Logistic Regression
text__dein,0.06816882004289292,Logistic Regression
text__run,0.06788763099314124,Logistic Regression
text__por,0.06769178077017395,Logistic Regression
text__expression,0.06764589008460091,Logistic Regression
text__operate,0.06740904244790585,Logistic Regression
text__ai assisted,0.06721451977359523,Logistic Regression
text__the work,0.06705964175997951,Logistic Regression
text__without,0.06695052770167167,Logistic Regression
text__speak,0.06677876464701651,Logistic Regression
text__adoption,0.06674942767130836,Logistic Regression
text__management,0.0666036167745401,Logistic Regression
text__is looking,0.06652279959918284,Logistic Regression
text__insurance and,0.06645894360658877,Logistic Regression
text__friday,0.0663079803538433,Logistic Regression
text__mit,0.06622844342668766,Logistic Regression
text__role we,0.06607223898290847,Logistic Regression
text__you want,0.0655447678281602,Logistic Regression
text__work for,0.06535925938853743,Logistic Regression
text__account manager,0.06516563454149057,Logistic Regression
text__discipline,0.06515809368474135,Logistic Regression
text__to accelerate,0.06497211946234926,Logistic Regression
text__and digital,0.06494135212704967,Logistic Regression
text__distribution,0.06483135164030349,Logistic Regression
text__integrate,0.06476910776247523,Logistic Regression
text__apis,0.06467408417632058,Logistic Regression
text__of your,0.06456362745606993,Logistic Regression
text__collaboration and,0.06447993920528394,Logistic Regression
text__applied,0.06447418428779594,Logistic Regression
text__partnering with,0.06439987162814093,Logistic Regression
text__priorities and,0.06438440200378882,Logistic Regression
text__intended,0.06422230551025179,Logistic Regression
text__bist,0.06420421514753775,Logistic Regression
text__be the,0.06404258574011103,Logistic Regression
text__of their,0.06381182981211664,Logistic Regression
text__champion,0.06377295809836098,Logistic Regression
text__and implement,0.06361176505066818,Logistic Regression
text__help you,0.06332181930292453,Logistic Regression
text__organizational skills,0.06329876641927465,Logistic Regression
text__and strategic,0.0630584388856505,Logistic Regression
text__flexible,0.06293753115414319,Logistic Regression
text__initiatives and,0.0627966696501025,Logistic Regression
text__including but,0.06272218217516289,Logistic Regression
text__applicable law,0.06267771927391161,Logistic Regression
text__and innovation,0.06256202699023253,Logistic Regression
text__automated,0.06253428873292526,Logistic Regression
text__and stakeholder,0.06233527133839275,Logistic Regression
text__configure,0.062261319895623966,Logistic Regression
text__we offer,0.062210491748014525,Logistic Regression
text__equal opportunity,0.06206614498106227,Logistic Regression
text__professional experience,0.06170683292130376,Logistic Regression
text__comparable,0.061506960777659506,Logistic Regression
text__reasonable accommodation,0.06145297664022144,Logistic Regression
text__phase,0.06140744157876762,Logistic Regression
text__applying,0.0612868987598868,Logistic Regression
text__quality of,0.061070288825155326,Logistic Regression
text__advance,0.06104467684196148,Logistic Regression
text__oversee,0.06103854287058088,Logistic Regression
text__maintains,0.06096771542906866,Logistic Regression
text__estate,0.06094197281900301,Logistic Regression
text__stakeholders to,0.06087753395610693,Logistic Regression
text__at all,0.06060684951785588,Logistic Regression
text__our team,0.06044672971571673,Logistic Regression
text__and opportunities,0.06042445860114391,Logistic Regression
text__sex national,0.06040671205064641,Logistic Regression
text__has been,0.06033922418295645,Logistic Regression
text__are,0.06028904434439131,Logistic Regression
text__automation,0.060281846929721196,Logistic Regression
text__achieving,0.06027471791353026,Logistic Regression
text__does not,0.06026441096431549,Logistic Regression
text__commercial,0.05990662480317576,Logistic Regression
text__engagements,0.059794809201465515,Logistic Regression
text__motion,0.05966705015473888,Logistic Regression
text__alignment with,0.05948919392879679,Logistic Regression
text__expanding,0.05945344562008662,Logistic Regression
text__writer,0.059445265980677134,Logistic Regression
text__and company,0.0593068354642744,Logistic Regression
text__full,0.059040846978957666,Logistic Regression
text__productive,0.05888752482363506,Logistic Regression
text__collect,0.058764092109506096,Logistic Regression
text__fundamentals,0.05870100028470211,Logistic Regression
text__tuition reimbursement,0.05853682990534233,Logistic Regression
text__positions,0.0584996823860286,Logistic Regression
text__offs,0.058467499852302866,Logistic Regression
text__the ai,0.058461726380668017,Logistic Regression
text__succeed,0.05833072028976421,Logistic Regression
text__central,0.058266760007672655,Logistic Regression
text__detail and,0.057935544921394244,Logistic Regression
text__proposals,0.05782369685188232,Logistic Regression
text__un,0.0577012105549558,Logistic Regression
text__your personal,0.05768514399688702,Logistic Regression
text__savings,0.057666199388370164,Logistic Regression
text__frontend,0.05759299768693602,Logistic Regression
text__welcome,0.057500990169045196,Logistic Regression
text__and managing,0.05720589821797594,Logistic Regression
text__high quality,0.057140182217596466,Logistic Regression
text__cutting,0.05702648023428511,Logistic Regression
text__risks,0.05676203783054709,Logistic Regression
text__visual,0.05650974540133061,Logistic Regression
text__who,0.05650419719240281,Logistic Regression
text__in fast,0.05644139396013924,Logistic Regression
text__positioning,0.05635228698131483,Logistic Regression
text__real estate,0.05626321815411418,Logistic Regression
text__asset,0.056252955741722704,Logistic Regression
text__remediation,0.056113910314917366,Logistic Regression
text__compliant,0.05609520235775239,Logistic Regression
text__structured,0.056063193927450745,Logistic Regression
text__ensure that,0.05605823843449553,Logistic Regression
text__escalation,0.05591869117326724,Logistic Regression
text__required by,0.05582445104832293,Logistic Regression
text__compensation and,0.05547297597849751,Logistic Regression
text__world class,0.05541113188602876,Logistic Regression
text__please contact,0.055304043886532074,Logistic Regression
text__overview,0.05525882103080631,Logistic Regression
text__giving,0.055021148379882596,Logistic Regression
text__at the,0.05493417014087051,Logistic Regression
text__mindset with,0.05486108575079361,Logistic Regression
text__and apply,0.05485330353916802,Logistic Regression
text__projects,0.054837511440320605,Logistic Regression
text__samsara,0.05480474098476195,Logistic Regression
text__technology and,0.054769042800739784,Logistic Regression
text__we value,0.0547036425514371,Logistic Regression
text__environment and,0.05468380249848553,Logistic Regression
text__life balance,0.054635846977807094,Logistic Regression
text__students,0.05458379845716241,Logistic Regression
text__along,0.05437339446010018,Logistic Regression
text__emotional,0.054296968161496144,Logistic Regression
text__delivery and,0.05410705144910223,Logistic Regression
text__community,0.054056603220341365,Logistic Regression
text__editor,0.054016809204413464,Logistic Regression
text__prior experience,0.05396093583101773,Logistic Regression
text__the entire,0.0538837010609723,Logistic Regression
text__holidays,0.05354984805785958,Logistic Regression
text__devops engineer,0.05351669236917263,Logistic Regression
text__core values,0.0534038580584688,Logistic Regression
text__president,0.05335352025161468,Logistic Regression
text__competing,0.05323045232247677,Logistic Regression
text__hold,0.053086276811627926,Logistic Regression
text__integrity,0.053075761225226344,Logistic Regression
text__delivers,0.05273687738103514,Logistic Regression
text__advocacy,0.05262585349524488,Logistic Regression
text__trends and,0.05246655511396662,Logistic Regression
text__leveraging,0.05239078779911801,Logistic Regression
text__engineering and,0.0523790657857872,Logistic Regression
text__over time,0.05236379663737005,Logistic Regression
text__by the,0.05236112040315195,Logistic Regression
text__release,0.052224400252996676,Logistic Regression
text__leverage,0.05183901637583623,Logistic Regression
categorical__experience_level_primary_Senior,0.05169313226592573,Logistic Regression
text__headquartered,0.0516666849631442,Logistic Regression
text__update,0.05163766210704008,Logistic Regression
text__meeting,0.05161540536431444,Logistic Regression
text__proposal,0.05147344746772905,Logistic Regression
text__communicate,0.05117537884751337,Logistic Regression
text__business requirements,0.05106149483651455,Logistic Regression
text__career growth,0.05089298895019828,Logistic Regression
text__actuarial,0.05087511848619785,Logistic Regression
text__if you,0.05082601919012491,Logistic Regression
text__registered,0.050801443592451145,Logistic Regression
text__solving skills,0.05078526857573759,Logistic Regression
text__typescript,0.050673554783017744,Logistic Regression
text__women,0.050601568203589735,Logistic Regression
text__clarity,0.05048380357245322,Logistic Regression
text__opportunities to,0.050314614647638936,Logistic Regression
text__tools and,0.05009836282814783,Logistic Regression
text__human resources,0.05006612732223974,Logistic Regression
text__right to,0.05003181465717567,Logistic Regression
text__to operate,0.05000258082580898,Logistic Regression
text__aligned,0.04997717115667132,Logistic Regression
text__develops,0.049888250750502613,Logistic Regression
text__model,0.04969712210330318,Logistic Regression
text__skills with,0.04961841662736145,Logistic Regression
text__lives,0.04953490551391609,Logistic Regression
text__working closely,0.049282704542213236,Logistic Regression
text__fundraising,0.0491937967617616,Logistic Regression
text__determine,0.04911846240563416,Logistic Regression
text__connectivity,0.04891704534980873,Logistic Regression
text__below,0.048708300488037155,Logistic Regression
text__scientific,0.048675796271957124,Logistic Regression
text__work on,0.04860775125211367,Logistic Regression
text__diploma,0.04849661621239172,Logistic Regression
text__senior software,0.048203517883318225,Logistic Regression
text__resolution,0.04802561600892715,Logistic Regression
text__connecting,0.04796003928759737,Logistic Regression
text__accounts and,0.04763254693559909,Logistic Regression
text__automation and,0.04743777568112619,Logistic Regression
text__experience managing,0.04740084497044665,Logistic Regression
text__an,0.0473111458169669,Logistic Regression
text__meet,0.047262877590081236,Logistic Regression
text__skills and,0.047241354701276904,Logistic Regression
text__developing,0.047170102185978856,Logistic Regression
text__buying,0.04703564624179182,Logistic Regression
text__storage,0.046971009128132624,Logistic Regression
text__lead generation,0.046901490925542605,Logistic Regression
text__for each,0.046423289182693776,Logistic Regression
text__growth,0.04635669172452901,Logistic Regression
text__systems engineer,0.04630822843467211,Logistic Regression
text__providers,0.04607510010032156,Logistic Regression
text__input,0.04587544903209976,Logistic Regression
text__risk management,0.04574103577169133,Logistic Regression
text__money,0.045508127940927325,Logistic Regression
text__architectures,0.04544585694097808,Logistic Regression
text__interview and,0.04523342715572261,Logistic Regression
text__development experience,0.04520926416196393,Logistic Regression
text__shared,0.04514445674376133,Logistic Regression
text__manage the,0.044939779773125695,Logistic Regression
text__go to,0.04490416414999494,Logistic Regression
text__wie,0.04472571964926553,Logistic Regression
text__founded,0.04454764758662569,Logistic Regression
text__and be,0.04453101766682214,Logistic Regression
text__here,0.044419449772526924,Logistic Regression
text__medical affairs,0.04407526950956798,Logistic Regression
text__les,0.04400185933565474,Logistic Regression
text__flow,0.04394439559073053,Logistic Regression
text__businesses,0.043716424807614535,Logistic Regression
text__the client,0.043572060209765714,Logistic Regression
text__established,0.04326010915795233,Logistic Regression
text__sustainable,0.043202145036904116,Logistic Regression
text__claims,0.04318173556834559,Logistic Regression
text__to customer,0.043158748563725084,Logistic Regression
text__considered for,0.04309762067234367,Logistic Regression
text__go,0.043022795107226404,Logistic Regression
text__regardless of,0.04300307186172194,Logistic Regression
text__programs,0.04289259669602721,Logistic Regression
text__trusted,0.042811813200620184,Logistic Regression
text__intended to,0.0426706601484161,Logistic Regression
text__to help,0.042342070987144334,Logistic Regression
text__search,0.042327790798910414,Logistic Regression
text__across,0.042135079638611406,Logistic Regression
text__an equal,0.04206401001407561,Logistic Regression
text__and communicate,0.04168385288770263,Logistic Regression
text__electrical,0.04160847923682167,Logistic Regression
text__threat,0.041522181548464925,Logistic Regression
text__promotion,0.041495056469197725,Logistic Regression
text__sind,0.04145267104109842,Logistic Regression
text__expertise in,0.041435292404552536,Logistic Regression
text__contributing to,0.04137194593767299,Logistic Regression
text__ambitious,0.041289439631971306,Logistic Regression
text__inclusive and,0.04117746867503083,Logistic Regression
text__race,0.04106894289487738,Logistic Regression
text__contributions,0.041015695170557635,Logistic Regression
text__groups,0.040711254883384826,Logistic Regression
text__contracts,0.04069715322498177,Logistic Regression
text__remote position,0.040611536569629174,Logistic Regression
text__delivered,0.040573715169026546,Logistic Regression
text__place,0.04039504903166374,Logistic Regression
text__monitoring and,0.040334218717933856,Logistic Regression
text__tools such,0.03997492306438061,Logistic Regression
text__role will,0.03991414747281558,Logistic Regression
text__service delivery,0.039789821121796166,Logistic Regression
text__nicht,0.039550214119803445,Logistic Regression
text__patients,0.03953350608796759,Logistic Regression
text__of people,0.03953239394996822,Logistic Regression
text__security and,0.03936323966964896,Logistic Regression
text__nice to,0.0393183327146035,Logistic Regression
text__confidentiality,0.0391267326608661,Logistic Regression
categorical__broad_category_Data Science,0.03912442362629015,Logistic Regression
text__millions,0.03875255666644348,Logistic Regression
text__deeply,0.03866548896783167,Logistic Regression
text__with leading,0.0386578985778909,Logistic Regression
text__contact for,0.03859953908676661,Logistic Regression
text__information systems,0.038486159752766654,Logistic Regression
text__the company,0.038471875464967054,Logistic Regression
text__and close,0.03836558241477355,Logistic Regression
text__as required,0.03824514259157773,Logistic Regression
text__the field,0.03823910066580061,Logistic Regression
text__dir,0.03809022474008248,Logistic Regression
text__solutions that,0.03786292424308146,Logistic Regression
text__student,0.037556477703511976,Logistic Regression
text__outside,0.03745308866659948,Logistic Regression
text__platform engineer,0.037374354625952184,Logistic Regression
text__of data,0.03730491130919827,Logistic Regression
text__the time,0.03707390575620888,Logistic Regression
text__documents,0.03668078844217239,Logistic Regression
text__upon,0.03661268674614221,Logistic Regression
text__to build,0.03657398031518667,Logistic Regression
text__the organization,0.03645626039693403,Logistic Regression
text__about,0.03642983033104495,Logistic Regression
categorical__broad_category_Engineering,0.03640655906356183,Logistic Regression
text__assess,0.036257316394609385,Logistic Regression
text__the basis,0.03619793536609067,Logistic Regression
text__cd,0.03609754417518138,Logistic Regression
text__funnel,0.03589994689923867,Logistic Regression
text__etc,0.035672122861784505,Logistic Regression
text__analytical and,0.03562632110365642,Logistic Regression
text__um,0.03560384315948006,Logistic Regression
text__and integration,0.03540948455095707,Logistic Regression
text__enterprise account,0.035324762747817984,Logistic Regression
text__and cloud,0.03529298024106415,Logistic Regression
text__per week,0.035128976584257225,Logistic Regression
text__home,0.035035769831746756,Logistic Regression
text__establish and,0.03501367930010937,Logistic Regression
text__the job,0.034973535809244616,Logistic Regression
text__prospecting,0.034887648277141005,Logistic Regression
text__accordance with,0.034880369591222336,Logistic Regression
text__creativity,0.034813386932124865,Logistic Regression
text__from our,0.034734377702502206,Logistic Regression
text__working with,0.034722940263575794,Logistic Regression
text__referrals,0.0346109221145525,Logistic Regression
text__architectural,0.03459749415250575,Logistic Regression
text__authority,0.03454457417765207,Logistic Regression
text__intern,0.03447355191566986,Logistic Regression
text__an environment,0.034450969318327085,Logistic Regression
text__platforms,0.034371402964592616,Logistic Regression
text__organic,0.03416743492447624,Logistic Regression
text__citizenship,0.03416734761073884,Logistic Regression
text__part time,0.03403934470605924,Logistic Regression
text__initial,0.03400706149514535,Logistic Regression
text__and collaborate,0.03396366876018327,Logistic Regression
text__backed,0.033868461689341677,Logistic Regression
text__define and,0.03383880493172738,Logistic Regression
text__parental,0.03354451790286258,Logistic Regression
text__transparent,0.03323415430836755,Logistic Regression
text__environmental,0.033003986022361556,Logistic Regression
text__not just,0.03289009083401276,Logistic Regression
text__insights and,0.0328798267246573,Logistic Regression
text__communication and,0.032701525103620045,Logistic Regression
text__hubspot,0.032605298261575044,Logistic Regression
text__der,0.032588244283133345,Logistic Regression
text__or the,0.032537422525036545,Logistic Regression
text__requires,0.03240741322324351,Logistic Regression
text__prepare,0.03231104832310227,Logistic Regression
text__into clear,0.03182911874835227,Logistic Regression
text__ensure the,0.03170383534524809,Logistic Regression
text__skills including,0.03144903829256429,Logistic Regression
text__highest,0.031264926069023154,Logistic Regression
text__studies,0.03116820541375747,Logistic Regression
text__duties,0.031075652658869066,Logistic Regression
text__gather,0.03104969962426943,Logistic Regression
text__to align,0.030971557430752437,Logistic Regression
text__list,0.030906039425559716,Logistic Regression
text__hast,0.030790476463213434,Logistic Regression
text__firms,0.030775021945583493,Logistic Regression
text__hours per,0.030467876687962837,Logistic Regression
text__adherence,0.03046206098231406,Logistic Regression
text__or similar,0.030311190927740792,Logistic Regression
text__findings,0.029691055763686917,Logistic Regression
text__spend,0.029510037249046557,Logistic Regression
text__matching,0.029395664700305694,Logistic Regression
text__step,0.029242621114445852,Logistic Regression
text__selling,0.029085707210396716,Logistic Regression
text__therapy,0.028624523086462985,Logistic Regression
text__care,0.02858963688339125,Logistic Regression
text__practice,0.028462075081232906,Logistic Regression
text__diversity and,0.028311396588839667,Logistic Regression
text__continuously,0.02824064754847895,Logistic Regression
text__outreach,0.02806956418586534,Logistic Regression
text__detail,0.02792024376833229,Logistic Regression
text__status,0.027733471983682288,Logistic Regression
text__and build,0.027628182913466057,Logistic Regression
text__used,0.02757062164034368,Logistic Regression
text__access to,0.027333696855168482,Logistic Regression
text__root cause,0.02732991980573055,Logistic Regression
text__customer engagement,0.027316257613944017,Logistic Regression
text__recruitment process,0.027307991471727366,Logistic Regression
text__makes,0.027232723659040014,Logistic Regression
text__use ai,0.027135612357344987,Logistic Regression
text__practices,0.027128055764749998,Logistic Regression
text__and ensuring,0.02712141194192863,Logistic Regression
text__the way,0.02700623653113692,Logistic Regression
text__deploy,0.026854727397890066,Logistic Regression
text__development,0.026791052395976716,Logistic Regression
text__some of,0.02654326192455531,Logistic Regression
text__platform and,0.0263382622196992,Logistic Regression
text__loan,0.02617793490480553,Logistic Regression
text__date,0.025889615576876676,Logistic Regression
text__react,0.02571697507987381,Logistic Regression
text__conditions,0.025683089536667567,Logistic Regression
text__no,0.025156579468354204,Logistic Regression
text__designed,0.025140335812577026,Logistic Regression
text__accordance,0.02507962745709613,Logistic Regression
text__promote,0.024991454042862838,Logistic Regression
text__and delivery,0.02458388459867594,Logistic Regression
text__specialty,0.02453107303853597,Logistic Regression
text__contract,0.024517607616823298,Logistic Regression
text__constraints,0.0244931830210866,Logistic Regression
text__basis of,0.02419686114528796,Logistic Regression
text__how we,0.024092429569000685,Logistic Regression
text__not discriminate,0.02408902409086891,Logistic Regression
text__cyber,0.023947694526013405,Logistic Regression
text__to learn,0.023726057567929025,Logistic Regression
text__decisions and,0.02355761040741403,Logistic Regression
text__enables,0.023461900871031144,Logistic Regression
text__source,0.023434028127644987,Logistic Regression
text__and take,0.02335068715881371,Logistic Regression
text__people and,0.023275905371161545,Logistic Regression
text__llm,0.023248148767029984,Logistic Regression
text__up to,0.02321502695101473,Logistic Regression
text__four,0.023190078530511537,Logistic Regression
text__networking,0.023148125094822957,Logistic Regression
text__part,0.023063669085427112,Logistic Regression
text__people,0.022706091883739798,Logistic Regression
text__regulations,0.022679579288693134,Logistic Regression
text__wellness,0.022632206609214438,Logistic Regression
text__has,0.02259909535252139,Logistic Regression
text__market and,0.022544749946463865,Logistic Regression
text__enrollment,0.022229569488205005,Logistic Regression
text__coordinating,0.02214971900570307,Logistic Regression
text__stakeholder management,0.022148242883108172,Logistic Regression
text__term,0.022005162306538026,Logistic Regression
text__business stakeholders,0.021991511347707843,Logistic Regression
text__and partner,0.021671911384593897,Logistic Regression
text__open to,0.02151420679242591,Logistic Regression
text__mindset,0.02127517527079613,Logistic Regression
text__gitlab,0.021212376669006223,Logistic Regression
text__workloads,0.021154047767851125,Logistic Regression
text__who can,0.020966906293494403,Logistic Regression
text__details about,0.02094719693719263,Logistic Regression
text__data management,0.0208893789044291,Logistic Regression
text__job description,0.020626994886538203,Logistic Regression
text__design and,0.020606499307035404,Logistic Regression
text__and commitment,0.020556192650057432,Logistic Regression
text__appointment,0.020522793811010073,Logistic Regression
text__von,0.02034462709921191,Logistic Regression
text__energy,0.020265225615640425,Logistic Regression
text__the technical,0.020251428833625247,Logistic Regression
text__in remote,0.020166699406079364,Logistic Regression
text__understands,0.020086292413352694,Logistic Regression
text__distributed systems,0.01992633070693537,Logistic Regression
text__and building,0.01988229124315268,Logistic Regression
text__com,0.019861981799800296,Logistic Regression
text__regardless,0.01982170546244895,Logistic Regression
text__highly,0.01967363988070614,Logistic Regression
text__real world,0.019385450136692614,Logistic Regression
text__and maintain,0.019184251454692512,Logistic Regression
text__how you,0.01909932719724553,Logistic Regression
text__connected,0.01902974160612462,Logistic Regression
text__opportunities for,0.0190077302367538,Logistic Regression
text__building and,0.01879304625632808,Logistic Regression
text__use,0.01873683709815266,Logistic Regression
text__and analytical,0.01855071187578794,Logistic Regression
text__presentations,0.01844190926273828,Logistic Regression
text__excel,0.0180461837355814,Logistic Regression
text__such,0.01782240044022013,Logistic Regression
text__colleagues,0.01777354547192314,Logistic Regression
text__truly,0.017642971440732465,Logistic Regression
text__in accordance,0.017479165868845053,Logistic Regression
text__our culture,0.017469065865356515,Logistic Regression
text__especially,0.01702621492435846,Logistic Regression
text__executives,0.016985761721081266,Logistic Regression
text__ia,0.016983015688709392,Logistic Regression
text__any,0.016978509328712824,Logistic Regression
text__manufacturing,0.01694722861203008,Logistic Regression
text__financial reporting,0.01692187704912975,Logistic Regression
text__all qualified,0.016884885899781158,Logistic Regression
text__ai to,0.016714350178164875,Logistic Regression
text__and data,0.016440377266899696,Logistic Regression
text__gain,0.01643054198151998,Logistic Regression
text__same,0.016367076175998595,Logistic Regression
text__specifications,0.016359444652069025,Logistic Regression
text__and documentation,0.016347254748012574,Logistic Regression
text__the successful,0.01604368409021404,Logistic Regression
text__are committed,0.0159975224561943,Logistic Regression
text__medicine,0.015708644163973048,Logistic Regression
text__disability insurance,0.0156297258470152,Logistic Regression
text__stability,0.015536040122483347,Logistic Regression
text__partner,0.015487275487182066,Logistic Regression
text__record,0.015478340474054835,Logistic Regression
text__creative and,0.015352121959765971,Logistic Regression
text__va,0.015244044382985152,Logistic Regression
text__productivity,0.015158915236401657,Logistic Regression
text__optimization,0.015146760926123696,Logistic Regression
text__with an,0.015108471648842691,Logistic Regression
text__identifying,0.015068200613207572,Logistic Regression
text__join the,0.014996176689633633,Logistic Regression
text__metrics and,0.014927286694510091,Logistic Regression
text__talented,0.01485374464177602,Logistic Regression
text__status disability,0.014840639327668794,Logistic Regression
text__recruiters,0.014758593050548578,Logistic Regression
text__enabled,0.014720156134689076,Logistic Regression
text__firm,0.01437211746632923,Logistic Regression
text__we,0.014143287991642342,Logistic Regression
text__principal,0.01382150665959597,Logistic Regression
text__help shape,0.01350601547263778,Logistic Regression
text__you ve,0.013493005818159471,Logistic Regression
text__options,0.013217125475809681,Logistic Regression
text__and financial,0.013200336023591117,Logistic Regression
text__demonstrated experience,0.013198990592119009,Logistic Regression
text__device,0.013007319534021696,Logistic Regression
text__place to,0.013005849002623426,Logistic Regression
text__strategies,0.01287084923284988,Logistic Regression
text__opportunities,0.012739600162423675,Logistic Regression
text__consistency,0.012682557700397369,Logistic Regression
text__venture,0.012656964551625448,Logistic Regression
text__paid parental,0.012608383070057164,Logistic Regression
categorical__experience_level_primary_Mid-Level,0.012534333595742573,Logistic Regression
text__faster,0.012523792838432801,Logistic Regression
text__clearly,0.01241905252273411,Logistic Regression
text__gender identity,0.011927161713621902,Logistic Regression
text__output,0.011869885947388983,Logistic Regression
text__across our,0.011864721030873061,Logistic Regression
categorical__broad_category_Marketing,0.0117734905371365,Logistic Regression
text__stack developer,0.011673261682532608,Logistic Regression
text__insights to,0.011529480000542444,Logistic Regression
text__ai tools,0.01124611564994689,Logistic Regression
text__are the,0.01117603000645113,Logistic Regression
text__outcomes,0.010851077985823033,Logistic Regression
text__remote senior,0.010623046153187918,Logistic Regression
text__aligned with,0.01030013679017034,Logistic Regression
text__particularly,0.010266491527925989,Logistic Regression
text__frameworks and,0.010261438861587941,Logistic Regression
text__company that,0.010257837188213353,Logistic Regression
text__executive,0.009896263235763253,Logistic Regression
text__dedicated,0.0098732692960418,Logistic Regression
text__accountability,0.009870890274722209,Logistic Regression
text__weeks,0.009515563762927646,Logistic Regression
text__concept,0.009497521681033209,Logistic Regression
text__and team,0.009170778394172348,Logistic Regression
text__interviews,0.009140458688004718,Logistic Regression
text__retention and,0.009113990359893772,Logistic Regression
numeric__location_restriction_count,0.008747658186649356,Logistic Regression
text__attention to,0.008679775807777495,Logistic Regression
text__status or,0.008609649063173295,Logistic Regression
text__to apply,0.008550831458059035,Logistic Regression
text__use cases,0.00854653642976747,Logistic Regression
text__mind,0.008433031684517542,Logistic Regression
text__escalate,0.0083611247113636,Logistic Regression
text__and collaboration,0.00824992475931771,Logistic Regression
text__thrive in,0.0074516912936811106,Logistic Regression
text__some,0.007448219861195652,Logistic Regression
text__not only,0.007248314945760698,Logistic Regression
text__is required,0.007185877820040865,Logistic Regression
text__organizational and,0.007165419413778225,Logistic Regression
text__de la,0.006988054615424111,Logistic Regression
text__planning,0.006978896371319988,Logistic Regression
text__plan with,0.00692729515525129,Logistic Regression
text__assisted,0.006317348110145544,Logistic Regression
text__and management,0.006228707551505471,Logistic Regression
text__analytics and,0.006137398893357987,Logistic Regression
text__analytical skills,0.006094419269779678,Logistic Regression
text__reasonable,0.006050684188159777,Logistic Regression
text__protection,0.006018829781833028,Logistic Regression
text__to enable,0.006003913767204392,Logistic Regression
text__combines,0.005309893014605064,Logistic Regression
text__smarter,0.004999498814167385,Logistic Regression
text__ready,0.004918598155596246,Logistic Regression
text__and cost,0.004873748323317754,Logistic Regression
text__and maintaining,0.004872722348689424,Logistic Regression
text__and access,0.004746043806776061,Logistic Regression
text__channel,0.004609673235908634,Logistic Regression
text__and to,0.00444498046454729,Logistic Regression
text__ai enabled,0.004136927261727187,Logistic Regression
text__manager sales,0.004051092598729506,Logistic Regression
text__activation,0.004047823005006657,Logistic Regression
text__accountable,0.0038617905656360826,Logistic Regression
text__isn,0.003681589356673581,Logistic Regression
text__of team,0.003487593481601554,Logistic Regression
text__looking,0.003283840514460059,Logistic Regression
text__ensures,0.0031171172416296915,Logistic Regression
text__any other,0.0029466115654537893,Logistic Regression
text__will also,0.0028483910428949177,Logistic Regression
text__support for,0.002661023550701412,Logistic Regression
text__reviews and,0.0023255494152880614,Logistic Regression
text__standards and,0.0022124940813783842,Logistic Regression
text__industry,0.0022022456618020795,Logistic Regression
text__that drive,0.0019983366907196268,Logistic Regression
text__expertise,0.0018292939388231295,Logistic Regression
text__careers,0.0015239412743102076,Logistic Regression
text__build and,0.0012978120825491444,Logistic Regression
text__including,0.001072509980554407,Logistic Regression
text__prior,0.00048170491543994077,Logistic Regression
text__and ongoing,0.0004518656470188229,Logistic Regression
text__000,10.151338388206376,SVM (LinearSVC)
text__salary,6.941135894366093,SVM (LinearSVC)
text__range,4.226562065087528,SVM (LinearSVC)
text__usd,3.200336401144628,SVM (LinearSVC)
text__salary range,2.8140020197042084,SVM (LinearSVC)
text__for this,2.7734969900108117,SVM (LinearSVC)
text__compensation,2.704706074854881,SVM (LinearSVC)
text__compensation range,2.5787702051061197,SVM (LinearSVC)
text__00,2.2487414746893815,SVM (LinearSVC)
text__pay range,2.2058503746863205,SVM (LinearSVC)
text__trainer,2.1919169793265136,SVM (LinearSVC)
text__base,2.1610873066592076,SVM (LinearSVC)
text__referral,2.124375779123723,SVM (LinearSVC)
text__education experience,2.0749730994853617,SVM (LinearSVC)
text__hour,2.038350235426933,SVM (LinearSVC)
text__ai safety,1.9759854475605694,SVM (LinearSVC)
text__200,1.9047368046824213,SVM (LinearSVC)
text__cash,1.8536309397126747,SVM (LinearSVC)
text__range for,1.849615274016801,SVM (LinearSVC)
text__000 usd,1.809063069633258,SVM (LinearSVC)
text__and an,1.749717711092445,SVM (LinearSVC)
text__once,1.743831633745975,SVM (LinearSVC)
text__plan and,1.6858091757791063,SVM (LinearSVC)
text__emea,1.6621664371581057,SVM (LinearSVC)
text__approaches,1.652116439332038,SVM (LinearSVC)
text__annually,1.6407156582258173,SVM (LinearSVC)
text__accessible,1.6136678766591943,SVM (LinearSVC)
text__should be,1.6073101098462954,SVM (LinearSVC)
text__line,1.572540731799558,SVM (LinearSVC)
text__hand,1.5720162431637552,SVM (LinearSVC)
text__strategist,1.568710497955351,SVM (LinearSVC)
text__officer,1.5637629068171195,SVM (LinearSVC)
text__out to,1.55125132240781,SVM (LinearSVC)
text__excellence,1.537730944175595,SVM (LinearSVC)
text__100,1.522872523653225,SVM (LinearSVC)
text__competitive salary,1.5184591848982,SVM (LinearSVC)
text__all of,1.4992794477350946,SVM (LinearSVC)
text__base salary,1.4885741695597356,SVM (LinearSVC)
text__of new,1.486330607348808,SVM (LinearSVC)
text__over,1.4862180086417427,SVM (LinearSVC)
text__inside,1.485702289968326,SVM (LinearSVC)
text__sales executive,1.481892403323547,SVM (LinearSVC)
text__and help,1.474025759241606,SVM (LinearSVC)
text__80,1.4650744798955107,SVM (LinearSVC)
text__from the,1.4463634014989657,SVM (LinearSVC)
text__incentives,1.4463306119602926,SVM (LinearSVC)
text__400,1.4349533563413335,SVM (LinearSVC)
text__software engineering,1.4335295329770965,SVM (LinearSVC)
text__remote,1.425614517268488,SVM (LinearSVC)
text__responsive,1.4195248555993727,SVM (LinearSVC)
text__knowledge skills,1.4131265650457026,SVM (LinearSVC)
text__000 00,1.407539424484763,SVM (LinearSVC)
text__during,1.4057463494816307,SVM (LinearSVC)
text__required experience,1.4038807173806056,SVM (LinearSVC)
text__significant,1.4029073132820522,SVM (LinearSVC)
text__around,1.4007246922907892,SVM (LinearSVC)
text__notes,1.3984878665297562,SVM (LinearSVC)
text__during the,1.3802067657021506,SVM (LinearSVC)
text__our benefits,1.3789202597912704,SVM (LinearSVC)
text__monthly,1.3751316961531195,SVM (LinearSVC)
text__music,1.3663547891945207,SVM (LinearSVC)
text__period,1.3613379514992396,SVM (LinearSVC)
text__others,1.3599760055374444,SVM (LinearSVC)
text__explore,1.358497553536181,SVM (LinearSVC)
text__for people,1.3573752716818508,SVM (LinearSVC)
text__members to,1.356868205770465,SVM (LinearSVC)
text__basis,1.3429138512427656,SVM (LinearSVC)
text__teaching,1.3386905119028152,SVM (LinearSVC)
text__medical dental,1.3376706205945874,SVM (LinearSVC)
text__je,1.3319374988048642,SVM (LinearSVC)
text__500,1.330795179433564,SVM (LinearSVC)
text__celebrate,1.3292473021483735,SVM (LinearSVC)
text__approach to,1.327787154041093,SVM (LinearSVC)
text__month,1.3215708009818485,SVM (LinearSVC)
text__previous,1.3166389469540989,SVM (LinearSVC)
text__privacy notice,1.3164308523243902,SVM (LinearSVC)
text__experience building,1.3142293997293988,SVM (LinearSVC)
text__the candidate,1.3083700169112702,SVM (LinearSVC)
text__specialist senior,1.308177250572281,SVM (LinearSVC)
text__proven experience,1.3079846802374435,SVM (LinearSVC)
text__individuals,1.295597787869282,SVM (LinearSVC)
text__equitable,1.288151281355033,SVM (LinearSVC)
text__outbound,1.2829735071054118,SVM (LinearSVC)
text__from home,1.280182215654593,SVM (LinearSVC)
text__pharmaceutical,1.2786509306739458,SVM (LinearSVC)
text__industries,1.2786486264797081,SVM (LinearSVC)
text__amazon,1.2767729957319895,SVM (LinearSVC)
text__employers,1.2750309917215756,SVM (LinearSVC)
text__identify,1.2721274097121709,SVM (LinearSVC)
text__files,1.2703920865637903,SVM (LinearSVC)
text__quarterly,1.2677258672733236,SVM (LinearSVC)
text__of any,1.2673770489310665,SVM (LinearSVC)
text__environment that,1.267265563389881,SVM (LinearSVC)
text__utilization,1.2648032946539842,SVM (LinearSVC)
text__earn,1.263815426384394,SVM (LinearSVC)
text__compliance and,1.2630939198488604,SVM (LinearSVC)
text__challenges,1.254386912681946,SVM (LinearSVC)
text__prompt,1.2543457009431898,SVM (LinearSVC)
text__executive leadership,1.250981502645788,SVM (LinearSVC)
text__whether,1.2500722097372607,SVM (LinearSVC)
text__and professional,1.2475434975609816,SVM (LinearSVC)
text__life insurance,1.2470798900382243,SVM (LinearSVC)
text__identify opportunities,1.2431863213738896,SVM (LinearSVC)
text__owners,1.2427906324792914,SVM (LinearSVC)
text__of life,1.237850941766641,SVM (LinearSVC)
text__managing,1.235748409371149,SVM (LinearSVC)
text__work effectively,1.2298312432711174,SVM (LinearSVC)
text__when you,1.2290526914763322,SVM (LinearSVC)
text__fast growing,1.2207996170720479,SVM (LinearSVC)
text__health care,1.2193761086545192,SVM (LinearSVC)
text__insight,1.21877887744799,SVM (LinearSVC)
text__but,1.214542728874863,SVM (LinearSVC)
text__please,1.213376419980869,SVM (LinearSVC)
text__very,1.21261680803997,SVM (LinearSVC)
text__role requires,1.2092506880936658,SVM (LinearSVC)
text__disease,1.207544599691903,SVM (LinearSVC)
text__as,1.20598277930796,SVM (LinearSVC)
text__large scale,1.2043677603549217,SVM (LinearSVC)
text__why,1.2007983323749776,SVM (LinearSVC)
text__game,1.1967759979954717,SVM (LinearSVC)
text__the world,1.1962358121181358,SVM (LinearSVC)
text__call,1.1927294768989858,SVM (LinearSVC)
text__provided,1.191565358483256,SVM (LinearSVC)
text__wide range,1.1897846462219697,SVM (LinearSVC)
text__leave,1.1848603382514282,SVM (LinearSVC)
text__months,1.1837126569906005,SVM (LinearSVC)
text__job summary,1.1824147585187927,SVM (LinearSVC)
text__specialists,1.1798771821245317,SVM (LinearSVC)
text__identity and,1.177228048625801,SVM (LinearSVC)
text__mitigation,1.1771117412716354,SVM (LinearSVC)
text__only,1.1743857505282427,SVM (LinearSVC)
text__as assigned,1.172488313266248,SVM (LinearSVC)
text__of our,1.170110987385808,SVM (LinearSVC)
text__english,1.1693467988300752,SVM (LinearSVC)
text__impactful,1.168346606761262,SVM (LinearSVC)
text__300,1.1675990087196675,SVM (LinearSVC)
text__terraform,1.1671451718222468,SVM (LinearSVC)
text__year,1.165731753322457,SVM (LinearSVC)
text__rates,1.163295755936056,SVM (LinearSVC)
text__audio,1.1626821872363202,SVM (LinearSVC)
text__and will,1.1618160949034655,SVM (LinearSVC)
text__minimum,1.1605147053853917,SVM (LinearSVC)
text__and creative,1.1595569336069542,SVM (LinearSVC)
text__unique,1.158688367663521,SVM (LinearSVC)
text__results,1.157125567743054,SVM (LinearSVC)
text__compliance with,1.1550185953839425,SVM (LinearSVC)
text__us at,1.153873699320146,SVM (LinearSVC)
text__product,1.1530144504094542,SVM (LinearSVC)
text__consistent,1.1497788872573493,SVM (LinearSVC)
text__employee,1.1462560828466473,SVM (LinearSVC)
text__reusable,1.1437151867223085,SVM (LinearSVC)
text__help,1.1312412939703291,SVM (LinearSVC)
text__support and,1.1283387603946735,SVM (LinearSVC)
text__vary based,1.1281280304755916,SVM (LinearSVC)
text__play,1.1262874994955914,SVM (LinearSVC)
text__excellent,1.12494888966327,SVM (LinearSVC)
text__innovation,1.124498260470418,SVM (LinearSVC)
text__consistently,1.1233242117162106,SVM (LinearSVC)
text__drives,1.120440505000936,SVM (LinearSVC)
text__requiring,1.1199163815420488,SVM (LinearSVC)
text__to our,1.1197443200367663,SVM (LinearSVC)
text__strongly,1.1177791388568932,SVM (LinearSVC)
text__quality,1.1171523762310915,SVM (LinearSVC)
text__religion sex,1.1168661942112914,SVM (LinearSVC)
text__javascript,1.1148823325059127,SVM (LinearSVC)
text__system,1.1108764471913362,SVM (LinearSVC)
text__updates,1.110313642389058,SVM (LinearSVC)
text__managers and,1.1073130756783998,SVM (LinearSVC)
text__team that,1.1066243469001922,SVM (LinearSVC)
text__title,1.1011616412812513,SVM (LinearSVC)
text__and working,1.101082751392595,SVM (LinearSVC)
text__safe,1.1000112761574912,SVM (LinearSVC)
text__low,1.0984185634818333,SVM (LinearSVC)
text__expert,1.0967107212574538,SVM (LinearSVC)
text__accept,1.092264825811869,SVM (LinearSVC)
text__location remote,1.0914391098579639,SVM (LinearSVC)
text__remote role,1.0912979183643052,SVM (LinearSVC)
text__nurse,1.0905465883503263,SVM (LinearSVC)
text__licensing,1.086586904532112,SVM (LinearSVC)
text__as the,1.0865744764480523,SVM (LinearSVC)
text__will not,1.0834151865195172,SVM (LinearSVC)
text__focused,1.0832096968855889,SVM (LinearSVC)
text__custom,1.0763194838778674,SVM (LinearSVC)
text__before,1.0753559950589906,SVM (LinearSVC)
text__role and,1.0713751750002105,SVM (LinearSVC)
text__for our,1.0680472311072835,SVM (LinearSVC)
text__app,1.0679791575574176,SVM (LinearSVC)
text__and provide,1.0677009704958944,SVM (LinearSVC)
text__of product,1.065170813626485,SVM (LinearSVC)
text__to keep,1.0642055452871253,SVM (LinearSVC)
text__act,1.0626479480147737,SVM (LinearSVC)
text__net,1.0618510022418326,SVM (LinearSVC)
text__environment,1.0607916228127154,SVM (LinearSVC)
text__hospital,1.0597873294039517,SVM (LinearSVC)
text__quality and,1.0595144308312792,SVM (LinearSVC)
text__expect,1.0593051686545576,SVM (LinearSVC)
text__connect,1.0554336602832484,SVM (LinearSVC)
text__voice,1.0543632699683783,SVM (LinearSVC)
text__respond,1.054243741306463,SVM (LinearSVC)
text__knowledge and,1.0515707009108823,SVM (LinearSVC)
text__with experience,1.0509678626827115,SVM (LinearSVC)
text__erfahrung,1.0508183578947463,SVM (LinearSVC)
text__recognize,1.0507583985113096,SVM (LinearSVC)
text__genetic,1.0488490396231576,SVM (LinearSVC)
text__never,1.0475471875708184,SVM (LinearSVC)
text__fully remote,1.042023072952108,SVM (LinearSVC)
text__relationship building,1.0406337012757128,SVM (LinearSVC)
text__we have,1.039874114357612,SVM (LinearSVC)
text__people to,1.0392071480001965,SVM (LinearSVC)
text__summary,1.0381340888340622,SVM (LinearSVC)
text__pm,1.037036157616833,SVM (LinearSVC)
text__modernization,1.0365306576677633,SVM (LinearSVC)
text__than,1.0344844894611387,SVM (LinearSVC)
text__bar,1.0344794750631987,SVM (LinearSVC)
text__in this,1.0343909441380328,SVM (LinearSVC)
text__challenges and,1.033296657012183,SVM (LinearSVC)
text__genuine,1.033174449402976,SVM (LinearSVC)
text__outputs,1.0321084118189896,SVM (LinearSVC)
text__integration,1.0317890538689323,SVM (LinearSVC)
text__logic,1.0311899168725953,SVM (LinearSVC)
text__colleagues,1.029939344730488,SVM (LinearSVC)
text__who is,1.0276937932073322,SVM (LinearSVC)
text__qualifications bachelor,1.0264102916933304,SVM (LinearSVC)
text__underwriting,1.025886672750411,SVM (LinearSVC)
text__interested,1.0248769419804544,SVM (LinearSVC)
text__and we,1.0247168778916849,SVM (LinearSVC)
text__infrastructure as,1.0239453168201662,SVM (LinearSVC)
text__world,1.023184069008406,SVM (LinearSVC)
text__suite,1.0200070051777221,SVM (LinearSVC)
text__our people,1.0166291694710243,SVM (LinearSVC)
text__into,1.015685121318149,SVM (LinearSVC)
text__marketplace,1.0142382500493534,SVM (LinearSVC)
text__401k,1.0129873270331362,SVM (LinearSVC)
text__to create,1.0110924647506043,SVM (LinearSVC)
text__investment,1.0096460472105322,SVM (LinearSVC)
text__usage,1.0081282405039556,SVM (LinearSVC)
text__as code,1.0074596742286777,SVM (LinearSVC)
text__challenging,1.0066147749591718,SVM (LinearSVC)
text__what you,1.0061728477766727,SVM (LinearSVC)
text__working in,1.005382864746771,SVM (LinearSVC)
text__about our,1.0049546933157418,SVM (LinearSVC)
text__future of,1.004723815962668,SVM (LinearSVC)
text__and quality,1.0043711138376665,SVM (LinearSVC)
text__technical,1.003338640653669,SVM (LinearSVC)
text__your skills,1.0028171047812546,SVM (LinearSVC)
text__made,1.0022230347014476,SVM (LinearSVC)
text__including the,1.0012923737197852,SVM (LinearSVC)
text__overall,0.9977797699868333,SVM (LinearSVC)
text__transform,0.9963230827973831,SVM (LinearSVC)
text__this opportunity,0.9962384891000335,SVM (LinearSVC)
text__365,0.9962177955733559,SVM (LinearSVC)
text__gcp,0.9949938076560743,SVM (LinearSVC)
text__skills experience,0.9933205032609047,SVM (LinearSVC)
text__deal,0.9932762108528702,SVM (LinearSVC)
text__serve as,0.9927732311682327,SVM (LinearSVC)
text__outside of,0.9926074533961738,SVM (LinearSVC)
text__on experience,0.9914112904786282,SVM (LinearSVC)
text__become,0.990078061813964,SVM (LinearSVC)
text__of an,0.9896019622885357,SVM (LinearSVC)
text__research,0.9887145864157553,SVM (LinearSVC)
text__analysts,0.987466301819397,SVM (LinearSVC)
text__within the,0.9861050708002251,SVM (LinearSVC)
text__generate,0.986012299906962,SVM (LinearSVC)
text__total rewards,0.9858834820787818,SVM (LinearSVC)
text__professional development,0.9855708114382891,SVM (LinearSVC)
text__its,0.9848052846474733,SVM (LinearSVC)
text__account executive,0.9814834396581084,SVM (LinearSVC)
text__clearance,0.9808834771986861,SVM (LinearSVC)
text__queries,0.9807616608012195,SVM (LinearSVC)
text__we provide,0.9798732899389206,SVM (LinearSVC)
text__retail,0.9798666903052548,SVM (LinearSVC)
text__about the,0.9774365733326864,SVM (LinearSVC)
text__projects and,0.9765959547508934,SVM (LinearSVC)
text__feedback,0.9737252102820714,SVM (LinearSVC)
text__customer service,0.972763646895942,SVM (LinearSVC)
text__develop,0.9727488308565636,SVM (LinearSVC)
text__800,0.9721422325098251,SVM (LinearSVC)
text__feedback to,0.9710544866496515,SVM (LinearSVC)
text__demands,0.9700301957625974,SVM (LinearSVC)
text__reviewing,0.967399595907669,SVM (LinearSVC)
text__ideally,0.9665429873823462,SVM (LinearSVC)
text__disabilities,0.9654890926743105,SVM (LinearSVC)
text__video,0.9634344623511399,SVM (LinearSVC)
text__college,0.9622360815628211,SVM (LinearSVC)
text__led,0.9621638495114105,SVM (LinearSVC)
text__tax,0.9620538082179763,SVM (LinearSVC)
text__improvements,0.9619651935708152,SVM (LinearSVC)
text__metrics,0.9613626746662094,SVM (LinearSVC)
text__have,0.9608268273921472,SVM (LinearSVC)
text__short,0.959267508438086,SVM (LinearSVC)
text__via,0.9592325705209507,SVM (LinearSVC)
text__must,0.956445142605118,SVM (LinearSVC)
text__global,0.9551301569086621,SVM (LinearSVC)
text__savings,0.95472188586391,SVM (LinearSVC)
text__focus on,0.9547158216430801,SVM (LinearSVC)
text__products and,0.9521379732107997,SVM (LinearSVC)
text__systems and,0.951538855285903,SVM (LinearSVC)
text__performing,0.9510828086928974,SVM (LinearSVC)
text__and automation,0.9508329289321945,SVM (LinearSVC)
text__with and,0.9507917220951899,SVM (LinearSVC)
text__the power,0.950420988985419,SVM (LinearSVC)
text__up to,0.9503996661433353,SVM (LinearSVC)
text__dental and,0.9500433418115263,SVM (LinearSVC)
text__calls,0.9490015721687723,SVM (LinearSVC)
text__recognized,0.9479463300578537,SVM (LinearSVC)
text__next,0.9470668334245562,SVM (LinearSVC)
text__and how,0.9469595507067937,SVM (LinearSVC)
text__high performance,0.9462850365253279,SVM (LinearSVC)
text__cloud native,0.945243002614283,SVM (LinearSVC)
text__worked,0.9426499309506281,SVM (LinearSVC)
text__affairs,0.94255086828321,SVM (LinearSVC)
text__to understand,0.9422144071352302,SVM (LinearSVC)
text__avec,0.9407991398650407,SVM (LinearSVC)
text__scripts,0.9407756827136957,SVM (LinearSVC)
text__life sciences,0.9399496721514958,SVM (LinearSVC)
text__lasting,0.9397549165009346,SVM (LinearSVC)
text__driven by,0.9378751270738847,SVM (LinearSVC)
text__ip,0.9370412471172597,SVM (LinearSVC)
text__individuals with,0.9366492154225152,SVM (LinearSVC)
text__regulatory,0.9362510487040393,SVM (LinearSVC)
text__hear,0.933370038529474,SVM (LinearSVC)
text__financial services,0.9327572004676868,SVM (LinearSVC)
text__the end,0.932724930662096,SVM (LinearSVC)
text__judgment,0.932270202960979,SVM (LinearSVC)
text__implement,0.9322212136357763,SVM (LinearSVC)
text__actual,0.9320949953563216,SVM (LinearSVC)
text__delivering,0.931462855656154,SVM (LinearSVC)
text__of clinical,0.9311242899641734,SVM (LinearSVC)
text__create,0.9310319958334528,SVM (LinearSVC)
text__joining,0.9306063386231643,SVM (LinearSVC)
text__interview,0.9303220008265952,SVM (LinearSVC)
text__strongly preferred,0.9294520382705392,SVM (LinearSVC)
text__across multiple,0.9287962841659463,SVM (LinearSVC)
text__required to,0.9281864395753435,SVM (LinearSVC)
text__python,0.9277595487005467,SVM (LinearSVC)
text__phase,0.9261074178368743,SVM (LinearSVC)
text__families,0.9257318905865023,SVM (LinearSVC)
text__reporting to,0.9244397525831837,SVM (LinearSVC)
text__profile,0.9230798883335115,SVM (LinearSVC)
text__well being,0.9228714723945936,SVM (LinearSVC)
text__markets,0.9218239852392983,SVM (LinearSVC)
text__sales,0.9216462182781082,SVM (LinearSVC)
text__are looking,0.9193398609478584,SVM (LinearSVC)
text__readiness,0.9193163831598684,SVM (LinearSVC)
text__exchange,0.9181532007800978,SVM (LinearSVC)
text__manager senior,0.9175687149707776,SVM (LinearSVC)
text__gartner,0.9174007077954321,SVM (LinearSVC)
text__fundraising,0.9171109216032105,SVM (LinearSVC)
text__board,0.9165553065190613,SVM (LinearSVC)
text__geographic,0.9163968556371694,SVM (LinearSVC)
text__qualification,0.9159428809884185,SVM (LinearSVC)
text__space,0.9153328818612888,SVM (LinearSVC)
text__and contribute,0.9140837461694461,SVM (LinearSVC)
text__financial,0.9137010470308913,SVM (LinearSVC)
text__boundaries,0.913425043009816,SVM (LinearSVC)
text__to evaluate,0.9133873967486876,SVM (LinearSVC)
text__11,0.9129138546022075,SVM (LinearSVC)
text__protocols,0.9111122577647764,SVM (LinearSVC)
text__one,0.9101442880694544,SVM (LinearSVC)
text__is to,0.9085420427089312,SVM (LinearSVC)
text__ist,0.9076047756096631,SVM (LinearSVC)
text__with the,0.9066823736955485,SVM (LinearSVC)
text__our,0.9065780253947546,SVM (LinearSVC)
text__scheduling,0.9056247329357645,SVM (LinearSVC)
text__executing,0.9044957291149732,SVM (LinearSVC)
text__have strong,0.9024474350675653,SVM (LinearSVC)
text__united,0.9011977227253638,SVM (LinearSVC)
text__reduce,0.9009948366014507,SVM (LinearSVC)
text__let,0.9007559804384089,SVM (LinearSVC)
text__client relationships,0.9006246089933074,SVM (LinearSVC)
text__conviction,0.9004639716913562,SVM (LinearSVC)
text__wide,0.900204338607035,SVM (LinearSVC)
text__across all,0.8995721407292305,SVM (LinearSVC)
text__listening,0.8995517618525413,SVM (LinearSVC)
text__judgment and,0.898914281654785,SVM (LinearSVC)
text__passion for,0.8978900520971987,SVM (LinearSVC)
text__effectively with,0.896910546697403,SVM (LinearSVC)
text__shaping,0.8950068521682993,SVM (LinearSVC)
text__urgency,0.8949814129706539,SVM (LinearSVC)
text__provides,0.8937864239649274,SVM (LinearSVC)
text__professionals,0.8933102733295532,SVM (LinearSVC)
text__dynamics,0.8920984525645671,SVM (LinearSVC)
text__interactions,0.8918462055594713,SVM (LinearSVC)
text__sell,0.8911675514879542,SVM (LinearSVC)
text__brings,0.8895139463532801,SVM (LinearSVC)
text__offices,0.8895018104675769,SVM (LinearSVC)
text__factors,0.8892619555873709,SVM (LinearSVC)
text__effectiveness,0.8881030973323724,SVM (LinearSVC)
text__identification,0.8878149057644928,SVM (LinearSVC)
text__remote work,0.8876670722919088,SVM (LinearSVC)
text__development manager,0.8870932851298898,SVM (LinearSVC)
text__campaign,0.8862267179868784,SVM (LinearSVC)
text__degree in,0.8847620956229901,SVM (LinearSVC)
text__engineer developer,0.8839784506608312,SVM (LinearSVC)
text__of professional,0.8834622650875382,SVM (LinearSVC)
text__benefit,0.8834189471222009,SVM (LinearSVC)
text__not required,0.8807398055910843,SVM (LinearSVC)
text__valid,0.8801442873451917,SVM (LinearSVC)
text__experience as,0.8800459498111349,SVM (LinearSVC)
text__these,0.8800132907678104,SVM (LinearSVC)
text__are you,0.8798224686963436,SVM (LinearSVC)
text__starting,0.879791568954398,SVM (LinearSVC)
text__empathy,0.8797398459957924,SVM (LinearSVC)
text__approval,0.8792727236045966,SVM (LinearSVC)
text__is,0.8791369258450997,SVM (LinearSVC)
text__sciences,0.8786589396427809,SVM (LinearSVC)
text__and is,0.8780132935872688,SVM (LinearSVC)
text__strive,0.8765469306518315,SVM (LinearSVC)
text__powerpoint,0.8762051439078503,SVM (LinearSVC)
text__we do,0.875717974237499,SVM (LinearSVC)
text__litigation,0.8744984142577422,SVM (LinearSVC)
text__final,0.8727459203534517,SVM (LinearSVC)
text__standard,0.8716575654360607,SVM (LinearSVC)
text__direction,0.8707462823931807,SVM (LinearSVC)
text__with engineering,0.869542859454435,SVM (LinearSVC)
text__our business,0.8692617275199729,SVM (LinearSVC)
text__experienced,0.8691948678819056,SVM (LinearSVC)
text__reimbursement,0.8681145064261605,SVM (LinearSVC)
text__targets,0.8661985898413638,SVM (LinearSVC)
text__operations manager,0.8644839584359063,SVM (LinearSVC)
text__changes,0.8644308350369725,SVM (LinearSVC)
text__aws,0.8632988787219318,SVM (LinearSVC)
text__your resume,0.8624951085302682,SVM (LinearSVC)
text__out of,0.8611121191665152,SVM (LinearSVC)
text__depending,0.8610638630832806,SVM (LinearSVC)
text__wellbeing,0.8609054090564915,SVM (LinearSVC)
text__methodology,0.8601714135464091,SVM (LinearSVC)
text__improve the,0.8592839514987233,SVM (LinearSVC)
text__with disability,0.8589380899857674,SVM (LinearSVC)
text__procedures,0.8588289586212641,SVM (LinearSVC)
text__production,0.858742461994943,SVM (LinearSVC)
text__goals,0.8585567152461079,SVM (LinearSVC)
text__shift,0.85822603386269,SVM (LinearSVC)
text__that you,0.8577640711365637,SVM (LinearSVC)
text__because,0.8556044994961124,SVM (LinearSVC)
text__continuous learning,0.8552120930184833,SVM (LinearSVC)
text__virtual,0.8549824122448422,SVM (LinearSVC)
text__scalable,0.853851979458472,SVM (LinearSVC)
text__network of,0.8534267264831382,SVM (LinearSVC)
text__fields,0.8526054589404116,SVM (LinearSVC)
text__volume,0.8525470387432167,SVM (LinearSVC)
text__award,0.8523049957634651,SVM (LinearSVC)
text__those who,0.8514833686394684,SVM (LinearSVC)
text__visa,0.8511203500528951,SVM (LinearSVC)
text__heart,0.851102859243347,SVM (LinearSVC)
text__assistant,0.8510667674289342,SVM (LinearSVC)
text__we ll,0.8504544910844266,SVM (LinearSVC)
text__call center,0.85022286300268,SVM (LinearSVC)
text__are seeking,0.8500810524094929,SVM (LinearSVC)
text__time and,0.8497568706198252,SVM (LinearSVC)
text__doing,0.8493827686411614,SVM (LinearSVC)
text__with our,0.8489293218987686,SVM (LinearSVC)
text__united states,0.8486664300732791,SVM (LinearSVC)
text__ideal for,0.8472222810886646,SVM (LinearSVC)
text__the sales,0.8464811095632832,SVM (LinearSVC)
text__accountable,0.8462452029090964,SVM (LinearSVC)
text__communication skills,0.8460948145494516,SVM (LinearSVC)
text__inspire,0.8457889656214356,SVM (LinearSVC)
text__not be,0.8452782521952648,SVM (LinearSVC)
text__barriers,0.8452257083217851,SVM (LinearSVC)
text__text,0.844435492380452,SVM (LinearSVC)
text__intelligence,0.8438651226824457,SVM (LinearSVC)
text__lifestyle,0.8433505684905341,SVM (LinearSVC)
text__that,0.8431332118913439,SVM (LinearSVC)
text__direct,0.8428442462579558,SVM (LinearSVC)
text__all aspects,0.8418236979701518,SVM (LinearSVC)
text__ranges,0.8417181719350009,SVM (LinearSVC)
text__goals and,0.8405850572652117,SVM (LinearSVC)
text__checks,0.8403731935163141,SVM (LinearSVC)
text__ambiguity,0.8397418628911971,SVM (LinearSVC)
text__workload,0.8390469255688178,SVM (LinearSVC)
text__solving and,0.8389435661925605,SVM (LinearSVC)
text__job is,0.8382022420363886,SVM (LinearSVC)
text__the team,0.8380228657702125,SVM (LinearSVC)
text__local law,0.8365858890794003,SVM (LinearSVC)
text__401,0.8362177492876494,SVM (LinearSVC)
text__things,0.835814327674901,SVM (LinearSVC)
text__essential functions,0.8357367927944767,SVM (LinearSVC)
text__submission,0.8356341138519071,SVM (LinearSVC)
text__cases,0.8350265218195696,SVM (LinearSVC)
text__done,0.8349352612262507,SVM (LinearSVC)
text__to accelerate,0.8347888679419565,SVM (LinearSVC)
text__exciting,0.8344838302016133,SVM (LinearSVC)
text__experience in,0.8341783231625705,SVM (LinearSVC)
text__enterprise,0.8328262513147148,SVM (LinearSVC)
text__make,0.8319650624332195,SVM (LinearSVC)
text__confidential,0.8308635693310172,SVM (LinearSVC)
text__als,0.8298202622724457,SVM (LinearSVC)
text__opportunity to,0.8292080713427696,SVM (LinearSVC)
text__include,0.8285891546357793,SVM (LinearSVC)
text__with other,0.8279619494236706,SVM (LinearSVC)
text__regulatory requirements,0.8275178069582572,SVM (LinearSVC)
text__fullstack,0.8274964038563557,SVM (LinearSVC)
text__post,0.827073017661831,SVM (LinearSVC)
text__life,0.8269786552799095,SVM (LinearSVC)
text__further,0.8268249626336904,SVM (LinearSVC)
text__customer and,0.8266162396636788,SVM (LinearSVC)
text__receive,0.8263120999921956,SVM (LinearSVC)
text__and modern,0.826280468052883,SVM (LinearSVC)
text__scaling,0.8258082795023528,SVM (LinearSVC)
text__und,0.8253452203531082,SVM (LinearSVC)
text__ll have,0.8246485563964407,SVM (LinearSVC)
text__product and,0.8243522382040597,SVM (LinearSVC)
text__se,0.8233672823260682,SVM (LinearSVC)
text__located,0.8221132066469498,SVM (LinearSVC)
text__et,0.8212930954376166,SVM (LinearSVC)
text__institutions,0.821249155154451,SVM (LinearSVC)
text__sharing,0.8208216975368399,SVM (LinearSVC)
text__entry level,0.8206594364356892,SVM (LinearSVC)
text__professionally,0.8205194774240105,SVM (LinearSVC)
text__practices and,0.8196233992621246,SVM (LinearSVC)
text__directly,0.8191940308716478,SVM (LinearSVC)
text__sowie,0.8189341287448585,SVM (LinearSVC)
text__partners to,0.8185557104901457,SVM (LinearSVC)
text__the senior,0.8176337467806686,SVM (LinearSVC)
text__rules,0.8172301974902251,SVM (LinearSVC)
text__built on,0.8171354111782363,SVM (LinearSVC)
text__specific,0.8169507370561986,SVM (LinearSVC)
text__more than,0.8160707633536594,SVM (LinearSVC)
text__enterprises,0.8157198380853693,SVM (LinearSVC)
text__messages,0.8147361835669663,SVM (LinearSVC)
text__better,0.8146806295290112,SVM (LinearSVC)
text__integrated,0.8137698169789461,SVM (LinearSVC)
text__authorized,0.813343866380331,SVM (LinearSVC)
text__origin age,0.8129720902378027,SVM (LinearSVC)
text__to design,0.8119558155060821,SVM (LinearSVC)
text__informed,0.8118852999976817,SVM (LinearSVC)
text__bonuses,0.8108776236545435,SVM (LinearSVC)
text__territory,0.8108033225533121,SVM (LinearSVC)
text__of relevant,0.809648216110798,SVM (LinearSVC)
text__statements,0.8094288031473285,SVM (LinearSVC)
text__south,0.8091001642798475,SVM (LinearSVC)
text__claim,0.8081938107710392,SVM (LinearSVC)
text__selection,0.8065453419941122,SVM (LinearSVC)
text__processes,0.8056973240679159,SVM (LinearSVC)
text__providing,0.8043833117483253,SVM (LinearSVC)
text__ground,0.8041364831999717,SVM (LinearSVC)
text__the hiring,0.8039316824858442,SVM (LinearSVC)
text__technical support,0.8038736543738649,SVM (LinearSVC)
text__fit for,0.8017066729104151,SVM (LinearSVC)
text__strengthen,0.8009746933551634,SVM (LinearSVC)
text__california,0.8006199033231433,SVM (LinearSVC)
text__and commercial,0.7989121191660954,SVM (LinearSVC)
text__stakeholder,0.7984397217335611,SVM (LinearSVC)
text__related field,0.7981821629547428,SVM (LinearSVC)
text__to have,0.7980317993515801,SVM (LinearSVC)
text__sales development,0.7976003484472558,SVM (LinearSVC)
text__sick,0.7975889963741704,SVM (LinearSVC)
text__ideas,0.7974515555226139,SVM (LinearSVC)
text__work in,0.7973787749022431,SVM (LinearSVC)
text__retention,0.797312987670877,SVM (LinearSVC)
text__experience years,0.7969291253460585,SVM (LinearSVC)
text__experience and,0.7965207810200974,SVM (LinearSVC)
text__process,0.794887136062316,SVM (LinearSVC)
text__manager to,0.7938527419885131,SVM (LinearSVC)
text__with clear,0.7936363810502335,SVM (LinearSVC)
text__work from,0.7932839730308083,SVM (LinearSVC)
text__bilingual,0.7925459623576454,SVM (LinearSVC)
text__diagnostic,0.7920404283092249,SVM (LinearSVC)
text__regular,0.7916986630041359,SVM (LinearSVC)
text__skilled,0.7906611026813629,SVM (LinearSVC)
text__that is,0.7905503534698295,SVM (LinearSVC)
text__this is,0.7905139876924505,SVM (LinearSVC)
text__improving,0.7885884718846955,SVM (LinearSVC)
text__workday,0.7881841444053632,SVM (LinearSVC)
text__major,0.7876573333835021,SVM (LinearSVC)
text__associate,0.7873095402290583,SVM (LinearSVC)
text__coding,0.7857848423921736,SVM (LinearSVC)
text__often,0.7857351059983754,SVM (LinearSVC)
text__process please,0.785540543102213,SVM (LinearSVC)
text__many,0.7848730308781919,SVM (LinearSVC)
text__banking,0.7827675367043411,SVM (LinearSVC)
text__curious,0.7826836781092172,SVM (LinearSVC)
text__continuous improvement,0.7824085775488383,SVM (LinearSVC)
text__observability,0.7822343618864451,SVM (LinearSVC)
text__economics,0.782007137916228,SVM (LinearSVC)
text__fostering,0.7805407811358249,SVM (LinearSVC)
text__transparency,0.780308310173607,SVM (LinearSVC)
text__side,0.7802520918796004,SVM (LinearSVC)
text__problems,0.7798892416338263,SVM (LinearSVC)
text__believe that,0.7794710701882184,SVM (LinearSVC)
text__bonus,0.779147484888005,SVM (LinearSVC)
text__decision,0.7788947064597735,SVM (LinearSVC)
text__special,0.7787459424277157,SVM (LinearSVC)
text__fraud,0.7787344628895355,SVM (LinearSVC)
text__two,0.7778139845334433,SVM (LinearSVC)
text__professional services,0.7773649533204862,SVM (LinearSVC)
text__positive,0.7773389919217353,SVM (LinearSVC)
text__property,0.7768049991618906,SVM (LinearSVC)
text__data and,0.7764087143024752,SVM (LinearSVC)
text__depending on,0.7763248055012119,SVM (LinearSVC)
text__health,0.7753292404623157,SVM (LinearSVC)
text__uses,0.7752221164318001,SVM (LinearSVC)
text__they,0.7739956620294437,SVM (LinearSVC)
text__way,0.773972613927222,SVM (LinearSVC)
text__evolve,0.7737442475824674,SVM (LinearSVC)
text__ways,0.773626956156741,SVM (LinearSVC)
text__spanish,0.7734506287795238,SVM (LinearSVC)
text__foundation,0.7731139503661822,SVM (LinearSVC)
text__perform the,0.7724554464850789,SVM (LinearSVC)
text__set,0.772279884978029,SVM (LinearSVC)
text__employment opportunities,0.7721368241818568,SVM (LinearSVC)
text__saas,0.7709139179388171,SVM (LinearSVC)
text__locations,0.7708883620342559,SVM (LinearSVC)
text__certification,0.7702286088433479,SVM (LinearSVC)
text__with customer,0.7699623807868109,SVM (LinearSVC)
text__50,0.7696448718715616,SVM (LinearSVC)
text__work life,0.7694887933751456,SVM (LinearSVC)
text__recovery,0.7679516308452242,SVM (LinearSVC)
text__fair,0.765257642997282,SVM (LinearSVC)
text__continuously,0.7650227875970117,SVM (LinearSVC)
text__support our,0.7649369162192357,SVM (LinearSVC)
text__and governance,0.764449078711042,SVM (LinearSVC)
text__efficiently,0.7639176843281162,SVM (LinearSVC)
text__products,0.7636953743719097,SVM (LinearSVC)
text__other duties,0.7627546854414773,SVM (LinearSVC)
text__whole,0.7617073190036081,SVM (LinearSVC)
text__ability,0.7602593406246128,SVM (LinearSVC)
text__requirements for,0.7597374553721112,SVM (LinearSVC)
text__duties and,0.7591871692767803,SVM (LinearSVC)
text__100 remote,0.7587702365299871,SVM (LinearSVC)
text__scheduled,0.7584451129263526,SVM (LinearSVC)
text__schedule,0.7580873626708793,SVM (LinearSVC)
text__family,0.7579424167157812,SVM (LinearSVC)
text__ownership,0.7579081387083523,SVM (LinearSVC)
text__employer and,0.7578291025635667,SVM (LinearSVC)
text__rn,0.7572161968398827,SVM (LinearSVC)
text__business needs,0.7563437895742597,SVM (LinearSVC)
text__vision insurance,0.7561111742375518,SVM (LinearSVC)
text__tiktok,0.755674182804215,SVM (LinearSVC)
text__guide,0.7556412796605966,SVM (LinearSVC)
text__leadership and,0.7553312422010287,SVM (LinearSVC)
text__capture,0.755206762211861,SVM (LinearSVC)
text__and performance,0.7550850960258866,SVM (LinearSVC)
text__proactive,0.7550407159478282,SVM (LinearSVC)
text__forms,0.75473142040579,SVM (LinearSVC)
text__skills to,0.7545201635352143,SVM (LinearSVC)
text__science,0.7534550133526459,SVM (LinearSVC)
text__order,0.7526360501495604,SVM (LinearSVC)
text__bright,0.7526076185128037,SVM (LinearSVC)
text__shape,0.7513887570565086,SVM (LinearSVC)
text__submit,0.7511078759799354,SVM (LinearSVC)
text__english and,0.7506941151606026,SVM (LinearSVC)
text__typically,0.7499760783532479,SVM (LinearSVC)
text__vision,0.7493724792431213,SVM (LinearSVC)
text__customers and,0.7490846438525565,SVM (LinearSVC)
text__problems and,0.7484462457866069,SVM (LinearSVC)
text__will be,0.748176243639449,SVM (LinearSVC)
text__cloud infrastructure,0.7476905350340274,SVM (LinearSVC)
text__various,0.7474098490266058,SVM (LinearSVC)
text__accurate and,0.7448413847300288,SVM (LinearSVC)
text__required years,0.7440172417040282,SVM (LinearSVC)
text__comfort,0.7435311795404727,SVM (LinearSVC)
text__detection,0.7431580575003457,SVM (LinearSVC)
text__vendor,0.7421310178950128,SVM (LinearSVC)
text__ll be,0.7420639954982681,SVM (LinearSVC)
text__des,0.7419876099379876,SVM (LinearSVC)
text__seeking an,0.7418263981037809,SVM (LinearSVC)
text__physical,0.7415777637741315,SVM (LinearSVC)
text__person,0.7415643243734972,SVM (LinearSVC)
text__fluency in,0.7411991030941639,SVM (LinearSVC)
text__engagement,0.7404669054235288,SVM (LinearSVC)
text__for you,0.7399707271774811,SVM (LinearSVC)
text__resolving,0.7398892309508377,SVM (LinearSVC)
text__success,0.7397217623483624,SVM (LinearSVC)
text__work and,0.7385159415449535,SVM (LinearSVC)
text__applicant,0.7380515251731835,SVM (LinearSVC)
text__why join,0.737442536666711,SVM (LinearSVC)
text__solutions for,0.7370304133166811,SVM (LinearSVC)
text__and resolve,0.7366594797579566,SVM (LinearSVC)
text__food,0.7366289702901061,SVM (LinearSVC)
text__sales representative,0.7357841762384414,SVM (LinearSVC)
text__common,0.7353204518445265,SVM (LinearSVC)
text__the recruitment,0.7352223971553047,SVM (LinearSVC)
text__with data,0.7349686713328277,SVM (LinearSVC)
text__seamless,0.7342923261660813,SVM (LinearSVC)
text__launch,0.7341512522643678,SVM (LinearSVC)
text__levels of,0.7331172382997299,SVM (LinearSVC)
text__du,0.732416741151667,SVM (LinearSVC)
text__like to,0.7323670089279851,SVM (LinearSVC)
text__of work,0.7322573007284029,SVM (LinearSVC)
text__please contact,0.7317619446342709,SVM (LinearSVC)
text__generated,0.7315132923823311,SVM (LinearSVC)
text__join us,0.7312441565308235,SVM (LinearSVC)
text__chief,0.731117026442828,SVM (LinearSVC)
text__equity,0.7309267927900399,SVM (LinearSVC)
text__including but,0.7307564956393849,SVM (LinearSVC)
text__risks and,0.7300261483119594,SVM (LinearSVC)
text__and regulatory,0.7299501662202771,SVM (LinearSVC)
text__zones,0.7299443764317015,SVM (LinearSVC)
text__dependent,0.7296754467208507,SVM (LinearSVC)
text__least,0.7294153881146223,SVM (LinearSVC)
text__is also,0.7294121819089857,SVM (LinearSVC)
text__acceptance,0.7294036029610723,SVM (LinearSVC)
text__ideal candidate,0.7277530571163952,SVM (LinearSVC)
text__owns,0.7274775150558319,SVM (LinearSVC)
text__erp,0.7273687208253566,SVM (LinearSVC)
text__25,0.726690412864871,SVM (LinearSVC)
text__the appropriate,0.7261381315444164,SVM (LinearSVC)
text__utilizing,0.7260187089972181,SVM (LinearSVC)
text__head,0.7258262088647518,SVM (LinearSVC)
text__and written,0.72465447466376,SVM (LinearSVC)
text__legally protected,0.7246464037806145,SVM (LinearSVC)
text__to take,0.7240289885545583,SVM (LinearSVC)
text__im,0.7219938293648676,SVM (LinearSVC)
text__and communication,0.7219760059490572,SVM (LinearSVC)
text__work across,0.7218732625066377,SVM (LinearSVC)
text__home,0.7205782994496689,SVM (LinearSVC)
text__manner,0.7202590717125948,SVM (LinearSVC)
text__and what,0.7200795218690218,SVM (LinearSVC)
text__customers to,0.7197095972457379,SVM (LinearSVC)
text__function,0.7191377080415348,SVM (LinearSVC)
text__apply now,0.7189673079201316,SVM (LinearSVC)
text__encouraged to,0.7181150356387146,SVM (LinearSVC)
text__operations and,0.7178070962211941,SVM (LinearSVC)
text__specifically,0.7175556899278637,SVM (LinearSVC)
text__feel,0.7168993442345928,SVM (LinearSVC)
text__sales director,0.7166642512051002,SVM (LinearSVC)
text__center,0.7164732390739846,SVM (LinearSVC)
text__associates,0.7151567767960667,SVM (LinearSVC)
text__sales account,0.714673067876958,SVM (LinearSVC)
text__supply,0.7145666788279594,SVM (LinearSVC)
text__and have,0.7143506550682447,SVM (LinearSVC)
text__it,0.7141519431026784,SVM (LinearSVC)
text__benefits package,0.7141165373354731,SVM (LinearSVC)
text__ambiguous,0.7136790048249149,SVM (LinearSVC)
text__director,0.7133734458702851,SVM (LinearSVC)
text__eligible to,0.7126906732893673,SVM (LinearSVC)
text__infrastructure,0.7123319033055453,SVM (LinearSVC)
text__10,0.7122974870097191,SVM (LinearSVC)
text__docker,0.711939826450515,SVM (LinearSVC)
text__job,0.7117118090325953,SVM (LinearSVC)
text__focus,0.7107628874589315,SVM (LinearSVC)
text__build the,0.7105441320741122,SVM (LinearSVC)
text__win,0.7104076101587489,SVM (LinearSVC)
text__une,0.7103108945233579,SVM (LinearSVC)
text__least years,0.7100982356993446,SVM (LinearSVC)
text__experience experience,0.7092809324443422,SVM (LinearSVC)
text__soluções,0.7090235193958825,SVM (LinearSVC)
text__according to,0.7084613711235268,SVM (LinearSVC)
text__according,0.7084613711235268,SVM (LinearSVC)
text__scale,0.7084493191149965,SVM (LinearSVC)
text__generation,0.7063667755199934,SVM (LinearSVC)
text__migration,0.7062391414970922,SVM (LinearSVC)
text__follow,0.7060792649223993,SVM (LinearSVC)
text__moving,0.7059568399316078,SVM (LinearSVC)
text__and related,0.7056942054521462,SVM (LinearSVC)
text__competitive,0.7051697979503964,SVM (LinearSVC)
text__onboarding,0.7051389437575679,SVM (LinearSVC)
text__with clients,0.7050549602059246,SVM (LinearSVC)
text__program management,0.7041834501075235,SVM (LinearSVC)
text__independently,0.7030550806410116,SVM (LinearSVC)
text__weekly,0.7029114108565794,SVM (LinearSVC)
text__considerations,0.7027566749833806,SVM (LinearSVC)
text__startup,0.7020410862515595,SVM (LinearSVC)
text__future,0.7012326686639361,SVM (LinearSVC)
text__triage,0.7001664659836371,SVM (LinearSVC)
text__employer we,0.6997520125658717,SVM (LinearSVC)
text__teams,0.6996621892138333,SVM (LinearSVC)
text__proud,0.6992638300943556,SVM (LinearSVC)
text__exercise,0.6992344037624315,SVM (LinearSVC)
text__computer,0.6988735117074595,SVM (LinearSVC)
text__is ideal,0.6986922505368587,SVM (LinearSVC)
text__auditor,0.6985870217749073,SVM (LinearSVC)
text__international,0.6972236744232574,SVM (LinearSVC)
text__insights,0.6970370255143875,SVM (LinearSVC)
text__regions,0.6966351640158218,SVM (LinearSVC)
text__inbound,0.6965918037956831,SVM (LinearSVC)
text__preferred,0.6965517918204562,SVM (LinearSVC)
text__ms,0.6955164717784316,SVM (LinearSVC)
text__coordinate with,0.6952046728902198,SVM (LinearSVC)
text__le,0.694879124596033,SVM (LinearSVC)
text__obtain,0.6934733653983189,SVM (LinearSVC)
text__currently,0.692897809480177,SVM (LinearSVC)
text__your career,0.6924760516290344,SVM (LinearSVC)
text__legacy,0.691461318106682,SVM (LinearSVC)
text__of ai,0.6911554760912689,SVM (LinearSVC)
text__structures,0.6909910040129709,SVM (LinearSVC)
text__we will,0.6907883299260228,SVM (LinearSVC)
text__operational,0.6906377584924015,SVM (LinearSVC)
text__and infrastructure,0.690603114097941,SVM (LinearSVC)
text__automation and,0.6905629369749009,SVM (LinearSVC)
text__academic,0.6905157015473258,SVM (LinearSVC)
text__labor,0.6901415261382599,SVM (LinearSVC)
text__statistical,0.6897260607431908,SVM (LinearSVC)
text__architecture,0.6892334375524496,SVM (LinearSVC)
text__through the,0.6891879730077273,SVM (LinearSVC)
text__stay,0.6890851434812179,SVM (LinearSVC)
text__satisfaction,0.6886031966210036,SVM (LinearSVC)
text__work for,0.6885479126905342,SVM (LinearSVC)
text__genetic information,0.6878806262992266,SVM (LinearSVC)
text__commercial,0.6873871998165245,SVM (LinearSVC)
text__github,0.6868332795933918,SVM (LinearSVC)
text__information about,0.6862146585095235,SVM (LinearSVC)
text__stories,0.6861347625361243,SVM (LinearSVC)
text__valued,0.6860538857762373,SVM (LinearSVC)
text__collaborative,0.6859298250212365,SVM (LinearSVC)
text__primary,0.6857092226710149,SVM (LinearSVC)
text__advantage,0.6854504948123982,SVM (LinearSVC)
text__implementation of,0.6852128970781782,SVM (LinearSVC)
text__through our,0.6847217745468156,SVM (LinearSVC)
text__to deliver,0.6844452912169954,SVM (LinearSVC)
text__business outcomes,0.684112198255466,SVM (LinearSVC)
text__90,0.6836680705099587,SVM (LinearSVC)
text__the entire,0.6827665497254007,SVM (LinearSVC)
text__prioritize,0.6822783541607211,SVM (LinearSVC)
text__director director,0.6816445922706281,SVM (LinearSVC)
text__advancement,0.6815974246096512,SVM (LinearSVC)
text__models and,0.681214907928432,SVM (LinearSVC)
text__while maintaining,0.6810471093489283,SVM (LinearSVC)
text__transformation,0.6807048223352047,SVM (LinearSVC)
text__real time,0.6802439635465974,SVM (LinearSVC)
text__reach,0.6800319923195701,SVM (LinearSVC)
text__the development,0.679898440319443,SVM (LinearSVC)
text__builder,0.6782890652531165,SVM (LinearSVC)
text__the first,0.6782049618175994,SVM (LinearSVC)
text__empower,0.6778469291324623,SVM (LinearSVC)
text__seo,0.6776367632498547,SVM (LinearSVC)
text__to shape,0.6773775309175393,SVM (LinearSVC)
text__the core,0.6772980430330973,SVM (LinearSVC)
text__data governance,0.6771190861806053,SVM (LinearSVC)
text__actionable,0.6765675336524175,SVM (LinearSVC)
text__and experiences,0.6761593290149193,SVM (LinearSVC)
text__auch,0.6757587807716222,SVM (LinearSVC)
text__meetings,0.6753460687606458,SVM (LinearSVC)
text__multi,0.6751092256067621,SVM (LinearSVC)
text__processes and,0.6750453030257769,SVM (LinearSVC)
text__kunden,0.6750275281251084,SVM (LinearSVC)
text__efficiency and,0.6749682794990293,SVM (LinearSVC)
text__recurring,0.6749614726450082,SVM (LinearSVC)
text__inclusive,0.6748313325943064,SVM (LinearSVC)
text__strong attention,0.6747993952200936,SVM (LinearSVC)
text__delivery,0.674670637923573,SVM (LinearSVC)
text__20,0.674566129981857,SVM (LinearSVC)
text__senior ai,0.6738390652352209,SVM (LinearSVC)
text__ai native,0.6737506883580122,SVM (LinearSVC)
text__and it,0.6737501878456092,SVM (LinearSVC)
text__protect,0.6735485765038173,SVM (LinearSVC)
text__advise,0.6729107569359765,SVM (LinearSVC)
text__coordinator,0.672801659452067,SVM (LinearSVC)
text__arrangements,0.6723652269765744,SVM (LinearSVC)
text__solutions to,0.6718904741409165,SVM (LinearSVC)
text__recognition,0.6704666725014661,SVM (LinearSVC)
text__interpretation,0.6704037474348307,SVM (LinearSVC)
text__in data,0.670103186342523,SVM (LinearSVC)
text__au,0.6694564472026441,SVM (LinearSVC)
text__well as,0.6686390544417359,SVM (LinearSVC)
text__behavior,0.6682967855032906,SVM (LinearSVC)
text__emerging,0.6675596744811692,SVM (LinearSVC)
text__hour location,0.6674954426158649,SVM (LinearSVC)
text__sessions,0.6661971674121977,SVM (LinearSVC)
text__machine learning,0.6657588247033087,SVM (LinearSVC)
text__and internal,0.6657276398356519,SVM (LinearSVC)
text__workflows,0.6650832462635228,SVM (LinearSVC)
text__must be,0.6650434829147143,SVM (LinearSVC)
text__who are,0.6648369389728422,SVM (LinearSVC)
text__that we,0.6648000530247005,SVM (LinearSVC)
text__ownership and,0.6647531625882068,SVM (LinearSVC)
text__we love,0.6644401181600341,SVM (LinearSVC)
text__responsible,0.6639139641894792,SVM (LinearSVC)
text__option,0.6636553421022912,SVM (LinearSVC)
text__anywhere,0.6627176225187486,SVM (LinearSVC)
text__you don,0.6616199118996973,SVM (LinearSVC)
text__audiences,0.6614896282872528,SVM (LinearSVC)
text__marketing manager,0.6612403334826518,SVM (LinearSVC)
text__mins,0.6607906495886696,SVM (LinearSVC)
text__un,0.6606122916126709,SVM (LinearSVC)
text__willingness,0.6605386763872776,SVM (LinearSVC)
text__supervision,0.6603956824314066,SVM (LinearSVC)
text__with business,0.6600461717967192,SVM (LinearSVC)
text__the range,0.6598389483703367,SVM (LinearSVC)
text__communities,0.6597312471230106,SVM (LinearSVC)
text__serve,0.6589850170502376,SVM (LinearSVC)
text__rapid,0.6589274505723042,SVM (LinearSVC)
text__cover,0.6580092853936036,SVM (LinearSVC)
text__align with,0.6579771228094939,SVM (LinearSVC)
text__report,0.6579211170330408,SVM (LinearSVC)
text__continuous,0.657368226596801,SVM (LinearSVC)
text__arbeiten,0.6571558679833862,SVM (LinearSVC)
text__healthy,0.656217319229935,SVM (LinearSVC)
text__access and,0.6560659120862846,SVM (LinearSVC)
text__commerce,0.6556440958013751,SVM (LinearSVC)
text__serves,0.655596610724148,SVM (LinearSVC)
text__work location,0.6555600152994903,SVM (LinearSVC)
text__da,0.6555164089948142,SVM (LinearSVC)
text__the time,0.6554172576741261,SVM (LinearSVC)
text__enablement,0.6552288339361761,SVM (LinearSVC)
text__written communication,0.6549084802868761,SVM (LinearSVC)
text__risk and,0.6539826493778952,SVM (LinearSVC)
text__be an,0.6539497816121211,SVM (LinearSVC)
text__address,0.6520563851868427,SVM (LinearSVC)
text__and improve,0.6520157115792566,SVM (LinearSVC)
text__partner with,0.6519786708157114,SVM (LinearSVC)
text__talent with,0.6518281558294142,SVM (LinearSVC)
text__in person,0.6512420568102919,SVM (LinearSVC)
text__should,0.6508385703242178,SVM (LinearSVC)
text__within,0.6501264289531218,SVM (LinearSVC)
text__the primary,0.6500369511970323,SVM (LinearSVC)
text__will have,0.6491792319870301,SVM (LinearSVC)
text__limited,0.6487698269112889,SVM (LinearSVC)
text__qualified,0.6466830890341217,SVM (LinearSVC)
text__per year,0.6466140383200781,SVM (LinearSVC)
text__relations,0.6464549730415385,SVM (LinearSVC)
text__is looking,0.6460743258872252,SVM (LinearSVC)
text__point of,0.6458736257737528,SVM (LinearSVC)
text__counseling,0.6458504245039229,SVM (LinearSVC)
text__vision and,0.6455188698499102,SVM (LinearSVC)
text__flows,0.645362131196165,SVM (LinearSVC)
text__company we,0.6443057289646799,SVM (LinearSVC)
text__to detail,0.643490945058395,SVM (LinearSVC)
text__growth opportunities,0.643152264933852,SVM (LinearSVC)
text__already,0.6418113024423592,SVM (LinearSVC)
text__open,0.6412755495018064,SVM (LinearSVC)
text__for your,0.6399744087022954,SVM (LinearSVC)
text__application process,0.6398781733887702,SVM (LinearSVC)
text__junior,0.6397034796230981,SVM (LinearSVC)
text__consideration for,0.6396534390034361,SVM (LinearSVC)
text__big,0.6387006431929328,SVM (LinearSVC)
text__group,0.6383369893082512,SVM (LinearSVC)
text__world class,0.6382871898439922,SVM (LinearSVC)
text__and ai,0.6381316509577251,SVM (LinearSVC)
text__role the,0.6380485993850926,SVM (LinearSVC)
text__with internal,0.6378694011888248,SVM (LinearSVC)
text__helping,0.6376091511422396,SVM (LinearSVC)
text__transfer,0.6375871896710021,SVM (LinearSVC)
text__good,0.6373862596068401,SVM (LinearSVC)
text__candidate will,0.6372753815751235,SVM (LinearSVC)
text__third party,0.6371523253477254,SVM (LinearSVC)
text__or,0.6367368149587065,SVM (LinearSVC)
text__occasionally,0.6366338761409144,SVM (LinearSVC)
text__are not,0.6366228342284429,SVM (LinearSVC)
text__you may,0.6365665494709308,SVM (LinearSVC)
text__sales operations,0.6363175988311123,SVM (LinearSVC)
text__path,0.6355710908661334,SVM (LinearSVC)
text__pressure,0.635357131687996,SVM (LinearSVC)
text__evidence,0.6346160575730159,SVM (LinearSVC)
text__tailored,0.6342999861686112,SVM (LinearSVC)
text__job related,0.6341988072475346,SVM (LinearSVC)
text__supplier,0.6339133071907566,SVM (LinearSVC)
text__handle,0.6336202612928381,SVM (LinearSVC)
text__provide,0.6335896586813538,SVM (LinearSVC)
text__quickly,0.6328457019285534,SVM (LinearSVC)
text__we also,0.6326935564966146,SVM (LinearSVC)
text__dental,0.6326052238373169,SVM (LinearSVC)
text__now,0.6324648810215466,SVM (LinearSVC)
text__verification,0.6323520699850634,SVM (LinearSVC)
text__embrace,0.6323269794532779,SVM (LinearSVC)
text__accountant,0.6321711120780996,SVM (LinearSVC)
text__founder,0.6320525381127255,SVM (LinearSVC)
text__businesses,0.6313596787727237,SVM (LinearSVC)
text__send,0.6311981009453007,SVM (LinearSVC)
text__behind,0.6310405029905944,SVM (LinearSVC)
text__machine,0.6301831738950724,SVM (LinearSVC)
text__relationships with,0.6288219049518894,SVM (LinearSVC)
text__as we,0.6285712728273969,SVM (LinearSVC)
text__partnerships,0.6282001414168311,SVM (LinearSVC)
text__ll do,0.6279243874743087,SVM (LinearSVC)
text__an experienced,0.6277913736889603,SVM (LinearSVC)
text__project,0.6276920951390758,SVM (LinearSVC)
text__enhancements,0.6274139366575953,SVM (LinearSVC)
text__is responsible,0.627373847183579,SVM (LinearSVC)
text__graphic,0.6272115720847686,SVM (LinearSVC)
text__reconciliation,0.6268958448977211,SVM (LinearSVC)
text__day,0.6247798207278201,SVM (LinearSVC)
text__senior,0.62467968779865,SVM (LinearSVC)
text__quality assurance,0.6241569990073467,SVM (LinearSVC)
text__offer,0.6238667450311601,SVM (LinearSVC)
text__marketing and,0.6237963190669283,SVM (LinearSVC)
text__years of,0.6237591034475165,SVM (LinearSVC)
text__friday,0.6228399322732154,SVM (LinearSVC)
text__salesforce,0.6222800370497528,SVM (LinearSVC)
text__datasets,0.6218842690960066,SVM (LinearSVC)
text__we welcome,0.6218384369740299,SVM (LinearSVC)
text__difference,0.6216352889445818,SVM (LinearSVC)
text__interaction,0.6212034888495402,SVM (LinearSVC)
text__technical solutions,0.6210383150566067,SVM (LinearSVC)
text__much,0.6206106268014729,SVM (LinearSVC)
text__pro,0.6201681128767575,SVM (LinearSVC)
text__guidance,0.6198999804454643,SVM (LinearSVC)
text__native,0.6198996941910636,SVM (LinearSVC)
text__may include,0.6197191541300149,SVM (LinearSVC)
text__guidelines,0.6197043333646259,SVM (LinearSVC)
text__rare,0.6194570857897497,SVM (LinearSVC)
text__duties as,0.6191207886753973,SVM (LinearSVC)
text__ve,0.6188547909101862,SVM (LinearSVC)
text__high level,0.6188152282909047,SVM (LinearSVC)
text__for new,0.6181500175316215,SVM (LinearSVC)
text__an employee,0.6167583747539126,SVM (LinearSVC)
text__of contact,0.6163462500576017,SVM (LinearSVC)
text__hast,0.6162391657999577,SVM (LinearSVC)
text__on your,0.6160886749753515,SVM (LinearSVC)
text__embedded,0.6159164613899515,SVM (LinearSVC)
text__and growth,0.6158550659805163,SVM (LinearSVC)
text__organizations,0.6154566856998289,SVM (LinearSVC)
text__business analyst,0.6152075739082505,SVM (LinearSVC)
text__ready to,0.6145149949348966,SVM (LinearSVC)
text__problem,0.6140546277825861,SVM (LinearSVC)
text__art,0.6135952691523896,SVM (LinearSVC)
text__iam,0.6133803084973569,SVM (LinearSVC)
text__your personal,0.613001952838809,SVM (LinearSVC)
text__and ability,0.6129059474053782,SVM (LinearSVC)
text__keep,0.6128917252921556,SVM (LinearSVC)
text__success manager,0.612634479850971,SVM (LinearSVC)
text__decisions,0.6124163836424878,SVM (LinearSVC)
text__creating,0.6124133948419443,SVM (LinearSVC)
text__medicare,0.6119767619983997,SVM (LinearSVC)
text__collaborate,0.6118150261485525,SVM (LinearSVC)
text__grow and,0.6115767748002354,SVM (LinearSVC)
text__technologies is,0.6111452449207314,SVM (LinearSVC)
text__job title,0.6110436457671065,SVM (LinearSVC)
text__equity and,0.6100431782005133,SVM (LinearSVC)
text__customer success,0.609831386445604,SVM (LinearSVC)
text__mission,0.6094769361859737,SVM (LinearSVC)
text__co,0.6091482885965718,SVM (LinearSVC)
text__completion of,0.6085267019360109,SVM (LinearSVC)
text__for more,0.6080084498516694,SVM (LinearSVC)
text__orders,0.6075069390345468,SVM (LinearSVC)
text__maintain accurate,0.6073996025383872,SVM (LinearSVC)
text__supervisor,0.6073014625511344,SVM (LinearSVC)
text__regulatory affairs,0.6072867411154929,SVM (LinearSVC)
text__is highly,0.607066816831222,SVM (LinearSVC)
text__and you,0.6069518569425273,SVM (LinearSVC)
text__uns,0.6061217669160563,SVM (LinearSVC)
text__comprehensive benefits,0.6060882454674167,SVM (LinearSVC)
text__visits,0.6059802619880158,SVM (LinearSVC)
text__measure,0.6051857935804466,SVM (LinearSVC)
text__client,0.6048886400570358,SVM (LinearSVC)
text__ownership of,0.6041948126642612,SVM (LinearSVC)
text__clients and,0.6041399082576028,SVM (LinearSVC)
text__do not,0.6040091579022705,SVM (LinearSVC)
text__preparation,0.6032876167530762,SVM (LinearSVC)
text__throughout,0.6024742668855604,SVM (LinearSVC)
text__and our,0.6018363237625934,SVM (LinearSVC)
text__present,0.6014038863998705,SVM (LinearSVC)
text__ability to,0.601290815742909,SVM (LinearSVC)
text__ad,0.6010223606913819,SVM (LinearSVC)
text__sets,0.6002164004527255,SVM (LinearSVC)
text__thoughtful,0.6000724316730731,SVM (LinearSVC)
text__if,0.6000669818609732,SVM (LinearSVC)
text__the same,0.5999955598137772,SVM (LinearSVC)
text__employment,0.5996952346068409,SVM (LinearSVC)
text__consider,0.5984863604739227,SVM (LinearSVC)
text__60,0.5984218212860841,SVM (LinearSVC)
text__kubernetes,0.5982808196546089,SVM (LinearSVC)
text__environments,0.5980293547522111,SVM (LinearSVC)
text__healthcare,0.597735717015326,SVM (LinearSVC)
text__go,0.597416801188151,SVM (LinearSVC)
text__tool,0.5971325600173256,SVM (LinearSVC)
text__development of,0.5964523439846218,SVM (LinearSVC)
text__expertise to,0.5959140155977772,SVM (LinearSVC)
text__certified,0.595905709156416,SVM (LinearSVC)
text__and platform,0.5957752602971288,SVM (LinearSVC)
text__us,0.5956967984055213,SVM (LinearSVC)
text__education,0.5955469438793493,SVM (LinearSVC)
text__jira,0.595160579180076,SVM (LinearSVC)
text__as an,0.5949854735079744,SVM (LinearSVC)
text__materials,0.5944756524278325,SVM (LinearSVC)
text__hiring process,0.5939311515835883,SVM (LinearSVC)
text__extensive,0.5922593505949851,SVM (LinearSVC)
text__the role,0.5919769663190532,SVM (LinearSVC)
text__help us,0.5914497200087694,SVM (LinearSVC)
text__peer,0.5914197256339997,SVM (LinearSVC)
text__manages,0.5907371160910377,SVM (LinearSVC)
text__giving,0.5898119790048139,SVM (LinearSVC)
text__internal teams,0.5890494147511209,SVM (LinearSVC)
text__define,0.5886736764132439,SVM (LinearSVC)
text__estimate,0.5885273165536382,SVM (LinearSVC)
text__defining,0.5884497234525407,SVM (LinearSVC)
text__meaningful,0.5884185206762582,SVM (LinearSVC)
text__solid,0.5882874455618805,SVM (LinearSVC)
text__experience with,0.5877319092869134,SVM (LinearSVC)
text__setup,0.5871569551187339,SVM (LinearSVC)
text__scalability,0.5870725218625819,SVM (LinearSVC)
text__framework,0.586407353685409,SVM (LinearSVC)
text__tuning,0.5863630355775612,SVM (LinearSVC)
text__is remote,0.586258686338286,SVM (LinearSVC)
text__transition,0.5862482564588987,SVM (LinearSVC)
text__einem,0.5862145121821686,SVM (LinearSVC)
text__partnership with,0.5861707783638789,SVM (LinearSVC)
text__desired,0.5856148294167999,SVM (LinearSVC)
text__and support,0.5853131608600483,SVM (LinearSVC)
text__services and,0.5849287864293344,SVM (LinearSVC)
text__license,0.5844570873248999,SVM (LinearSVC)
text__true,0.5844222597230452,SVM (LinearSVC)
text__globe,0.5841506162645679,SVM (LinearSVC)
text__time off,0.5835777932653243,SVM (LinearSVC)
text__business requirements,0.5833464987723018,SVM (LinearSVC)
text__best practices,0.5832569720318493,SVM (LinearSVC)
text__efficient,0.5827011781698667,SVM (LinearSVC)
text__the united,0.5823603695554326,SVM (LinearSVC)
text__institutional,0.5816984507382346,SVM (LinearSVC)
text__devops,0.581654259041964,SVM (LinearSVC)
text__independent,0.5815692950829568,SVM (LinearSVC)
text__leading,0.5815476696708556,SVM (LinearSVC)
text__work at,0.5812116982339783,SVM (LinearSVC)
text__competitive compensation,0.5804422688499672,SVM (LinearSVC)
text__sound,0.5803585936790351,SVM (LinearSVC)
text__prospective,0.5798827897002707,SVM (LinearSVC)
text__oder,0.5795314453820242,SVM (LinearSVC)
text__70,0.5794825370126845,SVM (LinearSVC)
text__planning and,0.579473439647375,SVM (LinearSVC)
text__ml,0.5789489256073466,SVM (LinearSVC)
text__qa,0.5783511772261143,SVM (LinearSVC)
text__provider,0.5783245825415995,SVM (LinearSVC)
text__comply with,0.5783157690669853,SVM (LinearSVC)
text__root,0.5781162212343659,SVM (LinearSVC)
text__leads,0.5780242606922726,SVM (LinearSVC)
text__calling,0.5777789169835756,SVM (LinearSVC)
text__partner closely,0.5773282579963844,SVM (LinearSVC)
text__experience,0.5769877943113944,SVM (LinearSVC)
text__and service,0.5768856194886451,SVM (LinearSVC)
text__team members,0.5758424590834514,SVM (LinearSVC)
text__optimize,0.575704332903661,SVM (LinearSVC)
text__assurance,0.5754976527829201,SVM (LinearSVC)
text__requirements years,0.5753023952256378,SVM (LinearSVC)
text__protected,0.5748345899736198,SVM (LinearSVC)
text__thinking,0.5746428415092986,SVM (LinearSVC)
text__at least,0.5729516199441598,SVM (LinearSVC)
text__clients,0.5727784274524281,SVM (LinearSVC)
text__senior full,0.5727630075045783,SVM (LinearSVC)
text__clear,0.5723064020238703,SVM (LinearSVC)
text__standards,0.5721333231395873,SVM (LinearSVC)
text__disability,0.5718191539847763,SVM (LinearSVC)
text__das,0.5712430869154052,SVM (LinearSVC)
text__the next,0.5710631116295519,SVM (LinearSVC)
text__and paid,0.570315232955587,SVM (LinearSVC)
text__renewal,0.5703026012168947,SVM (LinearSVC)
text__in any,0.5699234107592772,SVM (LinearSVC)
text__user,0.5693340083387588,SVM (LinearSVC)
text__scenarios,0.5693196464846835,SVM (LinearSVC)
text__after,0.5690931861010975,SVM (LinearSVC)
text__pour,0.5690007705206294,SVM (LinearSVC)
text__perform,0.5688568784550467,SVM (LinearSVC)
text__multiple priorities,0.5687368899445245,SVM (LinearSVC)
text__means,0.5683713404842614,SVM (LinearSVC)
text__improvement,0.5677341455375043,SVM (LinearSVC)
text__civil,0.5674003802299872,SVM (LinearSVC)
text__small,0.5671694803781246,SVM (LinearSVC)
text__authorized to,0.5668970028794389,SVM (LinearSVC)
text__and inclusion,0.5668351928600693,SVM (LinearSVC)
text__request,0.5666572025409602,SVM (LinearSVC)
text__strive to,0.5663636219991768,SVM (LinearSVC)
text__that may,0.5654715179815079,SVM (LinearSVC)
text__of factors,0.5653718104915513,SVM (LinearSVC)
text__abilities,0.5652167661604135,SVM (LinearSVC)
text__free,0.5652035991718665,SVM (LinearSVC)
text__active,0.5651132898773875,SVM (LinearSVC)
text__hospitality,0.564763777687377,SVM (LinearSVC)
text__desirable,0.5644779873325623,SVM (LinearSVC)
text__performs,0.564349304111277,SVM (LinearSVC)
text__cd pipelines,0.5641790985338574,SVM (LinearSVC)
text__analyst senior,0.5641673590279501,SVM (LinearSVC)
text__succeed,0.564124532242224,SVM (LinearSVC)
text__permanent,0.5636753846349387,SVM (LinearSVC)
text__to their,0.5635914218919519,SVM (LinearSVC)
text__organization,0.56336594044636,SVM (LinearSVC)
text__you to,0.562813481008062,SVM (LinearSVC)
text__and driving,0.5624431970463659,SVM (LinearSVC)
text__objectives,0.5620212793206238,SVM (LinearSVC)
text__questions,0.561896141405029,SVM (LinearSVC)
text__scope,0.5613454035669387,SVM (LinearSVC)
text__culture and,0.5598196980257956,SVM (LinearSVC)
text__connects,0.5598193836527082,SVM (LinearSVC)
text__seeking,0.5596023545904223,SVM (LinearSVC)
text__ai and,0.5595890082368105,SVM (LinearSVC)
text__program and,0.5589910242797854,SVM (LinearSVC)
text__who we,0.5588541182055019,SVM (LinearSVC)
text__our global,0.5584977588279739,SVM (LinearSVC)
text__mentor,0.558492217115722,SVM (LinearSVC)
text__well,0.5577376474166323,SVM (LinearSVC)
text__to obtain,0.5577126110437131,SVM (LinearSVC)
text__agentic,0.5576838856622409,SVM (LinearSVC)
text__creative and,0.5575597737542465,SVM (LinearSVC)
text__give,0.5574758829059432,SVM (LinearSVC)
text__backend engineer,0.5569909805865192,SVM (LinearSVC)
text__discretion,0.5566650640849792,SVM (LinearSVC)
text__builds,0.556213566769959,SVM (LinearSVC)
text__workflows and,0.5561259652967143,SVM (LinearSVC)
text__on site,0.5558263179786163,SVM (LinearSVC)
text__america,0.5555333038708606,SVM (LinearSVC)
text__years,0.5554618799820318,SVM (LinearSVC)
text__translating,0.5548030868405627,SVM (LinearSVC)
text__investigate,0.5547148370951842,SVM (LinearSVC)
text__to building,0.5545352523121907,SVM (LinearSVC)
text__critical,0.5544453679129377,SVM (LinearSVC)
text__smarter,0.5539797912412724,SVM (LinearSVC)
text__accessibility,0.5538635095128086,SVM (LinearSVC)
text__at scale,0.5519807504365596,SVM (LinearSVC)
text__skills,0.5514095218510412,SVM (LinearSVC)
text__to day,0.55140842131827,SVM (LinearSVC)
text__key responsibilities,0.5509817447005109,SVM (LinearSVC)
text__plans and,0.550817121370754,SVM (LinearSVC)
text__bachelor degree,0.5502776112196273,SVM (LinearSVC)
text__responsible for,0.5501709072126643,SVM (LinearSVC)
text__trends,0.5499399633878478,SVM (LinearSVC)
text__face,0.549439991078942,SVM (LinearSVC)
text__us and,0.5492893681082589,SVM (LinearSVC)
text__success and,0.5492615884579967,SVM (LinearSVC)
text__required,0.5490378727661461,SVM (LinearSVC)
text__participates,0.5490112517537608,SVM (LinearSVC)
text__career,0.5484780966344925,SVM (LinearSVC)
text__to get,0.548067656314018,SVM (LinearSVC)
text__relationship management,0.547842138000883,SVM (LinearSVC)
text__understanding,0.5471401497263797,SVM (LinearSVC)
text__to enhance,0.5468254860312167,SVM (LinearSVC)
text__work remotely,0.5462811653575508,SVM (LinearSVC)
text__and long,0.5458629603737015,SVM (LinearSVC)
text__160,0.545859386047091,SVM (LinearSVC)
text__desk,0.5456311082123658,SVM (LinearSVC)
text__clearly,0.5454561735942156,SVM (LinearSVC)
text__leadership to,0.5450645531240395,SVM (LinearSVC)
text__needed to,0.5436873572096709,SVM (LinearSVC)
text__are the,0.5434392092089037,SVM (LinearSVC)
text__equal,0.5433567587154425,SVM (LinearSVC)
text__clinical operations,0.543195204388225,SVM (LinearSVC)
text__strategic,0.542914639782158,SVM (LinearSVC)
text__and in,0.542850876575638,SVM (LinearSVC)
text__business development,0.5425744110213753,SVM (LinearSVC)
text__you want,0.5423914826794932,SVM (LinearSVC)
text__view,0.5423339050223137,SVM (LinearSVC)
text__sales sales,0.5422376551695071,SVM (LinearSVC)
text__employer,0.5419192854085176,SVM (LinearSVC)
text__employment opportunity,0.5418810554437189,SVM (LinearSVC)
text__vision technologies,0.541825078073615,SVM (LinearSVC)
text__be,0.5411492176178232,SVM (LinearSVC)
text__to define,0.5410305410120859,SVM (LinearSVC)
text__learn,0.5410218001362544,SVM (LinearSVC)
text__and leadership,0.540630221826743,SVM (LinearSVC)
text__invest,0.5406192432072418,SVM (LinearSVC)
text__records,0.5402829940216235,SVM (LinearSVC)
text__great,0.5402663507181511,SVM (LinearSVC)
text__skills excellent,0.5395728781317174,SVM (LinearSVC)
text__coaching,0.5392749773818112,SVM (LinearSVC)
text__elite,0.5392215319023531,SVM (LinearSVC)
text__structure,0.5386230864491012,SVM (LinearSVC)
text__devices,0.5385769735533307,SVM (LinearSVC)
text__submissions,0.5382964362227851,SVM (LinearSVC)
text__enough,0.5379111010193666,SVM (LinearSVC)
text__with disabilities,0.5377953038031487,SVM (LinearSVC)
text__speed,0.5375928425578599,SVM (LinearSVC)
text__helps,0.5372337864221466,SVM (LinearSVC)
text__five,0.5369780319117605,SVM (LinearSVC)
text__responsibilities,0.536625436666913,SVM (LinearSVC)
text__specialized,0.5365183612303059,SVM (LinearSVC)
text__capacity,0.536291912473558,SVM (LinearSVC)
text__how,0.536290998952745,SVM (LinearSVC)
text__san,0.535057536368732,SVM (LinearSVC)
text__in all,0.5348610074598591,SVM (LinearSVC)
text__willingness to,0.5346459534123142,SVM (LinearSVC)
text__the company,0.5344088171008657,SVM (LinearSVC)
text__evaluation,0.5339959471097158,SVM (LinearSVC)
text__areas of,0.5333583056524118,SVM (LinearSVC)
text__minimum of,0.5324220737925563,SVM (LinearSVC)
text__training and,0.5321207204390939,SVM (LinearSVC)
text__ai research,0.5320411150709669,SVM (LinearSVC)
text__explain,0.5319193810183043,SVM (LinearSVC)
text__repeatable,0.5317679249768259,SVM (LinearSVC)
text__holidays,0.5315853823512277,SVM (LinearSVC)
text__kpis,0.5311240140147376,SVM (LinearSVC)
text__and delivering,0.5309717391559069,SVM (LinearSVC)
text__compelling,0.5308946851822514,SVM (LinearSVC)
text__accommodations,0.5307805945159517,SVM (LinearSVC)
text__age disability,0.5307651636912118,SVM (LinearSVC)
text__real,0.5306402962523281,SVM (LinearSVC)
text__customer,0.5306201582777074,SVM (LinearSVC)
text__maximize,0.5304691727379872,SVM (LinearSVC)
text__server,0.5297392789332018,SVM (LinearSVC)
text__for candidates,0.5294729447291273,SVM (LinearSVC)
text__content and,0.5292850437147161,SVM (LinearSVC)
text__and ensure,0.5291913447405766,SVM (LinearSVC)
text__mental health,0.5288820776798205,SVM (LinearSVC)
text__role in,0.5280081478562694,SVM (LinearSVC)
text__communication,0.5278445977320585,SVM (LinearSVC)
text__third,0.5270112786274146,SVM (LinearSVC)
text__team is,0.5264620536403427,SVM (LinearSVC)
text__bv,0.5263990036556084,SVM (LinearSVC)
text__is not,0.526324972618329,SVM (LinearSVC)
text__opportunities for,0.5259272621991574,SVM (LinearSVC)
text__with strong,0.5254625213757843,SVM (LinearSVC)
text__in your,0.5250567822108431,SVM (LinearSVC)
text__accurate,0.5248749640468887,SVM (LinearSVC)
text__statement,0.5243189816844993,SVM (LinearSVC)
text__due to,0.5241316441564566,SVM (LinearSVC)
text__powered,0.5237470355677697,SVM (LinearSVC)
text__actively,0.5235577475416548,SVM (LinearSVC)
text__and the,0.5230896779858162,SVM (LinearSVC)
text__netsuite,0.522880894842862,SVM (LinearSVC)
text__and new,0.522714319012138,SVM (LinearSVC)
text__relationships,0.5223716695726429,SVM (LinearSVC)
text__identity national,0.5218250765638789,SVM (LinearSVC)
text__deployments,0.5216503583179729,SVM (LinearSVC)
text__experience designing,0.5210526630461972,SVM (LinearSVC)
text__and development,0.5203324390281295,SVM (LinearSVC)
text__escalate,0.5197705004118249,SVM (LinearSVC)
text__budgets,0.519305647620337,SVM (LinearSVC)
text__and processes,0.5189689743296102,SVM (LinearSVC)
text__offering,0.518942995145384,SVM (LinearSVC)
text__proven ability,0.5186501941180895,SVM (LinearSVC)
text__train,0.5183707399338874,SVM (LinearSVC)
text__matter,0.5180343170582187,SVM (LinearSVC)
text__employer all,0.5178422336620302,SVM (LinearSVC)
text__adherence to,0.5176572180971314,SVM (LinearSVC)
text__management skills,0.5174587176129052,SVM (LinearSVC)
text__reach out,0.5171284650014107,SVM (LinearSVC)
text__performed,0.5169968622323212,SVM (LinearSVC)
text__hear from,0.5169390963440097,SVM (LinearSVC)
text__grant,0.5169124470830372,SVM (LinearSVC)
text__reasonable accommodations,0.5167086658607116,SVM (LinearSVC)
text__product strategy,0.5165446830533508,SVM (LinearSVC)
text__apply,0.5164574997271363,SVM (LinearSVC)
text__out,0.5163695655976287,SVM (LinearSVC)
text__increase,0.5163085757073278,SVM (LinearSVC)
text__solutions and,0.5155767115833843,SVM (LinearSVC)
text__assets,0.5152528937290163,SVM (LinearSVC)
text__cv,0.5147079050878507,SVM (LinearSVC)
text__events and,0.5142229928865306,SVM (LinearSVC)
text__experts,0.5141071228647263,SVM (LinearSVC)
text__the customer,0.5136042978367399,SVM (LinearSVC)
text__frameworks,0.5135591886260324,SVM (LinearSVC)
text__immediate,0.5131666762646109,SVM (LinearSVC)
text__cro,0.512760494878995,SVM (LinearSVC)
text__quantitative,0.5122578821454651,SVM (LinearSVC)
text__ai engineer,0.5122471568165099,SVM (LinearSVC)
text__oncology,0.5122409744203632,SVM (LinearSVC)
text__point,0.5119583820584597,SVM (LinearSVC)
text__responses,0.5116646632884114,SVM (LinearSVC)
text__protection,0.5116575243479125,SVM (LinearSVC)
text__to resolve,0.5115736534575246,SVM (LinearSVC)
text__cause,0.5114503056631632,SVM (LinearSVC)
text__day to,0.511263182229841,SVM (LinearSVC)
text__and their,0.5101914234106489,SVM (LinearSVC)
text__open source,0.5098980661180433,SVM (LinearSVC)
text__cross functionally,0.5098837539450115,SVM (LinearSVC)
text__align,0.5096713656898783,SVM (LinearSVC)
text__american,0.5094477917057261,SVM (LinearSVC)
text__writer,0.5089818900796721,SVM (LinearSVC)
text__integrations,0.508928557745784,SVM (LinearSVC)
text__particularly,0.5087150165859612,SVM (LinearSVC)
text__real world,0.5086647239240345,SVM (LinearSVC)
text__term,0.5086249360098307,SVM (LinearSVC)
text__on their,0.5084493280542602,SVM (LinearSVC)
text__by our,0.5082253914947001,SVM (LinearSVC)
text__geographic location,0.5080658707940939,SVM (LinearSVC)
text__thought,0.5079158590458956,SVM (LinearSVC)
text__events,0.5078531611102538,SVM (LinearSVC)
text__upload,0.5075528926570199,SVM (LinearSVC)
text__microsoft office,0.5073165161946276,SVM (LinearSVC)
text__proud to,0.5068257904303695,SVM (LinearSVC)
text__ein,0.5067686147299684,SVM (LinearSVC)
text__together,0.5063132812055818,SVM (LinearSVC)
text__audits,0.5061768735025581,SVM (LinearSVC)
text__disability veteran,0.5061283224240293,SVM (LinearSVC)
text__the best,0.5060048005495966,SVM (LinearSVC)
text__learn and,0.5058368612133349,SVM (LinearSVC)
text__appointments,0.5055209939040545,SVM (LinearSVC)
text__office,0.5053830303417076,SVM (LinearSVC)
text__employees are,0.505382125717295,SVM (LinearSVC)
text__engineering data,0.5053728442739502,SVM (LinearSVC)
text__master,0.5052652133445671,SVM (LinearSVC)
text__responsibility,0.504701294884867,SVM (LinearSVC)
text__travel,0.5041905925074682,SVM (LinearSVC)
text__defined,0.504153628796106,SVM (LinearSVC)
text__and timely,0.503968888420031,SVM (LinearSVC)
text__partners and,0.50395815284801,SVM (LinearSVC)
text__trading,0.5027231008907541,SVM (LinearSVC)
text__complexity,0.5025523165187774,SVM (LinearSVC)
text__professionalism,0.5023621571523398,SVM (LinearSVC)
text__characteristic protected,0.5021267911098737,SVM (LinearSVC)
text__approach,0.5019414019324114,SVM (LinearSVC)
text__time zones,0.5005559261636507,SVM (LinearSVC)
text__the project,0.5004976558153057,SVM (LinearSVC)
text__measurement,0.5002597706556179,SVM (LinearSVC)
text__meet the,0.5001372046656986,SVM (LinearSVC)
text__share,0.4994790361358115,SVM (LinearSVC)
text__risks,0.4987840456322526,SVM (LinearSVC)
text__ups,0.49877978365899356,SVM (LinearSVC)
text__religion,0.49875591494029126,SVM (LinearSVC)
text__flexible,0.4987043349098945,SVM (LinearSVC)
text__still,0.4983168623666076,SVM (LinearSVC)
text__por,0.49797658375321047,SVM (LinearSVC)
text__part time,0.49791597763607387,SVM (LinearSVC)
text__demonstrated ability,0.497819867052033,SVM (LinearSVC)
text__is plus,0.49711894161411513,SVM (LinearSVC)
text__funnel,0.4971050055708002,SVM (LinearSVC)
text__maintain,0.49709549066902703,SVM (LinearSVC)
text__senior product,0.4970027812363643,SVM (LinearSVC)
text__health and,0.49688318612137566,SVM (LinearSVC)
text__product management,0.4968579341479515,SVM (LinearSVC)
text__globally,0.4960271350914717,SVM (LinearSVC)
text__work,0.4958295353279302,SVM (LinearSVC)
text__our clients,0.4957951297412275,SVM (LinearSVC)
text__paced,0.4954162092735043,SVM (LinearSVC)
text__grade,0.4948055448893814,SVM (LinearSVC)
text__bright vision,0.4940553861730482,SVM (LinearSVC)
text__less,0.49399461728439475,SVM (LinearSVC)
text__beyond,0.4930105591189558,SVM (LinearSVC)
text__fluent,0.4929028436364146,SVM (LinearSVC)
text__equivalent experience,0.49269601814251357,SVM (LinearSVC)
text__data engineering,0.49261633197061705,SVM (LinearSVC)
text__written and,0.4925628519106959,SVM (LinearSVC)
text__basic,0.4923380616592491,SVM (LinearSVC)
text__consultant senior,0.4921946110399119,SVM (LinearSVC)
text__home office,0.4919717998371535,SVM (LinearSVC)
text__willing to,0.4917595199735516,SVM (LinearSVC)
text__is based,0.49129942589736486,SVM (LinearSVC)
text__the product,0.49097714052740576,SVM (LinearSVC)
text__start,0.490723972705822,SVM (LinearSVC)
text__lifelancer,0.490606829327439,SVM (LinearSVC)
text__change,0.49016573831172977,SVM (LinearSVC)
text__data science,0.4900793484408122,SVM (LinearSVC)
text__gender,0.48896977521196766,SVM (LinearSVC)
text__across the,0.4885722087917082,SVM (LinearSVC)
text__unit,0.4881378157823496,SVM (LinearSVC)
text__effective,0.48788176542650463,SVM (LinearSVC)
text__to your,0.48783123478042295,SVM (LinearSVC)
text__collaboration with,0.48771513761057916,SVM (LinearSVC)
text__staffing,0.4874096290989141,SVM (LinearSVC)
text__for the,0.48728604524106106,SVM (LinearSVC)
text__something,0.4869862402788696,SVM (LinearSVC)
text__to creating,0.48676246178622534,SVM (LinearSVC)
text__implementation and,0.48658950357035646,SVM (LinearSVC)
text__30 mins,0.4862638018878772,SVM (LinearSVC)
text__regard,0.4861312837020138,SVM (LinearSVC)
text__action,0.4861080014252875,SVM (LinearSVC)
text__degree,0.48561296035579754,SVM (LinearSVC)
text__flow,0.485572914177185,SVM (LinearSVC)
text__users,0.485549119716883,SVM (LinearSVC)
text__book,0.48551309590334524,SVM (LinearSVC)
text__wellness,0.48533825860010854,SVM (LinearSVC)
text__applicants with,0.48491166309646777,SVM (LinearSVC)
text__impact and,0.48407503716477257,SVM (LinearSVC)
text__milestones,0.4840248019322213,SVM (LinearSVC)
text__team lead,0.4837921066030094,SVM (LinearSVC)
text__rate,0.48378109535192576,SVM (LinearSVC)
text__relevant,0.48344457247017303,SVM (LinearSVC)
text__data,0.48343232964362076,SVM (LinearSVC)
text__conversations,0.4831761072816806,SVM (LinearSVC)
text__support your,0.4825531094238921,SVM (LinearSVC)
text__their own,0.4823478162003638,SVM (LinearSVC)
text__specialist,0.4823133236445623,SVM (LinearSVC)
text__strong analytical,0.4822756165484365,SVM (LinearSVC)
text__with your,0.4819187792357215,SVM (LinearSVC)
text__administrator,0.4817503461274802,SVM (LinearSVC)
text__your team,0.4816363939387804,SVM (LinearSVC)
text__skills strong,0.481477525268737,SVM (LinearSVC)
text__channels,0.4814717464527189,SVM (LinearSVC)
text__bei uns,0.48135359889936274,SVM (LinearSVC)
text__senior software,0.4805226717000111,SVM (LinearSVC)
text__actually,0.4800404130565182,SVM (LinearSVC)
text__time to,0.4791534723464223,SVM (LinearSVC)
text__vp,0.47900721616286296,SVM (LinearSVC)
text__and company,0.4787539168183666,SVM (LinearSVC)
text__establishing,0.4786315023910699,SVM (LinearSVC)
text__the people,0.4780292688623763,SVM (LinearSVC)
text__and product,0.4775806240276931,SVM (LinearSVC)
text__microsoft,0.4771239272416143,SVM (LinearSVC)
text__innovative,0.47702297436562413,SVM (LinearSVC)
text__identity,0.47676257918987514,SVM (LinearSVC)
text__race religion,0.476746456363797,SVM (LinearSVC)
text__see,0.47663400871424166,SVM (LinearSVC)
text__take,0.4763798363823586,SVM (LinearSVC)
text__condition,0.47618220961750707,SVM (LinearSVC)
text__the application,0.47614503928787116,SVM (LinearSVC)
text__even,0.476091859239333,SVM (LinearSVC)
text__expertise and,0.47591871414426656,SVM (LinearSVC)
text__based on,0.4750906492335006,SVM (LinearSVC)
text__professional experience,0.4748715101506666,SVM (LinearSVC)
text__to and,0.47447957823939224,SVM (LinearSVC)
text__to find,0.47400508705285727,SVM (LinearSVC)
text__terms,0.4739167981784719,SVM (LinearSVC)
text__our core,0.47377055953214264,SVM (LinearSVC)
text__status sexual,0.47352096666775717,SVM (LinearSVC)
text__committed,0.4730637105923813,SVM (LinearSVC)
text__outcomes and,0.47291970006173956,SVM (LinearSVC)
text__architects,0.4728803690809162,SVM (LinearSVC)
text__recommend,0.47207007723340216,SVM (LinearSVC)
text__excited,0.4720536793826581,SVM (LinearSVC)
text__screening,0.471770708220535,SVM (LinearSVC)
text__and drive,0.471742626020892,SVM (LinearSVC)
text__communicating,0.47164123837055294,SVM (LinearSVC)
text__director of,0.47124254675319405,SVM (LinearSVC)
text__preferred experience,0.4711831211578916,SVM (LinearSVC)
text__culture,0.47076262257313406,SVM (LinearSVC)
text__enjoys,0.4704219110724795,SVM (LinearSVC)
text__and local,0.4700834279600743,SVM (LinearSVC)
text__ecosystem,0.4697112861134554,SVM (LinearSVC)
text__worldwide,0.46944769916454976,SVM (LinearSVC)
text__combination,0.4693782327917771,SVM (LinearSVC)
text__date,0.46912057207172186,SVM (LinearSVC)
text__forecast,0.46909537956445274,SVM (LinearSVC)
text__the design,0.46811800203264026,SVM (LinearSVC)
text__company match,0.467711599712756,SVM (LinearSVC)
text__service representative,0.4670860602340373,SVM (LinearSVC)
text__together we,0.4669217211942567,SVM (LinearSVC)
text__the director,0.46660875404353286,SVM (LinearSVC)
text__actions,0.4663817630696693,SVM (LinearSVC)
text__deployed,0.4662756038467952,SVM (LinearSVC)
text__verbal and,0.4660947923702111,SVM (LinearSVC)
text__everything we,0.4656457533617555,SVM (LinearSVC)
text__listed,0.46507047939142626,SVM (LinearSVC)
text__monitor,0.46490700879569286,SVM (LinearSVC)
text__long,0.4648353749461578,SVM (LinearSVC)
text__lead and,0.46459376509962524,SVM (LinearSVC)
text__one of,0.46457929141012805,SVM (LinearSVC)
text__document,0.464548917383654,SVM (LinearSVC)
text__necessary,0.46449202737207906,SVM (LinearSVC)
text__marital,0.46413954094988136,SVM (LinearSVC)
text__internet,0.46404640523010554,SVM (LinearSVC)
text__running,0.46385813638753404,SVM (LinearSVC)
text__monitoring,0.46370652193790324,SVM (LinearSVC)
text__with,0.4633460258416941,SVM (LinearSVC)
text__teammates,0.4633420698029081,SVM (LinearSVC)
text__interview and,0.4630265789222465,SVM (LinearSVC)
text__designers,0.4629868879642135,SVM (LinearSVC)
text__off,0.462674392592235,SVM (LinearSVC)
text__of paid,0.46202315745583766,SVM (LinearSVC)
text__required for,0.4616005984346406,SVM (LinearSVC)
text__range of,0.4613953443539444,SVM (LinearSVC)
text__initial,0.4608957694848505,SVM (LinearSVC)
text__analysis and,0.46025663854143634,SVM (LinearSVC)
text__forward,0.45996771243493517,SVM (LinearSVC)
text__sales and,0.4594937799633977,SVM (LinearSVC)
text__contact us,0.458974842826987,SVM (LinearSVC)
text__validate,0.4588628135852411,SVM (LinearSVC)
text__delivery of,0.458440555434861,SVM (LinearSVC)
text__the following,0.4582591053448365,SVM (LinearSVC)
text__efficiency,0.45808762178024054,SVM (LinearSVC)
text__sources,0.45788080760140104,SVM (LinearSVC)
text__manual,0.45762986364736624,SVM (LinearSVC)
text__hybrid,0.45757283425142664,SVM (LinearSVC)
text__addition,0.4574436319963923,SVM (LinearSVC)
text__clinical trial,0.45732336961448,SVM (LinearSVC)
text__style,0.45680219926854876,SVM (LinearSVC)
text__oversight,0.45675978719953775,SVM (LinearSVC)
text__we operate,0.4565259425176149,SVM (LinearSVC)
text__read,0.456510407585658,SVM (LinearSVC)
text__social,0.4563969972489537,SVM (LinearSVC)
text__state,0.45625116504394925,SVM (LinearSVC)
text__outstanding,0.45612497635145305,SVM (LinearSVC)
text__and training,0.455143262780807,SVM (LinearSVC)
text__your application,0.4550957296181667,SVM (LinearSVC)
text__reporting,0.4546794562612569,SVM (LinearSVC)
text__expansion,0.4538456180300742,SVM (LinearSVC)
text__organized and,0.45351614579654104,SVM (LinearSVC)
text__ancestry,0.45336748114811887,SVM (LinearSVC)
text__subject to,0.4529019870130619,SVM (LinearSVC)
text__expand,0.4528426417343988,SVM (LinearSVC)
text__talent,0.45268968828666356,SVM (LinearSVC)
text__and create,0.4526134416587682,SVM (LinearSVC)
text__takes,0.4519383531553621,SVM (LinearSVC)
text__compliance,0.4516105113474309,SVM (LinearSVC)
text__ai powered,0.4514196040829977,SVM (LinearSVC)
text__building,0.45101757182721897,SVM (LinearSVC)
text__per,0.45086405901726956,SVM (LinearSVC)
text__nursing,0.45063020986720137,SVM (LinearSVC)
text__we re,0.45058192120939466,SVM (LinearSVC)
text__tests,0.4502907261434101,SVM (LinearSVC)
text__engineering senior,0.45015308929750086,SVM (LinearSVC)
text__teams to,0.44971799818442815,SVM (LinearSVC)
text__the base,0.44971217622190907,SVM (LinearSVC)
text__get,0.44938625324102527,SVM (LinearSVC)
text__we serve,0.4491847429125105,SVM (LinearSVC)
text__taking,0.44901276458945294,SVM (LinearSVC)
text__sector,0.4487334688400141,SVM (LinearSVC)
text__growth marketing,0.4483769792618781,SVM (LinearSVC)
text__as trusted,0.4481538117014953,SVM (LinearSVC)
text__procedures and,0.44799764896188704,SVM (LinearSVC)
text__coordinate,0.44785886799531655,SVM (LinearSVC)
text__quality standards,0.4477512734894119,SVM (LinearSVC)
text__role is,0.44763825677924607,SVM (LinearSVC)
text__operating,0.4472214021931777,SVM (LinearSVC)
text__nature,0.44706204374838227,SVM (LinearSVC)
text__networks,0.4469720237224237,SVM (LinearSVC)
text__party,0.4468478784922352,SVM (LinearSVC)
text__transportation,0.4467852474775993,SVM (LinearSVC)
text__choose,0.4467724023905861,SVM (LinearSVC)
text__alongside,0.4466871548803252,SVM (LinearSVC)
text__programming,0.4460323167507907,SVM (LinearSVC)
text__with cross,0.445837947372907,SVM (LinearSVC)
text__influence,0.4456844072443358,SVM (LinearSVC)
text__automate,0.4455595655376804,SVM (LinearSVC)
text__us to,0.44542082927794574,SVM (LinearSVC)
text__connectivity,0.44539593327968674,SVM (LinearSVC)
text__profit,0.4452574430503519,SVM (LinearSVC)
text__fit,0.4451055362594676,SVM (LinearSVC)
text__money,0.44506502383942337,SVM (LinearSVC)
text__impact on,0.4450519042135112,SVM (LinearSVC)
text__those,0.4450494442023242,SVM (LinearSVC)
text__manager,0.4443093891834782,SVM (LinearSVC)
text__is leading,0.44413991258961294,SVM (LinearSVC)
text__governance and,0.4441254365958976,SVM (LinearSVC)
text__to complete,0.4440919061580655,SVM (LinearSVC)
text__always,0.4434938903128204,SVM (LinearSVC)
text__experience working,0.4433211595582482,SVM (LinearSVC)
text__growth,0.4432642253308762,SVM (LinearSVC)
text__analytical and,0.44305091534522534,SVM (LinearSVC)
text__regard to,0.44261038410597536,SVM (LinearSVC)
text__higher,0.4420473441479064,SVM (LinearSVC)
text__the data,0.44199478629396916,SVM (LinearSVC)
text__engine,0.44113753058291705,SVM (LinearSVC)
text__familiarity,0.44075844765570454,SVM (LinearSVC)
text__ahead,0.4404554258963334,SVM (LinearSVC)
text__high performing,0.44000805501287266,SVM (LinearSVC)
text__students,0.43990528287694647,SVM (LinearSVC)
text__north,0.43972272853334105,SVM (LinearSVC)
text__product manager,0.4395962320662881,SVM (LinearSVC)
text__transparent,0.4389540488319677,SVM (LinearSVC)
text__issue,0.4385579871233792,SVM (LinearSVC)
text__productive,0.4379216654706138,SVM (LinearSVC)
text__team,0.43775903495927554,SVM (LinearSVC)
text__google,0.43736945937308275,SVM (LinearSVC)
text__re not,0.43709546046199915,SVM (LinearSVC)
text__tooling,0.4368510036040176,SVM (LinearSVC)
text__conducting,0.43677604713234897,SVM (LinearSVC)
text__capabilities and,0.4366930066453404,SVM (LinearSVC)
text__stand,0.4366924453566086,SVM (LinearSVC)
text__perks,0.4364721861387618,SVM (LinearSVC)
text__project management,0.4364389649271606,SVM (LinearSVC)
text__patient care,0.43639178897906616,SVM (LinearSVC)
text__domains,0.43618313480614074,SVM (LinearSVC)
text__the full,0.43617312520620694,SVM (LinearSVC)
text__typescript,0.4358885625443579,SVM (LinearSVC)
text__handling,0.4358527302985467,SVM (LinearSVC)
text__recruiting,0.4358108158447685,SVM (LinearSVC)
text__preparing,0.4356548366637859,SVM (LinearSVC)
text__where you,0.4354587945902323,SVM (LinearSVC)
text__15,0.43545863582936956,SVM (LinearSVC)
text__humana,0.43519096851628275,SVM (LinearSVC)
text__cutting edge,0.4335819437154183,SVM (LinearSVC)
text__es,0.43321407756201163,SVM (LinearSVC)
text__operational excellence,0.43300941284393196,SVM (LinearSVC)
text__if you,0.43267329372314145,SVM (LinearSVC)
text__actuarial,0.43253163654221316,SVM (LinearSVC)
text__to hear,0.4325246151822724,SVM (LinearSVC)
text__chance,0.4320162408370405,SVM (LinearSVC)
text__contributing,0.43167819481955194,SVM (LinearSVC)
text__verify,0.4316415716813586,SVM (LinearSVC)
text__company,0.43151535890856546,SVM (LinearSVC)
text__equal opportunity,0.4309975799200284,SVM (LinearSVC)
text__will,0.43096439634147726,SVM (LinearSVC)
text__combine,0.4307006422908681,SVM (LinearSVC)
text__client facing,0.43038575011549357,SVM (LinearSVC)
text__re looking,0.42987835119331336,SVM (LinearSVC)
text__specialist ai,0.4298731155877322,SVM (LinearSVC)
text__feedback and,0.42948172312949073,SVM (LinearSVC)
text__prohibits,0.42944660580422955,SVM (LinearSVC)
text__billion,0.42929910131280913,SVM (LinearSVC)
text__you can,0.42895801919237,SVM (LinearSVC)
text__strong organizational,0.42893521479941366,SVM (LinearSVC)
text__stage,0.4279911350804259,SVM (LinearSVC)
text__has,0.4274773529913635,SVM (LinearSVC)
text__and market,0.42738731063228685,SVM (LinearSVC)
text__information security,0.4273663981105799,SVM (LinearSVC)
text__selected,0.42730825980140663,SVM (LinearSVC)
text__accounts and,0.4272774861235014,SVM (LinearSVC)
text__we want,0.42725122646768066,SVM (LinearSVC)
text__craft,0.42715445627637394,SVM (LinearSVC)
text__candidates must,0.4270015194210797,SVM (LinearSVC)
text__card,0.42676602344861014,SVM (LinearSVC)
text__to thrive,0.42646287055508253,SVM (LinearSVC)
text__for each,0.426334533339145,SVM (LinearSVC)
text__simple,0.42628262449462306,SVM (LinearSVC)
text__company and,0.4260445136291382,SVM (LinearSVC)
text__benefits and,0.42604083812976495,SVM (LinearSVC)
text__successfully,0.42589334828516323,SVM (LinearSVC)
text__faster,0.4257849470247863,SVM (LinearSVC)
text__generative,0.4256193514394814,SVM (LinearSVC)
text__data quality,0.42545508847982155,SVM (LinearSVC)
text__the process,0.4254047401970951,SVM (LinearSVC)
text__or equivalent,0.4253808275127904,SVM (LinearSVC)
text__essential,0.4252356488102174,SVM (LinearSVC)
text__procurement,0.4251512966938598,SVM (LinearSVC)
text__dich,0.4251008215428901,SVM (LinearSVC)
text__est,0.4250640528348124,SVM (LinearSVC)
text__hipaa,0.4250206435077068,SVM (LinearSVC)
text__resumes,0.42457646707296304,SVM (LinearSVC)
text__ready,0.4241670423631406,SVM (LinearSVC)
text__teck,0.42385860875662806,SVM (LinearSVC)
text__bv teck,0.42385860875662806,SVM (LinearSVC)
text__and user,0.42334669899254873,SVM (LinearSVC)
text__partnering,0.42322166414963036,SVM (LinearSVC)
text__dem,0.423213860642163,SVM (LinearSVC)
text__region,0.4231589831532563,SVM (LinearSVC)
text__prioritization,0.42311425508311035,SVM (LinearSVC)
text__program,0.4227197681125285,SVM (LinearSVC)
text__functions,0.4226268877206855,SVM (LinearSVC)
text__tuition,0.4226042755615126,SVM (LinearSVC)
text__proven,0.42253404692945384,SVM (LinearSVC)
text__clinical data,0.4220738076030363,SVM (LinearSVC)
text__solutions across,0.42194165027877995,SVM (LinearSVC)
text__be considered,0.42175429090163014,SVM (LinearSVC)
text__and execute,0.42142817923851145,SVM (LinearSVC)
text__possible,0.4213732382333402,SVM (LinearSVC)
text__rather,0.42123152650272955,SVM (LinearSVC)
text__thrives,0.42099486099557937,SVM (LinearSVC)
text__regulatory compliance,0.42091784942432187,SVM (LinearSVC)
text__that the,0.4208570554763517,SVM (LinearSVC)
text__when,0.4207804358923647,SVM (LinearSVC)
text__that will,0.42076593155344477,SVM (LinearSVC)
text__sourcing,0.4206472113638411,SVM (LinearSVC)
text__role we,0.42060999231547846,SVM (LinearSVC)
text__power,0.4203922020112848,SVM (LinearSVC)
text__stakeholders and,0.420139671902268,SVM (LinearSVC)
text__and execution,0.4200267208505931,SVM (LinearSVC)
text__internal,0.4197376596632961,SVM (LinearSVC)
text__patients and,0.41968243924918575,SVM (LinearSVC)
text__military,0.4195093022244382,SVM (LinearSVC)
text__million,0.41935249835292276,SVM (LinearSVC)
text__race color,0.41931472788113666,SVM (LinearSVC)
text__management or,0.4187195933292275,SVM (LinearSVC)
text__nice,0.4185989305700777,SVM (LinearSVC)
text__functionally,0.41797245467860195,SVM (LinearSVC)
text__enterprise sales,0.4175799813458635,SVM (LinearSVC)
text__opportunity employer,0.41724945017358306,SVM (LinearSVC)
text__met,0.4166719506231853,SVM (LinearSVC)
text__engagement and,0.4164704216249407,SVM (LinearSVC)
text__variety of,0.41636418536114606,SVM (LinearSVC)
text__platform engineering,0.4156743922554083,SVM (LinearSVC)
text__prior experience,0.41549211095231825,SVM (LinearSVC)
text__lead generation,0.41545722958429154,SVM (LinearSVC)
text__in the,0.41542523733088516,SVM (LinearSVC)
text__expected,0.4151024829813593,SVM (LinearSVC)
text__administrative,0.41432572414324514,SVM (LinearSVC)
text__re building,0.41424981737020533,SVM (LinearSVC)
text__follow through,0.4142183498754783,SVM (LinearSVC)
text__we build,0.41361922643239757,SVM (LinearSVC)
text__scientist,0.413297343905727,SVM (LinearSVC)
text__progress,0.4130834273348655,SVM (LinearSVC)
text__different,0.412835750416405,SVM (LinearSVC)
text__pregnancy,0.41247797369651207,SVM (LinearSVC)
text__color national,0.4115083098797724,SVM (LinearSVC)
text__associated,0.41125433057067995,SVM (LinearSVC)
text__privacy,0.41113634585657677,SVM (LinearSVC)
text__social media,0.41085443070180633,SVM (LinearSVC)
text__software developer,0.4104693733423838,SVM (LinearSVC)
text__performance based,0.41036297802954763,SVM (LinearSVC)
text__the salary,0.41005588477731725,SVM (LinearSVC)
text__we are,0.4096825304853364,SVM (LinearSVC)
text__expression,0.40961752379929484,SVM (LinearSVC)
text__implementing,0.4095343709423442,SVM (LinearSVC)
text__security and,0.4095149439182806,SVM (LinearSVC)
text__creator,0.40921636160192987,SVM (LinearSVC)
text__service delivery,0.4088051204086182,SVM (LinearSVC)
text__zone,0.408761264923373,SVM (LinearSVC)
text__origin,0.40835469889972537,SVM (LinearSVC)
text__designing,0.4078378212503788,SVM (LinearSVC)
text__sap,0.40774997447762856,SVM (LinearSVC)
text__engagements,0.40774038363511866,SVM (LinearSVC)
text__achieving,0.4076185638004176,SVM (LinearSVC)
text__pharma,0.40758936766062986,SVM (LinearSVC)
text__to grow,0.40596758734886024,SVM (LinearSVC)
text__work independently,0.4055665187167226,SVM (LinearSVC)
text__and vision,0.4055050243453188,SVM (LinearSVC)
text__disability status,0.4054366068878814,SVM (LinearSVC)
text__sind,0.40514390390872057,SVM (LinearSVC)
text__deadlines,0.40473603447888107,SVM (LinearSVC)
text__status as,0.4042919223206386,SVM (LinearSVC)
text__construction,0.4039411877655183,SVM (LinearSVC)
text__and identify,0.403677083978594,SVM (LinearSVC)
text__orientation gender,0.40357740534473463,SVM (LinearSVC)
text__everyone,0.4029698464251711,SVM (LinearSVC)
text__primarily,0.4025735232311812,SVM (LinearSVC)
text__firm,0.40221821411855496,SVM (LinearSVC)
text__states,0.402169653888469,SVM (LinearSVC)
text__oriented,0.40174071148228907,SVM (LinearSVC)
text__backend,0.40124695307817804,SVM (LinearSVC)
text__available,0.40113416013844405,SVM (LinearSVC)
text__commitment,0.40112023534476693,SVM (LinearSVC)
text__organized,0.40049622018653797,SVM (LinearSVC)
text__women,0.4003716823343658,SVM (LinearSVC)
text__trust,0.4002925758686747,SVM (LinearSVC)
text__to this,0.4001851289622904,SVM (LinearSVC)
text__this job,0.39976145808837665,SVM (LinearSVC)
text__information,0.3997553844900156,SVM (LinearSVC)
text__especially,0.3997007305934448,SVM (LinearSVC)
text__will provide,0.3996914030293944,SVM (LinearSVC)
text__vendors,0.39918103631714097,SVM (LinearSVC)
text__building and,0.3990805673112159,SVM (LinearSVC)
text__interpreter,0.3989841124301089,SVM (LinearSVC)
text__top,0.39896915033210645,SVM (LinearSVC)
text__includes,0.3989635565876153,SVM (LinearSVC)
text__oral,0.3988994199116349,SVM (LinearSVC)
text__performance,0.39874431534297755,SVM (LinearSVC)
text__protected veteran,0.3983416105236302,SVM (LinearSVC)
text__packages,0.3981945227101248,SVM (LinearSVC)
text__engineers,0.39799268619728917,SVM (LinearSVC)
text__and,0.39744894289047505,SVM (LinearSVC)
text__directly to,0.39738081767736116,SVM (LinearSVC)
text__response,0.3973778012067686,SVM (LinearSVC)
text__engineer to,0.3971905670591789,SVM (LinearSVC)
text__and review,0.3971804849481881,SVM (LinearSVC)
text__general,0.3971358451677534,SVM (LinearSVC)
text__want to,0.39682370396913297,SVM (LinearSVC)
text__linkedin,0.3966830995422088,SVM (LinearSVC)
text__skills ability,0.3965987128883545,SVM (LinearSVC)
text__industry,0.3964787357106432,SVM (LinearSVC)
text__list,0.39623531865045697,SVM (LinearSVC)
text__copy,0.3958855247537609,SVM (LinearSVC)
text__and system,0.39566566389224156,SVM (LinearSVC)
text__posting,0.39491185582277605,SVM (LinearSVC)
text__insurance and,0.39470548052315274,SVM (LinearSVC)
text__presentation skills,0.3946134771621754,SVM (LinearSVC)
text__you are,0.39436089973036836,SVM (LinearSVC)
text__matters,0.3943369727592335,SVM (LinearSVC)
text__shipping,0.39362385187261495,SVM (LinearSVC)
text__pre,0.3933462261932596,SVM (LinearSVC)
text__and personal,0.39285501758124025,SVM (LinearSVC)
text__application,0.39246481688559814,SVM (LinearSVC)
text__metrics and,0.39242341403343844,SVM (LinearSVC)
text__buying,0.3924076487275221,SVM (LinearSVC)
text__full stack,0.3923113550909459,SVM (LinearSVC)
text__time remote,0.3918865381031796,SVM (LinearSVC)
text__build,0.3917814153707559,SVM (LinearSVC)
text__then,0.3917392912350817,SVM (LinearSVC)
text__harassment,0.3917061752817108,SVM (LinearSVC)
text__head of,0.3916395848788663,SVM (LinearSVC)
text__an equal,0.39144145567761796,SVM (LinearSVC)
text__work is,0.39128691858142334,SVM (LinearSVC)
text__in an,0.3902523559882225,SVM (LinearSVC)
text__do,0.3901621136346937,SVM (LinearSVC)
text__adoption and,0.3899421386229733,SVM (LinearSVC)
text__material,0.38953789886397017,SVM (LinearSVC)
text__service and,0.3888349586683271,SVM (LinearSVC)
text__enjoy,0.3883544377906182,SVM (LinearSVC)
text__the successful,0.3882740417209007,SVM (LinearSVC)
text__emotional,0.3882736066685556,SVM (LinearSVC)
text__laws,0.38801453660357127,SVM (LinearSVC)
text__devops engineer,0.3879952207504215,SVM (LinearSVC)
numeric__description_length,0.38759242597864635,SVM (LinearSVC)
text__apps,0.3875600305876358,SVM (LinearSVC)
text__new business,0.3869590502687232,SVM (LinearSVC)
text__managers,0.3864747963439532,SVM (LinearSVC)
text__variety,0.3863099182990921,SVM (LinearSVC)
text__operations,0.3860916897677165,SVM (LinearSVC)
text__12,0.38603811296688356,SVM (LinearSVC)
text__validation,0.38596291368536684,SVM (LinearSVC)
text__that improve,0.3857671657408545,SVM (LinearSVC)
text__opportunity,0.38543392314934855,SVM (LinearSVC)
text__comply,0.38541125148862054,SVM (LinearSVC)
text__as needed,0.38540097000371465,SVM (LinearSVC)
text__smart,0.38389062798233287,SVM (LinearSVC)
text__evolving,0.383509140331883,SVM (LinearSVC)
text__30,0.3834425987766692,SVM (LinearSVC)
text__another,0.38328057390073517,SVM (LinearSVC)
text__collaborate with,0.38311714156463367,SVM (LinearSVC)
text__initiatives and,0.3828119002276806,SVM (LinearSVC)
text__data analyst,0.3825630365113084,SVM (LinearSVC)
text__concerns,0.3825588119605633,SVM (LinearSVC)
text__participation,0.38229264529612744,SVM (LinearSVC)
text__protocol,0.38199231734746664,SVM (LinearSVC)
text__weeks,0.38197414424434384,SVM (LinearSVC)
text__participate in,0.3813331139114166,SVM (LinearSVC)
text__hired,0.3812250704912249,SVM (LinearSVC)
text__owning,0.3809102033396283,SVM (LinearSVC)
text__your experience,0.38022414091259393,SVM (LinearSVC)
text__with product,0.3800838916046721,SVM (LinearSVC)
text__workspace,0.3797781251200139,SVM (LinearSVC)
text__to travel,0.37964119926716494,SVM (LinearSVC)
text__talent acquisition,0.3790842759679035,SVM (LinearSVC)
text__as part,0.3789619966901992,SVM (LinearSVC)
text__partnering with,0.37874873331204434,SVM (LinearSVC)
text__platforms and,0.37873116931868384,SVM (LinearSVC)
text__current,0.37858210228033917,SVM (LinearSVC)
text__and can,0.3784642024568193,SVM (LinearSVC)
text__dynamic,0.378410515235204,SVM (LinearSVC)
text__availability,0.37776700613402286,SVM (LinearSVC)
text__uk,0.3777523372949565,SVM (LinearSVC)
text__and other,0.3777197396724106,SVM (LinearSVC)
text__the business,0.37771340570823764,SVM (LinearSVC)
text__apply to,0.3775498241677952,SVM (LinearSVC)
text__is preferred,0.3774073889694716,SVM (LinearSVC)
text__and operations,0.377332557204021,SVM (LinearSVC)
text__of years,0.37730269179021486,SVM (LinearSVC)
text__are an,0.3772120102863474,SVM (LinearSVC)
text__precision,0.37698883645165226,SVM (LinearSVC)
text__resume,0.37676790191093257,SVM (LinearSVC)
text__project manager,0.3767324829679939,SVM (LinearSVC)
text__your own,0.3766510482697643,SVM (LinearSVC)
text__relationships and,0.3765587466043901,SVM (LinearSVC)
text__executives,0.3762396822024769,SVM (LinearSVC)
text__software,0.3761569357854016,SVM (LinearSVC)
text__conversation,0.3755278955434903,SVM (LinearSVC)
text__join our,0.37537111798325995,SVM (LinearSVC)
text__will do,0.3753216532222028,SVM (LinearSVC)
text__and translate,0.37459093316313324,SVM (LinearSVC)
text__elevate,0.3742107792386589,SVM (LinearSVC)
text__performance metrics,0.3737976611940006,SVM (LinearSVC)
text__is an,0.3737818786698676,SVM (LinearSVC)
text__transactions,0.3729384941909809,SVM (LinearSVC)
text__of this,0.37145266919230185,SVM (LinearSVC)
text__you ll,0.3714277024372276,SVM (LinearSVC)
text__successful,0.3700702077477993,SVM (LinearSVC)
text__tools,0.3700367900487449,SVM (LinearSVC)
text__experience using,0.36987860106137765,SVM (LinearSVC)
text__proactively,0.36971410768530477,SVM (LinearSVC)
text__student,0.36938088488501025,SVM (LinearSVC)
text__diverse,0.36918496836711356,SVM (LinearSVC)
text__detail and,0.3689830723300186,SVM (LinearSVC)
text__gender gender,0.368852577775392,SVM (LinearSVC)
text__designed,0.3688294852422707,SVM (LinearSVC)
text__planning,0.3688231340406205,SVM (LinearSVC)
text__to enable,0.36857508799624894,SVM (LinearSVC)
text__at any,0.36835277138996086,SVM (LinearSVC)
text__advisor,0.36812779954372143,SVM (LinearSVC)
text__pipelines,0.3678789427783346,SVM (LinearSVC)
text__interact,0.3676139769104782,SVM (LinearSVC)
text__hourly,0.3675194494568185,SVM (LinearSVC)
text__work experience,0.3673977516081428,SVM (LinearSVC)
text__parental,0.36685190144064056,SVM (LinearSVC)
text__and tools,0.366591905666702,SVM (LinearSVC)
text__you like,0.3665855572090465,SVM (LinearSVC)
text__some,0.3665764296382942,SVM (LinearSVC)
text__to improve,0.36621983324575813,SVM (LinearSVC)
text__needs and,0.36619414590015736,SVM (LinearSVC)
text__spending,0.3661549861746046,SVM (LinearSVC)
text__have the,0.3660715470709451,SVM (LinearSVC)
text__high,0.36601974541353743,SVM (LinearSVC)
text__details about,0.3659590392231892,SVM (LinearSVC)
text__culture that,0.3656354860800569,SVM (LinearSVC)
text__gaps,0.3653289764329475,SVM (LinearSVC)
text__payroll,0.3652657382343329,SVM (LinearSVC)
text__from,0.3649017347793059,SVM (LinearSVC)
text__software and,0.36482217618507845,SVM (LinearSVC)
text__policy,0.36476989849381386,SVM (LinearSVC)
text__toward,0.3646069444498542,SVM (LinearSVC)
text__analyze,0.3642299901321817,SVM (LinearSVC)
text__enable,0.3636463208065276,SVM (LinearSVC)
text__empowered,0.36329605124773323,SVM (LinearSVC)
text__by applicable,0.36324828686211874,SVM (LinearSVC)
text__as required,0.3632162160392154,SVM (LinearSVC)
text__the globe,0.36319922777464175,SVM (LinearSVC)
text__move,0.36301046216688343,SVM (LinearSVC)
text__to build,0.3628956768216126,SVM (LinearSVC)
text__optimizing,0.3628371854893884,SVM (LinearSVC)
text__level of,0.36244996952368924,SVM (LinearSVC)
text__surface,0.36213069291711547,SVM (LinearSVC)
text__fast paced,0.36209326484071264,SVM (LinearSVC)
text__look,0.3615378285990334,SVM (LinearSVC)
text__hands,0.3614156381017402,SVM (LinearSVC)
text__para,0.36121897187412594,SVM (LinearSVC)
text__back,0.3607468863198513,SVM (LinearSVC)
text__tuition reimbursement,0.3607052844337971,SVM (LinearSVC)
text__backgrounds,0.360651469413113,SVM (LinearSVC)
text__volunteer,0.36060721685140534,SVM (LinearSVC)
text__in our,0.3604918670665762,SVM (LinearSVC)
text__building the,0.36033229395726224,SVM (LinearSVC)
text__and post,0.3601296318584209,SVM (LinearSVC)
text__continued,0.35978733285146003,SVM (LinearSVC)
text__workplace,0.35922359618647237,SVM (LinearSVC)
text__issues and,0.3592068771791293,SVM (LinearSVC)
text__and lead,0.35919353567927925,SVM (LinearSVC)
text__be part,0.3591805259230856,SVM (LinearSVC)
text__workflow,0.3590021642306457,SVM (LinearSVC)
text__diversity,0.3586690654147943,SVM (LinearSVC)
text__mentoring,0.3586471406900539,SVM (LinearSVC)
text__supportive,0.35847964227662665,SVM (LinearSVC)
text__the pay,0.35818656853763237,SVM (LinearSVC)
text__logistics,0.35800455654971547,SVM (LinearSVC)
text__campaigns,0.3579381865308635,SVM (LinearSVC)
text__to drive,0.35792236059840343,SVM (LinearSVC)
text__understand the,0.35772934448191396,SVM (LinearSVC)
text__university,0.357664500369291,SVM (LinearSVC)
text__proficiency,0.3575324762033033,SVM (LinearSVC)
text__to meet,0.35743421862606556,SVM (LinearSVC)
text__position,0.35742651011226517,SVM (LinearSVC)
text__contract,0.35741811780756316,SVM (LinearSVC)
text__our commitment,0.35725588797865937,SVM (LinearSVC)
text__exposure to,0.35701980224265717,SVM (LinearSVC)
text__create and,0.3569141656193514,SVM (LinearSVC)
text__competencies,0.3565798337369062,SVM (LinearSVC)
text__our values,0.3559751749447935,SVM (LinearSVC)
text__engineering and,0.35581671888496225,SVM (LinearSVC)
text__incident,0.3555168110609214,SVM (LinearSVC)
text__timelines,0.35530366533023655,SVM (LinearSVC)
text__closely with,0.3553010519730919,SVM (LinearSVC)
text__there,0.35502428250127926,SVM (LinearSVC)
text__thinking and,0.35478456244376205,SVM (LinearSVC)
text__use of,0.35467459059664247,SVM (LinearSVC)
text__contribute to,0.35454688718516736,SVM (LinearSVC)
text__architect,0.354486473403189,SVM (LinearSVC)
text__and decision,0.3543859879689828,SVM (LinearSVC)
text__to do,0.3542901436978903,SVM (LinearSVC)
text__as well,0.3541659710044717,SVM (LinearSVC)
text__case,0.3540711279084914,SVM (LinearSVC)
text__an,0.3534547272555059,SVM (LinearSVC)
text__version,0.3531412159008227,SVM (LinearSVC)
text__sr,0.35303172157642126,SVM (LinearSVC)
text__chain,0.3529971108671636,SVM (LinearSVC)
text__ai assisted,0.352964525326579,SVM (LinearSVC)
text__strategy,0.35248818570053897,SVM (LinearSVC)
text__between,0.35248182401795053,SVM (LinearSVC)
text__implementation,0.35246312053361367,SVM (LinearSVC)
text__clinical,0.3524464182636685,SVM (LinearSVC)
text__committed to,0.35222909516432027,SVM (LinearSVC)
text__speaking,0.3520702229343306,SVM (LinearSVC)
text__stakeholder management,0.3520225204047096,SVM (LinearSVC)
text__information technology,0.35133833292137534,SVM (LinearSVC)
text__all,0.35102029429269804,SVM (LinearSVC)
text__involving,0.35087104135613567,SVM (LinearSVC)
text__fully,0.35080623857068666,SVM (LinearSVC)
text__transaction,0.3506431390570012,SVM (LinearSVC)
text__use ai,0.35063737989117716,SVM (LinearSVC)
text__regulations,0.35035984553013183,SVM (LinearSVC)
text__either,0.3503002828973163,SVM (LinearSVC)
text__to all,0.35012759433746843,SVM (LinearSVC)
text__days,0.3499509191011139,SVM (LinearSVC)
text__working,0.34991544332098934,SVM (LinearSVC)
text__services to,0.34985129565950424,SVM (LinearSVC)
text__promotion,0.3498346284306587,SVM (LinearSVC)
text__needs of,0.3498146455245434,SVM (LinearSVC)
text__step,0.3496627541476386,SVM (LinearSVC)
text__infrastructure and,0.3496357735182755,SVM (LinearSVC)
text__fast,0.349456862808282,SVM (LinearSVC)
text__outside,0.34876311822416584,SVM (LinearSVC)
text__development experience,0.3484722474805259,SVM (LinearSVC)
text__security engineer,0.3484222621748536,SVM (LinearSVC)
text__applicants will,0.3481055190988304,SVM (LinearSVC)
text__steps,0.34808654025279184,SVM (LinearSVC)
text__personnel,0.34801772626126737,SVM (LinearSVC)
text__prepare,0.34767685450512487,SVM (LinearSVC)
text__customer engagement,0.34735427882339165,SVM (LinearSVC)
text__you do,0.34687286437785914,SVM (LinearSVC)
text__criteria,0.3467467159733947,SVM (LinearSVC)
text__cycles,0.34664978619733705,SVM (LinearSVC)
text__b2b sales,0.346435250412608,SVM (LinearSVC)
text__robust,0.346071373783644,SVM (LinearSVC)
text__do you,0.3459086537070171,SVM (LinearSVC)
text__developing and,0.3457568187572305,SVM (LinearSVC)
text__systems,0.34565228189102526,SVM (LinearSVC)
text__years in,0.3456441527729546,SVM (LinearSVC)
text__counsel,0.34553409311865524,SVM (LinearSVC)
text__work to,0.3454994569439014,SVM (LinearSVC)
text__have experience,0.34546842537180744,SVM (LinearSVC)
text__mission to,0.3447679921640308,SVM (LinearSVC)
text__the employee,0.3447086790674799,SVM (LinearSVC)
text__and project,0.34424365131250584,SVM (LinearSVC)
text__customer satisfaction,0.34414557732267265,SVM (LinearSVC)
text__assist in,0.3439927754856831,SVM (LinearSVC)
text__onsite,0.3433230929351804,SVM (LinearSVC)
text__color religion,0.34312163461897666,SVM (LinearSVC)
text__samsara,0.343016082426122,SVM (LinearSVC)
text__workforce,0.34300832568187267,SVM (LinearSVC)
text__market,0.3429583210379138,SVM (LinearSVC)
text__an accommodation,0.34252053117771564,SVM (LinearSVC)
text__proficiency in,0.34212740686924903,SVM (LinearSVC)
text__characteristics,0.34187390484038144,SVM (LinearSVC)
text__sexual,0.3415461936339983,SVM (LinearSVC)
text__no,0.3414437602157482,SVM (LinearSVC)
text__für,0.34140146281326456,SVM (LinearSVC)
text__characteristic,0.3413020745084549,SVM (LinearSVC)
text__1b,0.34112591858656605,SVM (LinearSVC)
text__want,0.34104472070983655,SVM (LinearSVC)
text__sustainability,0.34092508638087654,SVM (LinearSVC)
text__work with,0.3408684281781835,SVM (LinearSVC)
text__perspectives,0.34085215089342386,SVM (LinearSVC)
text__company that,0.3405495674719894,SVM (LinearSVC)
text__field or,0.34026381426850794,SVM (LinearSVC)
text__additional,0.33991646332774655,SVM (LinearSVC)
text__adherence,0.3396835237258005,SVM (LinearSVC)
text__vacation,0.3391815435235799,SVM (LinearSVC)
text__tools to,0.3391678075024898,SVM (LinearSVC)
text__learning,0.3389815179065472,SVM (LinearSVC)
text__until,0.33892382983398117,SVM (LinearSVC)
text__since,0.33884695328570386,SVM (LinearSVC)
text__items,0.3385845481750495,SVM (LinearSVC)
text__physician,0.33835999772125747,SVM (LinearSVC)
text__accommodation,0.337610025307574,SVM (LinearSVC)
text__the broader,0.33748974264092,SVM (LinearSVC)
text__all levels,0.33717115506649853,SVM (LinearSVC)
text__cutting,0.33692289917416973,SVM (LinearSVC)
text__product marketing,0.33664577887164326,SVM (LinearSVC)
text__findings,0.336062632117143,SVM (LinearSVC)
text__development representative,0.33571062322330253,SVM (LinearSVC)
text__government,0.3355626929786241,SVM (LinearSVC)
text__bank,0.3354884592296919,SVM (LinearSVC)
text__designer,0.3352032524300988,SVM (LinearSVC)
text__spark,0.33506764922802507,SVM (LinearSVC)
text__level and,0.3348905982237835,SVM (LinearSVC)
text__and risk,0.33448968378738125,SVM (LinearSVC)
text__awareness,0.33414153677301,SVM (LinearSVC)
text__interviews,0.33410193634488805,SVM (LinearSVC)
text__fast moving,0.3339920990399342,SVM (LinearSVC)
text__exposure,0.333886699894743,SVM (LinearSVC)
text__azure,0.333398811613204,SVM (LinearSVC)
text__leader,0.33338168020333664,SVM (LinearSVC)
text__qualifications experience,0.33325416463091595,SVM (LinearSVC)
text__motion,0.3332439218152027,SVM (LinearSVC)
text__them to,0.33323738717218493,SVM (LinearSVC)
text__employees and,0.3327924740344368,SVM (LinearSVC)
text__teamwork,0.3326167005007156,SVM (LinearSVC)
text__process improvement,0.3325182024682884,SVM (LinearSVC)
text__information systems,0.3323419644150515,SVM (LinearSVC)
text__java,0.33140677332237223,SVM (LinearSVC)
text__of your,0.3313743603306294,SVM (LinearSVC)
text__creative,0.3313730038520718,SVM (LinearSVC)
text__contact,0.3310978846980313,SVM (LinearSVC)
text__support reach,0.3310955661508118,SVM (LinearSVC)
text__we,0.33108529212593363,SVM (LinearSVC)
text__comfortable,0.33099161513728076,SVM (LinearSVC)
text__consideration,0.3304535753620198,SVM (LinearSVC)
text__centers,0.3303479104649492,SVM (LinearSVC)
text__of,0.3300997996560685,SVM (LinearSVC)
text__does not,0.3293850037040754,SVM (LinearSVC)
text__engineer senior,0.32921291828086136,SVM (LinearSVC)
text__monitoring and,0.3292121779265811,SVM (LinearSVC)
text__encourage you,0.32891075764030603,SVM (LinearSVC)
text__requires,0.32882020568556025,SVM (LinearSVC)
text__have access,0.32848308901108314,SVM (LinearSVC)
text__with high,0.32846266853204137,SVM (LinearSVC)
text__mind,0.32790284014861104,SVM (LinearSVC)
text__centered,0.3278004924335829,SVM (LinearSVC)
text__servicenow,0.3274559905815027,SVM (LinearSVC)
text__and application,0.32726931134255294,SVM (LinearSVC)
text__maintain and,0.32717955875480037,SVM (LinearSVC)
text__stack engineer,0.32690075631529397,SVM (LinearSVC)
text__need to,0.3266918525196907,SVM (LinearSVC)
text__resolve,0.3266755926990222,SVM (LinearSVC)
text__high impact,0.32642352614275433,SVM (LinearSVC)
text__their,0.3256464785119849,SVM (LinearSVC)
text__tasks,0.3250688261000951,SVM (LinearSVC)
text__vary,0.32481864646801495,SVM (LinearSVC)
text__deeply,0.3247242632516017,SVM (LinearSVC)
text__trials,0.32472165236927975,SVM (LinearSVC)
text__our work,0.32450682687460913,SVM (LinearSVC)
text__node,0.32434443190595297,SVM (LinearSVC)
text__turn,0.32420546450829785,SVM (LinearSVC)
text__more about,0.3240521774619069,SVM (LinearSVC)
text__consultant,0.32395306152832476,SVM (LinearSVC)
text__artificial intelligence,0.3239171843976594,SVM (LinearSVC)
text__for any,0.32389551433956093,SVM (LinearSVC)
text__confidence,0.3237506288192085,SVM (LinearSVC)
text__related to,0.3237011636675153,SVM (LinearSVC)
text__js,0.3235910226376086,SVM (LinearSVC)
text__input,0.32342690167235194,SVM (LinearSVC)
text__organisation,0.3229085240261079,SVM (LinearSVC)
text__school,0.3226965641196915,SVM (LinearSVC)
text__architecture and,0.3226544352437937,SVM (LinearSVC)
text__looking for,0.3224420874531168,SVM (LinearSVC)
text__advocate,0.3223882550798017,SVM (LinearSVC)
text__early,0.3223331352149926,SVM (LinearSVC)
text__coordination,0.3218578523409929,SVM (LinearSVC)
text__learning and,0.3218231307372161,SVM (LinearSVC)
text__without regard,0.32172475301143866,SVM (LinearSVC)
text__of the,0.3209660148458572,SVM (LinearSVC)
text__on the,0.32081640923159616,SVM (LinearSVC)
text__solutions architect,0.32020018245735304,SVM (LinearSVC)
text__right,0.31993089506451017,SVM (LinearSVC)
text__and commitment,0.3199308010448965,SVM (LinearSVC)
text__live,0.3195829201104902,SVM (LinearSVC)
text__so,0.31949969315519483,SVM (LinearSVC)
text__presence,0.31911717195145534,SVM (LinearSVC)
text__an individual,0.3190520628121736,SVM (LinearSVC)
text__benefits,0.31901590285894643,SVM (LinearSVC)
text__and delivery,0.31888455447170583,SVM (LinearSVC)
text__consultants,0.31878681049688123,SVM (LinearSVC)
text__ui,0.318695244992244,SVM (LinearSVC)
text__conduct,0.31865532511779554,SVM (LinearSVC)
text__similar,0.3181234198362265,SVM (LinearSVC)
text__ads,0.31780574510629045,SVM (LinearSVC)
text__documentation and,0.3174053127261829,SVM (LinearSVC)
text__in one,0.31690779550098247,SVM (LinearSVC)
text__remote first,0.3168886201955201,SVM (LinearSVC)
text__engaging,0.3166632171139763,SVM (LinearSVC)
text__engineer ai,0.3160510695042494,SVM (LinearSVC)
text__for employment,0.3157629156528193,SVM (LinearSVC)
text__applies,0.31571123318533767,SVM (LinearSVC)
text__deep understanding,0.3155912297413143,SVM (LinearSVC)
text__drug,0.31554323452105576,SVM (LinearSVC)
text__accelerate,0.3152672671222753,SVM (LinearSVC)
text__qualify,0.3145291477043916,SVM (LinearSVC)
text__may be,0.3143008819624333,SVM (LinearSVC)
text__part,0.31428751973244523,SVM (LinearSVC)
text__and inclusive,0.3142074143704397,SVM (LinearSVC)
text__records and,0.3141842195905442,SVM (LinearSVC)
text__our client,0.3140838075502707,SVM (LinearSVC)
text__venture,0.3138764730915,SVM (LinearSVC)
text__development and,0.31382811610687855,SVM (LinearSVC)
text__careers,0.3136723740156994,SVM (LinearSVC)
text__proficient,0.31363374774847524,SVM (LinearSVC)
text__trade,0.31339927322301087,SVM (LinearSVC)
text__paid,0.31326654679483457,SVM (LinearSVC)
text__of race,0.3130537834751061,SVM (LinearSVC)
text__front,0.3130254285305939,SVM (LinearSVC)
text__write,0.31292601512399426,SVM (LinearSVC)
text__in english,0.312904583368561,SVM (LinearSVC)
text__fortune,0.31217688152923456,SVM (LinearSVC)
text__disability or,0.31213219837150213,SVM (LinearSVC)
text__adapt,0.3120438405153784,SVM (LinearSVC)
text__other protected,0.3119582702617443,SVM (LinearSVC)
text__support specialist,0.31143508155083954,SVM (LinearSVC)
text__storage,0.3113159653862729,SVM (LinearSVC)
text__them,0.3108852328423726,SVM (LinearSVC)
text__instagram,0.31061088833206474,SVM (LinearSVC)
text__support for,0.31053087669090207,SVM (LinearSVC)
text__several,0.31041676220078446,SVM (LinearSVC)
text__and strategic,0.3103991529236867,SVM (LinearSVC)
text__where everyone,0.31037296969276457,SVM (LinearSVC)
text__leaves,0.3103301942282203,SVM (LinearSVC)
text__decision making,0.31020676054605295,SVM (LinearSVC)
text__will also,0.310121992139218,SVM (LinearSVC)
text__and maintain,0.3097688047106758,SVM (LinearSVC)
text__with applicable,0.30904317497838996,SVM (LinearSVC)
text__in which,0.30885836643220804,SVM (LinearSVC)
text__category,0.3087680807136155,SVM (LinearSVC)
text__dependencies,0.3087613330443186,SVM (LinearSVC)
text__linux,0.30861288308857643,SVM (LinearSVC)
text__reference,0.3085343398484786,SVM (LinearSVC)
text__and non,0.30833553730649815,SVM (LinearSVC)
text__to use,0.30832554362456,SVM (LinearSVC)
text__demonstrates,0.3079145791194165,SVM (LinearSVC)
text__types,0.3073384614973139,SVM (LinearSVC)
text__respected,0.3071365501715165,SVM (LinearSVC)
text__personal,0.30699847317914886,SVM (LinearSVC)
text__age,0.30696401176000904,SVM (LinearSVC)
text__solution,0.30682217751236024,SVM (LinearSVC)
text__certifications,0.30673719146548223,SVM (LinearSVC)
text__state and,0.30656529623620765,SVM (LinearSVC)
text__proficiency with,0.30570727496966793,SVM (LinearSVC)
text__jobs,0.305498349212101,SVM (LinearSVC)
text__accounting,0.30536377344725396,SVM (LinearSVC)
text__foster,0.3048379386045508,SVM (LinearSVC)
text__status disability,0.3039622836899327,SVM (LinearSVC)
text__broader,0.3039227075547263,SVM (LinearSVC)
text__career development,0.30331257117708693,SVM (LinearSVC)
text__we ve,0.30324881199990794,SVM (LinearSVC)
text__defense,0.30320734047922604,SVM (LinearSVC)
text__typical,0.3030518910506563,SVM (LinearSVC)
text__technology,0.3030050335678081,SVM (LinearSVC)
text__in business,0.30271564809732776,SVM (LinearSVC)
text__language,0.30269228517126023,SVM (LinearSVC)
text__determined,0.3026115364637552,SVM (LinearSVC)
text__inquiries,0.30228435090163397,SVM (LinearSVC)
text__above,0.3021795542703255,SVM (LinearSVC)
text__and ongoing,0.30217463526755756,SVM (LinearSVC)
text__offers,0.30217418381595756,SVM (LinearSVC)
text__roles,0.30213870431323414,SVM (LinearSVC)
text__individual,0.3020300698005411,SVM (LinearSVC)
text__related,0.3019764956452912,SVM (LinearSVC)
text__strategic account,0.30174406050907027,SVM (LinearSVC)
text__support to,0.3014773283229989,SVM (LinearSVC)
text__encouraged,0.3011944304415264,SVM (LinearSVC)
text__submitted,0.3009856334867686,SVM (LinearSVC)
text__design and,0.30087681770160907,SVM (LinearSVC)
text__exceed,0.30066414177134626,SVM (LinearSVC)
text__code,0.30048223492403625,SVM (LinearSVC)
text__skills including,0.3004596216435574,SVM (LinearSVC)
text__strategies and,0.30037346653394575,SVM (LinearSVC)
text__the job,0.29957618452556417,SVM (LinearSVC)
text__not discriminate,0.2994836556723361,SVM (LinearSVC)
text__treatment,0.29943059451868365,SVM (LinearSVC)
text__and innovation,0.2994135817926766,SVM (LinearSVC)
text__accountable for,0.29936391760825565,SVM (LinearSVC)
text__den,0.2993307012120466,SVM (LinearSVC)
text__applied,0.29869493769521394,SVM (LinearSVC)
text__emails,0.29861577607175827,SVM (LinearSVC)
text__pay,0.29860559475031095,SVM (LinearSVC)
text__problem solving,0.2983399011361805,SVM (LinearSVC)
text__stakeholders,0.29806578705345005,SVM (LinearSVC)
text__interpersonal,0.29734574738875774,SVM (LinearSVC)
text__audience,0.29719059995703834,SVM (LinearSVC)
text__accenture,0.29697699437804165,SVM (LinearSVC)
text__preferred qualifications,0.29646229287303016,SVM (LinearSVC)
text__candidate is,0.29624044604719324,SVM (LinearSVC)
text__solutions,0.29622425361457844,SVM (LinearSVC)
text__compensation package,0.29618038038277306,SVM (LinearSVC)
text__comprehensive,0.2960629707797899,SVM (LinearSVC)
text__headquartered in,0.29601940975479263,SVM (LinearSVC)
text__the most,0.2959283464759239,SVM (LinearSVC)
text__smooth,0.29561116476335375,SVM (LinearSVC)
text__continue,0.29536199719901873,SVM (LinearSVC)
text__of how,0.2953085009645862,SVM (LinearSVC)
text__to race,0.2947573670506743,SVM (LinearSVC)
text__parental leave,0.2947113676263259,SVM (LinearSVC)
text__up,0.2944539732618603,SVM (LinearSVC)
text__incentive,0.29339232575505597,SVM (LinearSVC)
text__potential,0.29323679565354205,SVM (LinearSVC)
text__pricing,0.29323442978338743,SVM (LinearSVC)
text__analytical skills,0.29315634543878916,SVM (LinearSVC)
text__retirement,0.29304619548262306,SVM (LinearSVC)
text__the platform,0.29295910248844065,SVM (LinearSVC)
text__payment,0.2929115479503308,SVM (LinearSVC)
text__life and,0.29228498442735384,SVM (LinearSVC)
text__next generation,0.292160697102222,SVM (LinearSVC)
text__review and,0.2910949351747473,SVM (LinearSVC)
text__working hours,0.2910639440164449,SVM (LinearSVC)
text__visibility,0.2908993651043659,SVM (LinearSVC)
text__please complete,0.29088220064845643,SVM (LinearSVC)
text__brand,0.29087233091428016,SVM (LinearSVC)
text__sponsor,0.2908300672257505,SVM (LinearSVC)
text__practices,0.29080828480309306,SVM (LinearSVC)
text__driving,0.29059212284406977,SVM (LinearSVC)
text__payer,0.2905178998734356,SVM (LinearSVC)
text__show,0.290155569702278,SVM (LinearSVC)
text__termination,0.2900502668574026,SVM (LinearSVC)
text__directly with,0.28962435663945013,SVM (LinearSVC)
text__looks,0.28944420502244694,SVM (LinearSVC)
text__and implementation,0.2892232619793637,SVM (LinearSVC)
text__you bring,0.2891412156237441,SVM (LinearSVC)
text__ceo,0.2891094854466577,SVM (LinearSVC)
text__process takes,0.2890738210606448,SVM (LinearSVC)
text__management of,0.2890673266274084,SVM (LinearSVC)
text__hire,0.2886967136383429,SVM (LinearSVC)
text__curiosity,0.2879132309201969,SVM (LinearSVC)
text__or related,0.28789176780251163,SVM (LinearSVC)
text__context,0.287739012168021,SVM (LinearSVC)
text__stability,0.28770687689263413,SVM (LinearSVC)
text__to know,0.2875685415710459,SVM (LinearSVC)
text__total,0.28753450851145906,SVM (LinearSVC)
text__area,0.2872082437150776,SVM (LinearSVC)
text__workshops,0.28707574439302086,SVM (LinearSVC)
text__fintech,0.28608174060138347,SVM (LinearSVC)
text__transforming,0.28579277047757146,SVM (LinearSVC)
text__lifecycle,0.28564674257130035,SVM (LinearSVC)
text__requirements,0.2856106538737159,SVM (LinearSVC)
text__staff,0.2854196962378071,SVM (LinearSVC)
text__advertising,0.2851404654816592,SVM (LinearSVC)
text__hubspot,0.28512337434846874,SVM (LinearSVC)
text__experience supporting,0.2847866926770554,SVM (LinearSVC)
text__san francisco,0.2846889383064875,SVM (LinearSVC)
text__francisco,0.2846889383064875,SVM (LinearSVC)
text__working knowledge,0.2846775214819025,SVM (LinearSVC)
text__partnership,0.28416077737394096,SVM (LinearSVC)
text__and time,0.28406227376158777,SVM (LinearSVC)
text__patient,0.28401107691771854,SVM (LinearSVC)
text__execution and,0.2839733954698786,SVM (LinearSVC)
text__make difference,0.2838441037566721,SVM (LinearSVC)
text__self,0.2835613844695643,SVM (LinearSVC)
text__each,0.2831377862365899,SVM (LinearSVC)
text__participates in,0.28273476127072594,SVM (LinearSVC)
text__level,0.28242848220138816,SVM (LinearSVC)
text__resilience,0.28223809512863346,SVM (LinearSVC)
text__orchestration,0.2821360666701479,SVM (LinearSVC)
text__demonstrate,0.2821025563054382,SVM (LinearSVC)
text__from you,0.2820718582975841,SVM (LinearSVC)
text__supports,0.28178998409024186,SVM (LinearSVC)
text__requirement,0.2816359390359154,SVM (LinearSVC)
text__challenge,0.28145335213042794,SVM (LinearSVC)
text__support of,0.2812905848335278,SVM (LinearSVC)
text__information or,0.2812827203996307,SVM (LinearSVC)
text__identity or,0.28127862376226187,SVM (LinearSVC)
text__outcomes,0.2810115447676002,SVM (LinearSVC)
text__type contract,0.2809865889187112,SVM (LinearSVC)
text__veterans,0.2805932743373778,SVM (LinearSVC)
text__and optimize,0.28040904549841666,SVM (LinearSVC)
text__collaboration,0.28013849650735967,SVM (LinearSVC)
text__business and,0.28013124861281585,SVM (LinearSVC)
text__close,0.2796816285967241,SVM (LinearSVC)
text__technical and,0.2795725796163169,SVM (LinearSVC)
text__excellent communication,0.27953620788995154,SVM (LinearSVC)
text__the industry,0.2794978679958963,SVM (LinearSVC)
text__unable,0.2791712375016583,SVM (LinearSVC)
text__master degree,0.2788006103504055,SVM (LinearSVC)
text__drive,0.27827118642209503,SVM (LinearSVC)
text__digital,0.27785866512843505,SVM (LinearSVC)
text__north america,0.2777687863067027,SVM (LinearSVC)
text__internal stakeholders,0.2776810219866394,SVM (LinearSVC)
text__demonstrated,0.277475248280941,SVM (LinearSVC)
text__applications and,0.2773871313500794,SVM (LinearSVC)
text__of sales,0.2770099733299002,SVM (LinearSVC)
text__activation,0.27611131130269356,SVM (LinearSVC)
text__least one,0.27603341068720894,SVM (LinearSVC)
text__assessment,0.27590705387860914,SVM (LinearSVC)
text__compensation and,0.275720346275038,SVM (LinearSVC)
text__gain,0.27571733646687774,SVM (LinearSVC)
text__maintenance,0.27565092606272357,SVM (LinearSVC)
text__to help,0.2755437149023665,SVM (LinearSVC)
text__aspects,0.27530458323322365,SVM (LinearSVC)
text__senior director,0.27508618861109335,SVM (LinearSVC)
text__recommendations,0.2750780006493748,SVM (LinearSVC)
text__resources and,0.2750552215629162,SVM (LinearSVC)
text__credit,0.27499633570292376,SVM (LinearSVC)
text__departments,0.2748913531985397,SVM (LinearSVC)
text__proficient in,0.2748433015349008,SVM (LinearSVC)
text__the,0.27458439694129416,SVM (LinearSVC)
text__premium,0.27450655160237336,SVM (LinearSVC)
text__data into,0.27428202557282283,SVM (LinearSVC)
text__source,0.27426283557741626,SVM (LinearSVC)
text__adam,0.27401655252737095,SVM (LinearSVC)
text__discipline,0.2736702882177893,SVM (LinearSVC)
text__passionate about,0.27344615008488027,SVM (LinearSVC)
text__and verbal,0.27298775690964705,SVM (LinearSVC)
text__legally,0.2728115535050827,SVM (LinearSVC)
text__you have,0.27275252420503243,SVM (LinearSVC)
text__disability insurance,0.27264101539120783,SVM (LinearSVC)
text__maintains,0.2725833466287718,SVM (LinearSVC)
text__color,0.2725783032224116,SVM (LinearSVC)
text__você,0.2725315063950204,SVM (LinearSVC)
text__representative,0.2725013880330386,SVM (LinearSVC)
text__long term,0.27236439600508106,SVM (LinearSVC)
text__computer science,0.27226638804655806,SVM (LinearSVC)
text__integrity and,0.2717531418477271,SVM (LinearSVC)
text__is the,0.2714617000481732,SVM (LinearSVC)
text__funding,0.2714215411777014,SVM (LinearSVC)
text__they are,0.2713866329889746,SVM (LinearSVC)
categorical__experience_level_primary_Executive,0.2706849960510063,SVM (LinearSVC)
text__work we,0.27062649781072606,SVM (LinearSVC)
text__information and,0.2705783812536784,SVM (LinearSVC)
text__facilitate,0.27055569421749465,SVM (LinearSVC)
text__certain,0.27032980150284097,SVM (LinearSVC)
text__reporting and,0.2703021249805925,SVM (LinearSVC)
text__three,0.27023899584104577,SVM (LinearSVC)
text__and safety,0.27023008873882265,SVM (LinearSVC)
text__business,0.2692850713516102,SVM (LinearSVC)
text__don,0.26890787952496475,SVM (LinearSVC)
text__device,0.26872614933745775,SVM (LinearSVC)
text__crm,0.2684652654863719,SVM (LinearSVC)
text__employee assistance,0.2684628787464432,SVM (LinearSVC)
text__deep,0.2681254980179255,SVM (LinearSVC)
text__plan with,0.26798883941139967,SVM (LinearSVC)
text__rest,0.2679626445182204,SVM (LinearSVC)
text__fun,0.26760719634134666,SVM (LinearSVC)
text__adobe,0.2675371335629542,SVM (LinearSVC)
text__um,0.26714317568373436,SVM (LinearSVC)
text__learn more,0.2670979870897665,SVM (LinearSVC)
text__commitment to,0.26695253569060623,SVM (LinearSVC)
text__presentation,0.2668546012101493,SVM (LinearSVC)
text__policies,0.266843529933309,SVM (LinearSVC)
text__with team,0.26672171986721177,SVM (LinearSVC)
text__to succeed,0.26648510458876956,SVM (LinearSVC)
text__all employees,0.26643135308643356,SVM (LinearSVC)
text__de,0.2663283008728723,SVM (LinearSVC)
text__capital,0.26616133596741987,SVM (LinearSVC)
text__to be,0.2661477837413541,SVM (LinearSVC)
text__performance and,0.2661254255901719,SVM (LinearSVC)
text__check,0.26607378069497284,SVM (LinearSVC)
text__networking,0.2659686397981089,SVM (LinearSVC)
text__landscape,0.26529769346615495,SVM (LinearSVC)
text__tech,0.26528892615946964,SVM (LinearSVC)
text__applicable federal,0.26495148828462217,SVM (LinearSVC)
text__will lead,0.2644214370883991,SVM (LinearSVC)
text__implementations,0.2644149089470111,SVM (LinearSVC)
text__training,0.2640631038512004,SVM (LinearSVC)
text__testing and,0.2639982515174191,SVM (LinearSVC)
text__for their,0.2638973413167764,SVM (LinearSVC)
text__national origin,0.26352939027852335,SVM (LinearSVC)
text__job duties,0.2633772549511908,SVM (LinearSVC)
text__and cross,0.2633038535252328,SVM (LinearSVC)
text__sense of,0.26303829006493856,SVM (LinearSVC)
text__remotely,0.2627678794894668,SVM (LinearSVC)
text__skill,0.26273839346574546,SVM (LinearSVC)
text__and global,0.26270016827830484,SVM (LinearSVC)
text__online,0.262642441401104,SVM (LinearSVC)
text__accepted,0.2625066770918222,SVM (LinearSVC)
text__as senior,0.2620541595445117,SVM (LinearSVC)
text__feature,0.2618418754614434,SVM (LinearSVC)
text__produce,0.2617322879850155,SVM (LinearSVC)
text__factors including,0.26161858963034645,SVM (LinearSVC)
text__deliver,0.2615910824109237,SVM (LinearSVC)
text__distribution,0.26138745885829184,SVM (LinearSVC)
text__remote position,0.26133071192020785,SVM (LinearSVC)
text__aus,0.2611191254874066,SVM (LinearSVC)
text__answer,0.2609885033813878,SVM (LinearSVC)
text__technician,0.2608627736956795,SVM (LinearSVC)
text__base pay,0.26035223976715394,SVM (LinearSVC)
text__ci,0.25993121445029826,SVM (LinearSVC)
text__roadmap,0.2597758510580645,SVM (LinearSVC)
text__is seeking,0.25918077993947286,SVM (LinearSVC)
text__formal,0.25898718703957635,SVM (LinearSVC)
text__field,0.2589712392978382,SVM (LinearSVC)
text__constraints,0.25850878046159154,SVM (LinearSVC)
text__manage multiple,0.2584650554074382,SVM (LinearSVC)
text__recruitment process,0.2582507561652866,SVM (LinearSVC)
text__comfortable working,0.2581755714529039,SVM (LinearSVC)
text__claims,0.25795278032850644,SVM (LinearSVC)
text__innovation and,0.2579470743731405,SVM (LinearSVC)
text__and continuous,0.2575794712433752,SVM (LinearSVC)
text__acumen,0.2574725928723371,SVM (LinearSVC)
text__therapeutic,0.25739342395955106,SVM (LinearSVC)
text__plan,0.2570608264804172,SVM (LinearSVC)
text__facilities,0.2570013066792074,SVM (LinearSVC)
text__expected to,0.2568627936819541,SVM (LinearSVC)
text__coverage,0.25682992024800644,SVM (LinearSVC)
text__automation,0.2567832790270748,SVM (LinearSVC)
text__inventory,0.25648056130283126,SVM (LinearSVC)
text__demonstrated experience,0.25647021096499073,SVM (LinearSVC)
text__champion,0.2563766695562464,SVM (LinearSVC)
text__target,0.2560532132338327,SVM (LinearSVC)
text__across our,0.2559753701318441,SVM (LinearSVC)
text__protected by,0.2559051869491887,SVM (LinearSVC)
text__complete upload,0.2558744614734839,SVM (LinearSVC)
text__and partner,0.25536922084292535,SVM (LinearSVC)
text__advisory,0.2549752730125815,SVM (LinearSVC)
text__dados,0.254898168926068,SVM (LinearSVC)
text__creativity,0.25485759388395973,SVM (LinearSVC)
text__task,0.2548541997692478,SVM (LinearSVC)
text__talented,0.2547195771722413,SVM (LinearSVC)
text__part of,0.2546882851433129,SVM (LinearSVC)
text__re,0.2546816476014914,SVM (LinearSVC)
text__and cost,0.2546104225359425,SVM (LinearSVC)
text__will receive,0.2544494840994666,SVM (LinearSVC)
text__complex,0.2542959672915695,SVM (LinearSVC)
text__complex technical,0.25423530050102444,SVM (LinearSVC)
text__bist,0.25399646629634,SVM (LinearSVC)
text__by law,0.2538958053901914,SVM (LinearSVC)
text__that can,0.25381232555750133,SVM (LinearSVC)
text__scraping,0.25353532509410703,SVM (LinearSVC)
text__self motivated,0.2530101686094505,SVM (LinearSVC)
text__ai tools,0.2523930211648017,SVM (LinearSVC)
text__trial,0.2523221623398129,SVM (LinearSVC)
text__finance and,0.2522294015142092,SVM (LinearSVC)
text__every day,0.25215069318460925,SVM (LinearSVC)
text__agreement,0.2519798970056092,SVM (LinearSVC)
text__and collaboration,0.2518762776456845,SVM (LinearSVC)
text__innovate,0.25177665139875316,SVM (LinearSVC)
text__and develop,0.2517205294176015,SVM (LinearSVC)
text__subject matter,0.2516741120345968,SVM (LinearSVC)
text__will play,0.2516532792606207,SVM (LinearSVC)
text__and be,0.2516434567153893,SVM (LinearSVC)
text__reasonable,0.2514406329484039,SVM (LinearSVC)
text__employment without,0.25143816422242504,SVM (LinearSVC)
text__communicate,0.25112553910292096,SVM (LinearSVC)
text__technology and,0.25093105554256206,SVM (LinearSVC)
text__and are,0.2509158350514415,SVM (LinearSVC)
text__an impact,0.2509000685431075,SVM (LinearSVC)
text__and reporting,0.25086533148320134,SVM (LinearSVC)
text__how to,0.2507049115263807,SVM (LinearSVC)
text__to make,0.25055190028632984,SVM (LinearSVC)
text__tier,0.2505403520369933,SVM (LinearSVC)
text__modeling,0.2505337213498912,SVM (LinearSVC)
text__communicator,0.2505197113566812,SVM (LinearSVC)
text__identify and,0.25017731336420673,SVM (LinearSVC)
text__note that,0.2501258670946601,SVM (LinearSVC)
text__shared,0.25010060163574704,SVM (LinearSVC)
text__receive consideration,0.24975240612463398,SVM (LinearSVC)
text__developers,0.2495157603967979,SVM (LinearSVC)
text__their best,0.24939157034481194,SVM (LinearSVC)
text__configuration,0.2492994766109003,SVM (LinearSVC)
text__models,0.24929071053298318,SVM (LinearSVC)
text__methods,0.24928384770903775,SVM (LinearSVC)
text__advance,0.24910705155658378,SVM (LinearSVC)
text__experience managing,0.24884993648384016,SVM (LinearSVC)
text__lead,0.24859407387678514,SVM (LinearSVC)
text__number,0.24856225732202844,SVM (LinearSVC)
text__requests,0.24792686775373354,SVM (LinearSVC)
text__resources,0.24788464738946434,SVM (LinearSVC)
text__2026,0.24779685112343136,SVM (LinearSVC)
text__ii,0.2475999078617915,SVM (LinearSVC)
text__description,0.247593554886283,SVM (LinearSVC)
text__the technical,0.24722432589803095,SVM (LinearSVC)
text__manufacturing,0.24700494012553392,SVM (LinearSVC)
text__gtm,0.24693103587852278,SVM (LinearSVC)
text__or the,0.2468458628294814,SVM (LinearSVC)
text__sales experience,0.24675591135785443,SVM (LinearSVC)
text__human resources,0.24668374980930147,SVM (LinearSVC)
text__editing,0.24628537044842813,SVM (LinearSVC)
text__deep expertise,0.24615694082874245,SVM (LinearSVC)
text__artificial,0.2459557574886889,SVM (LinearSVC)
text__best work,0.2454802202988145,SVM (LinearSVC)
text__and experience,0.24543503299351166,SVM (LinearSVC)
text__and your,0.24526861011124923,SVM (LinearSVC)
text__nutrition,0.24524798604118878,SVM (LinearSVC)
text__diploma,0.24491595657824666,SVM (LinearSVC)
text__to change,0.24484794036926225,SVM (LinearSVC)
text__sites,0.24482528296628273,SVM (LinearSVC)
text__modern,0.24480948690742263,SVM (LinearSVC)
text__verbal,0.24467356638546303,SVM (LinearSVC)
text__define and,0.24454785939858437,SVM (LinearSVC)
text__think,0.2441717299565703,SVM (LinearSVC)
text__enables,0.244161989057226,SVM (LinearSVC)
text__risk,0.2441026062338907,SVM (LinearSVC)
text__communication and,0.2439610813925785,SVM (LinearSVC)
text__other characteristic,0.243616862138184,SVM (LinearSVC)
text__federal state,0.2435895156775201,SVM (LinearSVC)
text__mins to,0.24352470869081536,SVM (LinearSVC)
text__takes 20,0.24352470869081536,SVM (LinearSVC)
text__york,0.24327449556266045,SVM (LinearSVC)
text__operate,0.24286931100913448,SVM (LinearSVC)
text__not limited,0.2427739063654136,SVM (LinearSVC)
text__new york,0.24254081904123093,SVM (LinearSVC)
text__management experience,0.2424917361633977,SVM (LinearSVC)
text__every,0.2422854431326541,SVM (LinearSVC)
text__security,0.24204899653739717,SVM (LinearSVC)
text__conditions,0.24202108831621805,SVM (LinearSVC)
text__plus,0.24195536779267762,SVM (LinearSVC)
text__contracts,0.24187860408974188,SVM (LinearSVC)
text__navigate,0.24182855123167943,SVM (LinearSVC)
text__criminal,0.24165975608008664,SVM (LinearSVC)
text__portfolio,0.24150280571963198,SVM (LinearSVC)
text__generous,0.24080611998708407,SVM (LinearSVC)
text__based,0.24078437131745342,SVM (LinearSVC)
text__candidate,0.2407510034050687,SVM (LinearSVC)
text__executive,0.2406733152641849,SVM (LinearSVC)
text__experience developing,0.24056063012726545,SVM (LinearSVC)
text__features,0.2404445337722783,SVM (LinearSVC)
text__are encouraged,0.24041871521168875,SVM (LinearSVC)
text__of team,0.24021003602727367,SVM (LinearSVC)
text__this position,0.23988746503924643,SVM (LinearSVC)
text__and external,0.2397735428958179,SVM (LinearSVC)
text__practice,0.2397721181711406,SVM (LinearSVC)
text__team and,0.23961521334085067,SVM (LinearSVC)
text__and applicants,0.23944132056599446,SVM (LinearSVC)
text__speak,0.23916283385532117,SVM (LinearSVC)
text__about this,0.23902298278230608,SVM (LinearSVC)
text__simultaneously,0.2389825879816227,SVM (LinearSVC)
text__points,0.23876896767632114,SVM (LinearSVC)
text__but not,0.2387205579618831,SVM (LinearSVC)
text__internal and,0.23853864874654712,SVM (LinearSVC)
text__die,0.23845698468536838,SVM (LinearSVC)
text__remain,0.23840630930625406,SVM (LinearSVC)
text__zu,0.23825954685182466,SVM (LinearSVC)
text__assignments,0.23806210313848747,SVM (LinearSVC)
text__management and,0.2374388353375741,SVM (LinearSVC)
text__mission is,0.23733133536676965,SVM (LinearSVC)
text__to translate,0.2371536583546534,SVM (LinearSVC)
text__therapy,0.23681648871537936,SVM (LinearSVC)
text__the opportunity,0.23665982657435397,SVM (LinearSVC)
text__interpret,0.23657780484233504,SVM (LinearSVC)
text__ongoing,0.23626438217441367,SVM (LinearSVC)
text__or any,0.236020748723825,SVM (LinearSVC)
text__to support,0.23580382474009753,SVM (LinearSVC)
text__and build,0.2357381853089333,SVM (LinearSVC)
text__opportunities and,0.23551016906812633,SVM (LinearSVC)
text__bachelor,0.23544564566510634,SVM (LinearSVC)
text__position is,0.23542164737262294,SVM (LinearSVC)
text__reflects,0.2353709851083812,SVM (LinearSVC)
text__knowledge,0.23534516085541152,SVM (LinearSVC)
text__flexibility,0.2353220010131586,SVM (LinearSVC)
text__api,0.23501624927258183,SVM (LinearSVC)
text__contributing to,0.2346322640469113,SVM (LinearSVC)
text__track record,0.2344377259237283,SVM (LinearSVC)
text__deliverables,0.2341819899360612,SVM (LinearSVC)
text__origin disability,0.23395255865280096,SVM (LinearSVC)
text__reviews and,0.2338653024226075,SVM (LinearSVC)
text__confirm,0.23377497581923368,SVM (LinearSVC)
text__the global,0.2337737186704057,SVM (LinearSVC)
text__analysis,0.23356261821719831,SVM (LinearSVC)
text__across teams,0.23351994266289386,SVM (LinearSVC)
text__release,0.23316010844023646,SVM (LinearSVC)
text__el,0.23303684558327303,SVM (LinearSVC)
text__groups,0.23280161429642335,SVM (LinearSVC)
text__engineering teams,0.23277378087538206,SVM (LinearSVC)
text__cost,0.23264146394627624,SVM (LinearSVC)
text__match,0.23243211401035835,SVM (LinearSVC)
text__and skills,0.23228798503185272,SVM (LinearSVC)
text__react,0.23201432564116248,SVM (LinearSVC)
text__and engineering,0.2320125013388082,SVM (LinearSVC)
text__paced environment,0.23189726212837358,SVM (LinearSVC)
text__relevant experience,0.23185129554172507,SVM (LinearSVC)
text__demand,0.23144870780981705,SVM (LinearSVC)
text__compliant,0.23135638176221848,SVM (LinearSVC)
text__will work,0.23131989591985577,SVM (LinearSVC)
text__to business,0.23128843970374643,SVM (LinearSVC)
text__an environment,0.23122908825293575,SVM (LinearSVC)
text__understanding of,0.2310859261796013,SVM (LinearSVC)
text__four,0.2310636760659378,SVM (LinearSVC)
text__new,0.23090628770219968,SVM (LinearSVC)
text__and process,0.23058978246011103,SVM (LinearSVC)
text__broad,0.23033102299407057,SVM (LinearSVC)
text__attitude,0.23026142698913668,SVM (LinearSVC)
text__data engineer,0.2302606466554011,SVM (LinearSVC)
text__with leading,0.22998004834857913,SVM (LinearSVC)
text__wie,0.22970170217741506,SVM (LinearSVC)
text__risk management,0.2295125136150564,SVM (LinearSVC)
text__ensure that,0.22939889954277995,SVM (LinearSVC)
text__optimization,0.22886640835438266,SVM (LinearSVC)
text__life balance,0.22850281320224147,SVM (LinearSVC)
text__be able,0.2284862652794095,SVM (LinearSVC)
text__sense,0.22826017871082066,SVM (LinearSVC)
text__in remote,0.22823707635132082,SVM (LinearSVC)
text__organic,0.22813396046680803,SVM (LinearSVC)
text__interested in,0.22810078473473033,SVM (LinearSVC)
text__may,0.2277254276886766,SVM (LinearSVC)
text__determine,0.2277148438056058,SVM (LinearSVC)
text__mentorship,0.22770857135613187,SVM (LinearSVC)
text__participate,0.22725586191825067,SVM (LinearSVC)
text__and enterprise,0.22711803218782872,SVM (LinearSVC)
text__or expression,0.22668360048537048,SVM (LinearSVC)
text__eligible for,0.22653083151215786,SVM (LinearSVC)
text__developer,0.2264332583585635,SVM (LinearSVC)
text__designing and,0.22623241994971313,SVM (LinearSVC)
text__mapping,0.22613529372123997,SVM (LinearSVC)
text__em,0.22595836026376426,SVM (LinearSVC)
text__cloud,0.22581166221577012,SVM (LinearSVC)
text__team environment,0.22571412251911635,SVM (LinearSVC)
text__occasional,0.22551450596041975,SVM (LinearSVC)
text__continue to,0.2254122709541336,SVM (LinearSVC)
text__and stakeholder,0.2252419514181571,SVM (LinearSVC)
text__consultative,0.2251216107607149,SVM (LinearSVC)
text__support,0.22487472015924975,SVM (LinearSVC)
text__accountability,0.224437699233068,SVM (LinearSVC)
text__work environment,0.22413401097872815,SVM (LinearSVC)
text__in,0.2241207954103942,SVM (LinearSVC)
text__order to,0.22405305829553432,SVM (LinearSVC)
text__entry,0.22367289584729458,SVM (LinearSVC)
text__the highest,0.22277190568016902,SVM (LinearSVC)
text__degree or,0.22265000147038558,SVM (LinearSVC)
text__someone who,0.22257883436219167,SVM (LinearSVC)
text__annotation,0.22255447570646258,SVM (LinearSVC)
text__which,0.22245067744403568,SVM (LinearSVC)
text__trusted,0.22242693205066702,SVM (LinearSVC)
text__not just,0.2223543409935039,SVM (LinearSVC)
text__dir,0.22208962591571157,SVM (LinearSVC)
text__architectures,0.2220551587979252,SVM (LinearSVC)
text__our mission,0.22194141380356752,SVM (LinearSVC)
text__and high,0.22182082509314932,SVM (LinearSVC)
text__daily,0.221742316589751,SVM (LinearSVC)
text__history,0.22172443214408888,SVM (LinearSVC)
text__at,0.2217050877353954,SVM (LinearSVC)
text__motivated,0.22162853777283584,SVM (LinearSVC)
text__role as,0.2213790369351768,SVM (LinearSVC)
text__full,0.22122967173758523,SVM (LinearSVC)
text__and to,0.22113928123583793,SVM (LinearSVC)
text__hours,0.22112373390176113,SVM (LinearSVC)
text__come,0.22109756081135032,SVM (LinearSVC)
text__instructor,0.22099239284462205,SVM (LinearSVC)
text__interpersonal skills,0.2207940386549789,SVM (LinearSVC)
text__promote,0.22075357596701886,SVM (LinearSVC)
text__sql,0.22071275821757003,SVM (LinearSVC)
text__intelligent,0.22048704882296552,SVM (LinearSVC)
text__we can,0.22040199962893156,SVM (LinearSVC)
text__to work,0.22030990925521357,SVM (LinearSVC)
text__basis of,0.21986714571100727,SVM (LinearSVC)
text__sales manager,0.2198328812695699,SVM (LinearSVC)
text__ambitious,0.2195862595360525,SVM (LinearSVC)
text__prospect,0.21943436609543485,SVM (LinearSVC)
text__subject,0.21938068620230908,SVM (LinearSVC)
text__to providing,0.21930536271336135,SVM (LinearSVC)
text__scrum,0.21909690103611437,SVM (LinearSVC)
text__commitments,0.21884735165156452,SVM (LinearSVC)
text__about,0.21812924412088966,SVM (LinearSVC)
text__contributions,0.21810070018073582,SVM (LinearSVC)
text__trust and,0.2179433822241409,SVM (LinearSVC)
text__to develop,0.21783708793071502,SVM (LinearSVC)
text__calendar,0.2175326605161865,SVM (LinearSVC)
text__what we,0.2174753119296744,SVM (LinearSVC)
text__reviewed,0.21711185242497796,SVM (LinearSVC)
text__limited to,0.21699093074593231,SVM (LinearSVC)
text__flexible work,0.21650238399586785,SVM (LinearSVC)
text__completion,0.2163978275814178,SVM (LinearSVC)
text__consulting and,0.21612365155193397,SVM (LinearSVC)
text__tasks and,0.21598189745081794,SVM (LinearSVC)
text__and best,0.21589838296117778,SVM (LinearSVC)
text__strong written,0.21584436181968056,SVM (LinearSVC)
text__core,0.2157636099394084,SVM (LinearSVC)
text__reviewer,0.21559933611232612,SVM (LinearSVC)
text__with focus,0.2154864709703762,SVM (LinearSVC)
text__applicable,0.21536999563650117,SVM (LinearSVC)
text__expanding,0.2152865150077386,SVM (LinearSVC)
text__addition to,0.21518653509118305,SVM (LinearSVC)
text__strong experience,0.21489202407711758,SVM (LinearSVC)
text__distributed systems,0.2147789978544342,SVM (LinearSVC)
text__form,0.21465642518133085,SVM (LinearSVC)
text__would,0.21463038924164773,SVM (LinearSVC)
text__technologies and,0.21457402713951293,SVM (LinearSVC)
text__down,0.21439984566588546,SVM (LinearSVC)
text__providers,0.21425963975098775,SVM (LinearSVC)
text__control,0.21377520013224818,SVM (LinearSVC)
text__cold,0.21350879227597505,SVM (LinearSVC)
text__hr,0.21345898689867118,SVM (LinearSVC)
text__more information,0.2129017419430408,SVM (LinearSVC)
text__know,0.21278705386726451,SVM (LinearSVC)
text__agreements,0.21245519414657854,SVM (LinearSVC)
text__quality of,0.21209124107437627,SVM (LinearSVC)
text__applications,0.21207720881803943,SVM (LinearSVC)
text__short term,0.21192415366472486,SVM (LinearSVC)
text__automated,0.21173439024061713,SVM (LinearSVC)
text__and clinical,0.21158893805044282,SVM (LinearSVC)
text__site,0.21158180487822584,SVM (LinearSVC)
text__most,0.21145523140834493,SVM (LinearSVC)
text__paid parental,0.21144103608203807,SVM (LinearSVC)
text__the future,0.21136231109053974,SVM (LinearSVC)
text__in production,0.21127917476732178,SVM (LinearSVC)
text__designed to,0.2110016656594739,SVM (LinearSVC)
text__collaborating with,0.21096261763324137,SVM (LinearSVC)
text__to move,0.21091243533429907,SVM (LinearSVC)
text__financial reporting,0.21070642045054286,SVM (LinearSVC)
text__conversion,0.2104500440758217,SVM (LinearSVC)
text__make an,0.21021496243538704,SVM (LinearSVC)
text__analyzing,0.21018548943330842,SVM (LinearSVC)
text__acquisition,0.2099408165682959,SVM (LinearSVC)
text__and may,0.20979025308035032,SVM (LinearSVC)
text__delivered,0.2096922384344683,SVM (LinearSVC)
text__you re,0.20960723352289656,SVM (LinearSVC)
text__the us,0.20949620073280456,SVM (LinearSVC)
text__and follow,0.20940663853480837,SVM (LinearSVC)
text__accommodation to,0.20934603664085205,SVM (LinearSVC)
text__programs and,0.20934388818331123,SVM (LinearSVC)
text__benefits including,0.20925497550297356,SVM (LinearSVC)
text__sex national,0.2091959078341337,SVM (LinearSVC)
text__status,0.2089261445592462,SVM (LinearSVC)
text__pharmacy,0.208855297657031,SVM (LinearSVC)
text__dedicated,0.20871661355419938,SVM (LinearSVC)
text__team in,0.20844911530720162,SVM (LinearSVC)
text__guiding,0.20811172488727508,SVM (LinearSVC)
text__need,0.2080133828336882,SVM (LinearSVC)
text__refine,0.2079990427131702,SVM (LinearSVC)
text__end,0.20792973226952322,SVM (LinearSVC)
text__just,0.20792323996730913,SVM (LinearSVC)
text__the position,0.20773311781670226,SVM (LinearSVC)
text__the compensation,0.20711111279494976,SVM (LinearSVC)
text__change management,0.20695505344007364,SVM (LinearSVC)
text__some of,0.2068478941890514,SVM (LinearSVC)
text__developing,0.20681409775923743,SVM (LinearSVC)
text__headquartered,0.2068026735343335,SVM (LinearSVC)
text__regardless,0.20678921247192955,SVM (LinearSVC)
text__cloud security,0.20655972351795876,SVM (LinearSVC)
text__experiences,0.2064136605729379,SVM (LinearSVC)
text__such as,0.20594980750517428,SVM (LinearSVC)
text__timely,0.20578950482934422,SVM (LinearSVC)
text__gitlab,0.20541276132629477,SVM (LinearSVC)
text__for someone,0.2052453702710371,SVM (LinearSVC)
text__encourage,0.2051684655992229,SVM (LinearSVC)
text__each other,0.20503919106194038,SVM (LinearSVC)
text__contracting,0.2047481606772495,SVM (LinearSVC)
text__holders,0.20460180505433298,SVM (LinearSVC)
text__and digital,0.20449038745771603,SVM (LinearSVC)
text__this role,0.20446432103073015,SVM (LinearSVC)
text__are proud,0.20410526300665408,SVM (LinearSVC)
text__page,0.2040684252051607,SVM (LinearSVC)
text__to effectively,0.20371197817868128,SVM (LinearSVC)
text__troubleshoot,0.2033720303502875,SVM (LinearSVC)
text__the way,0.20326688979651164,SVM (LinearSVC)
text__your,0.20314390429372697,SVM (LinearSVC)
text__works,0.20308176881860798,SVM (LinearSVC)
text__domain,0.2029380339716057,SVM (LinearSVC)
text__grow,0.20268945077945577,SVM (LinearSVC)
text__valuable,0.2023036563144788,SVM (LinearSVC)
text__per week,0.20226058820284795,SVM (LinearSVC)
text__team the,0.20209618623665976,SVM (LinearSVC)
text__and supporting,0.20195648092963986,SVM (LinearSVC)
text__initiatives,0.20173054501152626,SVM (LinearSVC)
text__and accountability,0.20172321356501674,SVM (LinearSVC)
text__writing,0.20165652609390963,SVM (LinearSVC)
text__loan,0.20072948098923973,SVM (LinearSVC)
text__sex,0.19992342198016352,SVM (LinearSVC)
text__visual,0.19989189277024183,SVM (LinearSVC)
text__could,0.19973808910090518,SVM (LinearSVC)
text__clinical trials,0.19937070248600053,SVM (LinearSVC)
text__key,0.19930979335655002,SVM (LinearSVC)
text__creation,0.1992667564002086,SVM (LinearSVC)
text__experience preferred,0.19912406329178192,SVM (LinearSVC)
text__through,0.19909004157600596,SVM (LinearSVC)
text__you will,0.19899433968013572,SVM (LinearSVC)
text__storytelling,0.1985194455236754,SVM (LinearSVC)
text__forecasting,0.1983429906475557,SVM (LinearSVC)
text__for,0.19831432977747698,SVM (LinearSVC)
text__complete,0.19808472660448878,SVM (LinearSVC)
text__testing,0.1977398779750768,SVM (LinearSVC)
text__or support,0.19773027377188163,SVM (LinearSVC)
text__and more,0.19686464219093475,SVM (LinearSVC)
text__asset,0.19567894858943027,SVM (LinearSVC)
text__interest in,0.19535319989095354,SVM (LinearSVC)
text__lives,0.19512288029939376,SVM (LinearSVC)
text__on time,0.19504318543948623,SVM (LinearSVC)
text__wir,0.1945239532115466,SVM (LinearSVC)
text__full time,0.19449994368147563,SVM (LinearSVC)
text__cybersecurity,0.19413400495558653,SVM (LinearSVC)
text__ai,0.19413258335350858,SVM (LinearSVC)
text__of people,0.1941020142974695,SVM (LinearSVC)
text__community,0.19385500580961407,SVM (LinearSVC)
text__maintaining,0.19382732261828256,SVM (LinearSVC)
text__or more,0.1932888763585915,SVM (LinearSVC)
text__methodologies,0.1931470232782761,SVM (LinearSVC)
text__external,0.192874932833543,SVM (LinearSVC)
text__existing,0.19277023120308867,SVM (LinearSVC)
text__regularly,0.19258433240588493,SVM (LinearSVC)
text__to apply,0.19254317841842655,SVM (LinearSVC)
text__comparable,0.1923631620842612,SVM (LinearSVC)
text__the interview,0.19218941450525734,SVM (LinearSVC)
text__configure,0.1921756297908234,SVM (LinearSVC)
text__na,0.19179772849482787,SVM (LinearSVC)
text__understands,0.19171192549062888,SVM (LinearSVC)
text__engineering,0.19105016431369323,SVM (LinearSVC)
text__and industry,0.19098147654289468,SVM (LinearSVC)
text__president,0.19092460838538203,SVM (LinearSVC)
text__data analysis,0.19091840489223827,SVM (LinearSVC)
text__can,0.19077939140771558,SVM (LinearSVC)
text__combination of,0.19039771080429513,SVM (LinearSVC)
text__to lead,0.1902087860800347,SVM (LinearSVC)
text__monday,0.18997233981164233,SVM (LinearSVC)
text__insurance,0.18978983172919783,SVM (LinearSVC)
text__you ve,0.18965429233678072,SVM (LinearSVC)
text__today,0.18937045672090602,SVM (LinearSVC)
text__questions and,0.18910790427299892,SVM (LinearSVC)
text__agent,0.18909213883422926,SVM (LinearSVC)
text__and analytics,0.18896261915329707,SVM (LinearSVC)
text__however,0.18874790325140736,SVM (LinearSVC)
text__reviews,0.18864634735178804,SVM (LinearSVC)
text__role for,0.18844330576903706,SVM (LinearSVC)
text__on our,0.1884212247201343,SVM (LinearSVC)
text__countries,0.18841583356291666,SVM (LinearSVC)
text__customer facing,0.18836119934772586,SVM (LinearSVC)
text__eine,0.18826947234032562,SVM (LinearSVC)
text__output,0.18819732440560882,SVM (LinearSVC)
text__people,0.1881304639374629,SVM (LinearSVC)
text__experiência,0.18806402754156792,SVM (LinearSVC)
text__under,0.18786670759138116,SVM (LinearSVC)
text__of experience,0.18747239449382472,SVM (LinearSVC)
text__reflect,0.18697091251258877,SVM (LinearSVC)
text__serving,0.1868388653752909,SVM (LinearSVC)
text__use cases,0.18667210199943812,SVM (LinearSVC)
text__in fast,0.18658274517783896,SVM (LinearSVC)
text__is global,0.18648408627907564,SVM (LinearSVC)
text__was,0.18641492361855036,SVM (LinearSVC)
text__and apply,0.1863220781298199,SVM (LinearSVC)
numeric__skill_count,0.18618997596607506,SVM (LinearSVC)
text__matter expert,0.1860655748476874,SVM (LinearSVC)
text__attention to,0.1857182769114772,SVM (LinearSVC)
text__platform,0.18568011004430882,SVM (LinearSVC)
text__company with,0.1855861309174886,SVM (LinearSVC)
text__claude,0.1855026669303264,SVM (LinearSVC)
text__initiative,0.18539094562458736,SVM (LinearSVC)
text__access,0.18535166820016877,SVM (LinearSVC)
text__assigned,0.18505128371730556,SVM (LinearSVC)
text__data driven,0.18455025218321772,SVM (LinearSVC)
text__apis and,0.18453334473238828,SVM (LinearSVC)
text__communications,0.18394356085241612,SVM (LinearSVC)
text__activity,0.18361731022975758,SVM (LinearSVC)
text__join the,0.18356235893166703,SVM (LinearSVC)
text__own,0.18348199459628853,SVM (LinearSVC)
text__regulations and,0.18311749264293903,SVM (LinearSVC)
text__offs,0.1828947946892728,SVM (LinearSVC)
text__excellent written,0.18283630361611689,SVM (LinearSVC)
text__functional,0.18271457764279542,SVM (LinearSVC)
text__legal,0.18221524622491167,SVM (LinearSVC)
text__study,0.18199777730362351,SVM (LinearSVC)
text__meetings and,0.1818938261389973,SVM (LinearSVC)
text__any other,0.181884706770117,SVM (LinearSVC)
text__local,0.18178741755382316,SVM (LinearSVC)
text__decisions and,0.18166160089767097,SVM (LinearSVC)
text__the client,0.18160478894045226,SVM (LinearSVC)
text__and scale,0.18131654626766852,SVM (LinearSVC)
text__like,0.18126855992931312,SVM (LinearSVC)
text__cyber,0.18108535746104226,SVM (LinearSVC)
text__database,0.1808294124848952,SVM (LinearSVC)
text__processing,0.180643078607299,SVM (LinearSVC)
text__organizational and,0.18060892461569183,SVM (LinearSVC)
text__click here,0.18057136180596617,SVM (LinearSVC)
text__the basis,0.18056920655625952,SVM (LinearSVC)
text__skills with,0.1805525749279447,SVM (LinearSVC)
text__and work,0.18051176108213982,SVM (LinearSVC)
text__growing,0.18012636283520111,SVM (LinearSVC)
text__corporate,0.18012590887141156,SVM (LinearSVC)
text__washington,0.18010963565776045,SVM (LinearSVC)
text__required by,0.17994767821507618,SVM (LinearSVC)
text__for details,0.17986561170493762,SVM (LinearSVC)
text__verbal communication,0.1795239243207295,SVM (LinearSVC)
text__that values,0.17950196412236605,SVM (LinearSVC)
text__protected status,0.17924005327920509,SVM (LinearSVC)
text__represent,0.17914632448262088,SVM (LinearSVC)
text__science or,0.17910038024997943,SVM (LinearSVC)
text__capabilities,0.17897003972118344,SVM (LinearSVC)
text__documentation,0.178918362817784,SVM (LinearSVC)
text__millions of,0.17878636417171803,SVM (LinearSVC)
text__effectively,0.17876780256403615,SVM (LinearSVC)
text__secure,0.17862725320045075,SVM (LinearSVC)
text__distributed,0.17842528247754444,SVM (LinearSVC)
text__curriculum,0.17812122175380213,SVM (LinearSVC)
text__we offer,0.1780146994112367,SVM (LinearSVC)
text__right to,0.1779940343702697,SVM (LinearSVC)
text__dedicated to,0.1779760339224795,SVM (LinearSVC)
text__department,0.17786843711977357,SVM (LinearSVC)
text__audit,0.17774419223016208,SVM (LinearSVC)
text__you need,0.17767180041238168,SVM (LinearSVC)
text__systems engineer,0.17732182704776112,SVM (LinearSVC)
text__in addition,0.1773041673819957,SVM (LinearSVC)
text__and organizational,0.1772843880152153,SVM (LinearSVC)
text__and collaborate,0.17724919390903573,SVM (LinearSVC)
text__absence,0.1770429154810781,SVM (LinearSVC)
text__ask,0.1770370317862931,SVM (LinearSVC)
text__roi,0.17687833606593617,SVM (LinearSVC)
text__software development,0.17686008416425894,SVM (LinearSVC)
text__equivalent,0.17675519028127865,SVM (LinearSVC)
text__labs,0.17664484807703446,SVM (LinearSVC)
text__working on,0.17642430066424042,SVM (LinearSVC)
text__windows,0.1762251189583566,SVM (LinearSVC)
text__contract compensation,0.1760188719495285,SVM (LinearSVC)
text__gender identity,0.17597930809310572,SVM (LinearSVC)
text__experience leading,0.175170285573436,SVM (LinearSVC)
text__race,0.1751170473652352,SVM (LinearSVC)
text__around the,0.174891012031349,SVM (LinearSVC)
text__stock,0.17471522697385589,SVM (LinearSVC)
text__work on,0.17457836378271685,SVM (LinearSVC)
text__expertise,0.1743166390753975,SVM (LinearSVC)
text__reliable,0.17429268531859382,SVM (LinearSVC)
text__ai ml,0.1741556105993342,SVM (LinearSVC)
text__and competitive,0.1738320824965912,SVM (LinearSVC)
text__les,0.17375432060475207,SVM (LinearSVC)
text__traditional,0.17355597326479189,SVM (LinearSVC)
text__revenue,0.17305153404974055,SVM (LinearSVC)
text__credentialing,0.17297840450257043,SVM (LinearSVC)
text__that drive,0.1727762967853878,SVM (LinearSVC)
text__to identify,0.17275279654963857,SVM (LinearSVC)
text__working closely,0.17269764299357437,SVM (LinearSVC)
text__competing,0.17254785906417033,SVM (LinearSVC)
text__market and,0.17249707295333241,SVM (LinearSVC)
text__skills in,0.17231629954637628,SVM (LinearSVC)
text__nicht,0.17217055591708835,SVM (LinearSVC)
text__personally,0.17199180470971023,SVM (LinearSVC)
text__aware,0.1717915720717507,SVM (LinearSVC)
text__solutions that,0.17160178949912136,SVM (LinearSVC)
text__used,0.1715832752655954,SVM (LinearSVC)
text__qualifications years,0.17157624231516855,SVM (LinearSVC)
text__negotiation,0.17112586334944205,SVM (LinearSVC)
text__systems that,0.17091261895544219,SVM (LinearSVC)
text__from all,0.17069714031178737,SVM (LinearSVC)
text__los,0.17064691250665723,SVM (LinearSVC)
text__required qualifications,0.17055092393286625,SVM (LinearSVC)
text__to maintain,0.1704998594784111,SVM (LinearSVC)
text__help you,0.17046748381077254,SVM (LinearSVC)
text__client success,0.1701476029522626,SVM (LinearSVC)
text__care,0.16986643542654542,SVM (LinearSVC)
text__strong communication,0.1695331874886641,SVM (LinearSVC)
text__passionate,0.1692863771474562,SVM (LinearSVC)
text__we believe,0.16927244947407108,SVM (LinearSVC)
text__of business,0.16903244699779268,SVM (LinearSVC)
text__cultural,0.16890379163735686,SVM (LinearSVC)
text__end to,0.16869067801127977,SVM (LinearSVC)
text__and communicate,0.16844733045991167,SVM (LinearSVC)
text__upload resume,0.16835062373769807,SVM (LinearSVC)
text__for an,0.16825808901408035,SVM (LinearSVC)
text__kind,0.1681526144263263,SVM (LinearSVC)
text__intake,0.16811604807638805,SVM (LinearSVC)
text__with us,0.16788426409789525,SVM (LinearSVC)
text__specialty,0.16767589000493918,SVM (LinearSVC)
text__serves as,0.16762402920442587,SVM (LinearSVC)
text__paid time,0.16757836046876906,SVM (LinearSVC)
text__record of,0.16712490617454995,SVM (LinearSVC)
text__completed,0.16670981687178327,SVM (LinearSVC)
text__sales team,0.16650097931461885,SVM (LinearSVC)
text__both,0.16617517646183977,SVM (LinearSVC)
text__customer needs,0.16617011199788762,SVM (LinearSVC)
text__considered for,0.16611723686928884,SVM (LinearSVC)
text__analyses,0.16607512079890044,SVM (LinearSVC)
text__pre sales,0.1658806635784797,SVM (LinearSVC)
text__activities and,0.1658692781783141,SVM (LinearSVC)
text__by,0.16577371674650335,SVM (LinearSVC)
text__sexual orientation,0.16570140645610254,SVM (LinearSVC)
text__instructions,0.1656685432668855,SVM (LinearSVC)
text__team you,0.1653913247868325,SVM (LinearSVC)
text__requirements into,0.16523911890433063,SVM (LinearSVC)
text__vice president,0.1648709301015112,SVM (LinearSVC)
text__our employees,0.16485218890227424,SVM (LinearSVC)
text__class,0.16445953373048874,SVM (LinearSVC)
text__supported,0.1642299062646453,SVM (LinearSVC)
text__not only,0.16378063471912804,SVM (LinearSVC)
text__possess,0.1637251612979336,SVM (LinearSVC)
text__workers,0.16365414854895632,SVM (LinearSVC)
text__pace,0.1635037154440441,SVM (LinearSVC)
text__and social,0.1633633877656196,SVM (LinearSVC)
text__familiarity with,0.1628566448796576,SVM (LinearSVC)
text__track,0.16281746367189556,SVM (LinearSVC)
text__to join,0.16261107417223894,SVM (LinearSVC)
text__and developing,0.16219690565968223,SVM (LinearSVC)
text__and well,0.16214957744647696,SVM (LinearSVC)
text__entire,0.16199209286764735,SVM (LinearSVC)
text__review,0.1619838997877185,SVM (LinearSVC)
text__time management,0.16170292078749451,SVM (LinearSVC)
text__enhance,0.16166090864786123,SVM (LinearSVC)
text__being,0.1612480433797929,SVM (LinearSVC)
text__business operations,0.1611945356974385,SVM (LinearSVC)
text__previous experience,0.16091864029855396,SVM (LinearSVC)
text__based in,0.16077884797464329,SVM (LinearSVC)
text__offerings,0.16058844479602422,SVM (LinearSVC)
text__leaders and,0.16029632398233076,SVM (LinearSVC)
text__approximately,0.1602679382733739,SVM (LinearSVC)
text__attend,0.15975649954839738,SVM (LinearSVC)
text__journey,0.15963649732671523,SVM (LinearSVC)
text__our culture,0.15958703602031601,SVM (LinearSVC)
text__highest,0.1595009278528042,SVM (LinearSVC)
text__ux,0.15943481434300258,SVM (LinearSVC)
text__offered,0.15916115868703828,SVM (LinearSVC)
text__core values,0.15908913553553072,SVM (LinearSVC)
text__techniques,0.15904371926082944,SVM (LinearSVC)
text__retention and,0.15881221590178088,SVM (LinearSVC)
text__ia,0.15860000471889169,SVM (LinearSVC)
text__to bring,0.1585388208492845,SVM (LinearSVC)
text__and security,0.1583723035859109,SVM (LinearSVC)
text__world leading,0.15819815187310965,SVM (LinearSVC)
text__must have,0.1578900350323889,SVM (LinearSVC)
text__screen,0.15785299543217368,SVM (LinearSVC)
text__require,0.15763896945060676,SVM (LinearSVC)
text__proposals,0.15759912730329,SVM (LinearSVC)
text__they need,0.15746179244774558,SVM (LinearSVC)
text__equipment,0.15740324760976263,SVM (LinearSVC)
text__and all,0.15717835389205362,SVM (LinearSVC)
text__discussions,0.15713390349213185,SVM (LinearSVC)
text__partners,0.1568663064000191,SVM (LinearSVC)
text__and managing,0.15663866945865265,SVM (LinearSVC)
text__mid,0.15648962293582425,SVM (LinearSVC)
text__and procedures,0.15646879315573065,SVM (LinearSVC)
text__week,0.1564564695751225,SVM (LinearSVC)
text__stack,0.15610694389025187,SVM (LinearSVC)
text__of all,0.15609327629999067,SVM (LinearSVC)
text__sex sexual,0.1560362092579311,SVM (LinearSVC)
text__customer support,0.15579356835637756,SVM (LinearSVC)
text__and services,0.15574237639589947,SVM (LinearSVC)
text__of employment,0.1553252308783478,SVM (LinearSVC)
text__hiring,0.15527714318629005,SVM (LinearSVC)
text__high growth,0.15475168437512044,SVM (LinearSVC)
text__will help,0.15446669646223565,SVM (LinearSVC)
text__status or,0.15445932773250468,SVM (LinearSVC)
text__qualifications,0.15431907300173725,SVM (LinearSVC)
text__professional,0.15422445870676868,SVM (LinearSVC)
text__evaluating,0.1542138578184677,SVM (LinearSVC)
text__accuracy,0.15396702526425704,SVM (LinearSVC)
text__and technical,0.1538664793670153,SVM (LinearSVC)
text__customers,0.15382271931033648,SVM (LinearSVC)
text__client services,0.1537359961333507,SVM (LinearSVC)
text__country,0.15361738594016944,SVM (LinearSVC)
text__appropriate,0.15346676488196462,SVM (LinearSVC)
text__throughout the,0.15344275018585493,SVM (LinearSVC)
text__pages,0.1530077323732403,SVM (LinearSVC)
text__value and,0.15298664641031995,SVM (LinearSVC)
text__contact for,0.1527121286016228,SVM (LinearSVC)
text__requirements and,0.15218378863218096,SVM (LinearSVC)
text__belonging,0.15212752549741965,SVM (LinearSVC)
text__and systems,0.1520334429058365,SVM (LinearSVC)
text__opportunity for,0.1519863917342882,SVM (LinearSVC)
text__from our,0.15184588881688435,SVM (LinearSVC)
text__or in,0.1514026324504545,SVM (LinearSVC)
text__all qualified,0.15139707707688965,SVM (LinearSVC)
text__and marketing,0.15132096591327646,SVM (LinearSVC)
text__and management,0.15129902361183178,SVM (LinearSVC)
text__are committed,0.15124201563672193,SVM (LinearSVC)
text__understand,0.15118706667711973,SVM (LinearSVC)
text__inclusive and,0.15080381273211774,SVM (LinearSVC)
text__alignment,0.15046407147285268,SVM (LinearSVC)
text__does,0.15037907601540298,SVM (LinearSVC)
text__background,0.15018593367848784,SVM (LinearSVC)
text__policies and,0.15001991658589395,SVM (LinearSVC)
text__content,0.14992533906170266,SVM (LinearSVC)
text__applicants,0.14985546997607957,SVM (LinearSVC)
text__licensed,0.14964382506264498,SVM (LinearSVC)
text__ideal,0.1493394946467278,SVM (LinearSVC)
text__with an,0.14928009754316002,SVM (LinearSVC)
text__behavioral,0.1491677460626265,SVM (LinearSVC)
text__federal,0.14814787435861218,SVM (LinearSVC)
categorical__experience_level_primary_Manager,0.14807775487071934,SVM (LinearSVC)
text__by the,0.14798579629881087,SVM (LinearSVC)
text__unsere,0.1476571451052524,SVM (LinearSVC)
text__below,0.14765551584480108,SVM (LinearSVC)
text__advocacy,0.1474893431774383,SVM (LinearSVC)
text__open to,0.14698419407539126,SVM (LinearSVC)
text__specialist remote,0.14698149204493166,SVM (LinearSVC)
text__personal information,0.14689145386674407,SVM (LinearSVC)
text__patterns,0.14677174185860098,SVM (LinearSVC)
text__commission,0.14632831157470447,SVM (LinearSVC)
text__stakeholders to,0.14625198290224875,SVM (LinearSVC)
text__applicable law,0.14592924041256763,SVM (LinearSVC)
text__mindset with,0.1456193828384667,SVM (LinearSVC)
text__link,0.14555596098369067,SVM (LinearSVC)
text__engineering team,0.14552716541097066,SVM (LinearSVC)
text__using,0.14527109730997087,SVM (LinearSVC)
text__detail oriented,0.14526740340322383,SVM (LinearSVC)
text__real estate,0.14524446637819044,SVM (LinearSVC)
text__balancing,0.14518174443526025,SVM (LinearSVC)
text__accounts,0.1451806338470076,SVM (LinearSVC)
text__leadership,0.14512332914661377,SVM (LinearSVC)
text__our company,0.144967133535991,SVM (LinearSVC)
text__sie,0.14475639609873214,SVM (LinearSVC)
text__of benefits,0.1445928422290497,SVM (LinearSVC)
text__work closely,0.14457491580300097,SVM (LinearSVC)
text__telehealth,0.14437102957253453,SVM (LinearSVC)
text__auf,0.14423743314117443,SVM (LinearSVC)
text__analytics and,0.1440139604496219,SVM (LinearSVC)
text__and building,0.14387184459193023,SVM (LinearSVC)
text__principal,0.14380553089892165,SVM (LinearSVC)
text__electrical,0.1430945483301904,SVM (LinearSVC)
text__making,0.1429263180623706,SVM (LinearSVC)
text__package,0.14197576202883883,SVM (LinearSVC)
text__other,0.14191847268211047,SVM (LinearSVC)
text__and emerging,0.1418826502790675,SVM (LinearSVC)
text__edge,0.14175806936328583,SVM (LinearSVC)
text__technologies,0.1415173132094844,SVM (LinearSVC)
text__isn,0.14146524518187645,SVM (LinearSVC)
text__designs,0.141396812034945,SVM (LinearSVC)
text__insights and,0.14117133284317832,SVM (LinearSVC)
text__national,0.14107920987030662,SVM (LinearSVC)
text__six,0.14062067635357867,SVM (LinearSVC)
text__founded,0.1399896388111825,SVM (LinearSVC)
text__sensitive,0.1399033605524732,SVM (LinearSVC)
text__and revenue,0.13970099635388966,SVM (LinearSVC)
text__into the,0.1396912565107935,SVM (LinearSVC)
text__contractor,0.13953560274174578,SVM (LinearSVC)
text__orientation,0.13941732317068758,SVM (LinearSVC)
text__and analysis,0.1393779600693524,SVM (LinearSVC)
text__analyst,0.13928371424707658,SVM (LinearSVC)
text__development,0.13914847605282268,SVM (LinearSVC)
text__regulated,0.13877422662103822,SVM (LinearSVC)
numeric__description_structure_count,0.1387506545499639,SVM (LinearSVC)
text__engineer,0.138593454462655,SVM (LinearSVC)
text__pass,0.13789205717004793,SVM (LinearSVC)
text__scripting,0.13753032133232237,SVM (LinearSVC)
text__submit your,0.1374942143656714,SVM (LinearSVC)
text__and cloud,0.13738698913470285,SVM (LinearSVC)
text__workloads,0.13647106253803123,SVM (LinearSVC)
text__programs,0.13646439537367902,SVM (LinearSVC)
text__entrepreneurial,0.13646207693106174,SVM (LinearSVC)
text__unsolicited,0.13627107058518365,SVM (LinearSVC)
text__network,0.1359686336541178,SVM (LinearSVC)
text__accordance,0.1355742304125763,SVM (LinearSVC)
text__managed,0.13555192709643596,SVM (LinearSVC)
text__process and,0.13554338630870547,SVM (LinearSVC)
text__our team,0.13542799807249808,SVM (LinearSVC)
text__pto,0.13511951108671005,SVM (LinearSVC)
text__state or,0.1350607388161543,SVM (LinearSVC)
text__20 30,0.13466959743472207,SVM (LinearSVC)
text__and solutions,0.1341240806157598,SVM (LinearSVC)
text__mindset,0.1338078970740369,SVM (LinearSVC)
text__visit,0.13377327554507734,SVM (LinearSVC)
text__and make,0.13334570999735887,SVM (LinearSVC)
text__empowering,0.13260281632660212,SVM (LinearSVC)
text__integrity,0.1325951846186042,SVM (LinearSVC)
text__establish and,0.13258017745024206,SVM (LinearSVC)
text__utilize,0.13236654312312013,SVM (LinearSVC)
text__human,0.1319531545637877,SVM (LinearSVC)
text__intended,0.13185873233787296,SVM (LinearSVC)
text__recruiters,0.13173787323307967,SVM (LinearSVC)
text__matching,0.1315932252523307,SVM (LinearSVC)
text__confident,0.1312169390366142,SVM (LinearSVC)
text__connections,0.13116228053211437,SVM (LinearSVC)
text__be the,0.13094949745685258,SVM (LinearSVC)
text__are unable,0.13074814280580155,SVM (LinearSVC)
text__setting,0.13055890188003683,SVM (LinearSVC)
text__research labs,0.13053898060643893,SVM (LinearSVC)
text__proven track,0.13052672326189405,SVM (LinearSVC)
text__update,0.1304987004555444,SVM (LinearSVC)
text__billing,0.1301477744002129,SVM (LinearSVC)
text__in house,0.12988861599003265,SVM (LinearSVC)
text__nationwide,0.1298119198947615,SVM (LinearSVC)
text__experience required,0.1297403030051622,SVM (LinearSVC)
text__the status,0.129420364586674,SVM (LinearSVC)
text__shape the,0.1293418617631628,SVM (LinearSVC)
text__outreach,0.12898632069686217,SVM (LinearSVC)
text__member,0.1289650775120333,SVM (LinearSVC)
text__integrate,0.12893327202396807,SVM (LinearSVC)
text__backend development,0.128520773725116,SVM (LinearSVC)
text__consistent with,0.12851034954936502,SVM (LinearSVC)
text__achieve,0.12829387535645714,SVM (LinearSVC)
text__desenvolvimento,0.12762460051587127,SVM (LinearSVC)
text__and team,0.12742823120236507,SVM (LinearSVC)
text__sales business,0.12661123909965807,SVM (LinearSVC)
text__closing,0.1264684985690387,SVM (LinearSVC)
text__and account,0.12585384841155361,SVM (LinearSVC)
text__decision makers,0.12558257379959653,SVM (LinearSVC)
text__ci cd,0.12510505928382948,SVM (LinearSVC)
text__studies,0.12474521258021029,SVM (LinearSVC)
text__with company,0.12436863558637104,SVM (LinearSVC)
text__node js,0.12417033929181029,SVM (LinearSVC)
text__personalized,0.12404391189111584,SVM (LinearSVC)
text__dans,0.12384391552358555,SVM (LinearSVC)
text__place,0.12351784375123663,SVM (LinearSVC)
text__prospecting,0.12336672485210598,SVM (LinearSVC)
text__focused on,0.12327860638194775,SVM (LinearSVC)
text__best in,0.12294769697261415,SVM (LinearSVC)
text__b2b,0.12262043214663564,SVM (LinearSVC)
text__seek,0.12262009490844614,SVM (LinearSVC)
categorical__broad_category_Education,0.12259380576575564,SVM (LinearSVC)
text__to communicate,0.12238489254025875,SVM (LinearSVC)
text__threat,0.12217135928907294,SVM (LinearSVC)
text__welcome,0.12213799918996082,SVM (LinearSVC)
text__costs,0.12201793557566122,SVM (LinearSVC)
text__result,0.12184729282737596,SVM (LinearSVC)
text__to align,0.12176731989190318,SVM (LinearSVC)
text__ai enabled,0.12131004915401249,SVM (LinearSVC)
text__inform,0.12119945327793648,SVM (LinearSVC)
text__revenue growth,0.12111963909268855,SVM (LinearSVC)
text__note,0.12089041604324406,SVM (LinearSVC)
text__travel to,0.12086474029937057,SVM (LinearSVC)
text__believe,0.12085179328091593,SVM (LinearSVC)
text__structured,0.12077330278589454,SVM (LinearSVC)
text__search,0.12076698260450919,SVM (LinearSVC)
text__information please,0.12072893390967167,SVM (LinearSVC)
text__mortgage,0.12058547151412452,SVM (LinearSVC)
text__analytics,0.12026215643078642,SVM (LinearSVC)
text__aligned,0.120084588149938,SVM (LinearSVC)
text__with ai,0.11990286760287726,SVM (LinearSVC)
text__areas,0.11984933448772249,SVM (LinearSVC)
text__you,0.11976403100168664,SVM (LinearSVC)
text__diversity and,0.11951185171564459,SVM (LinearSVC)
text__and data,0.11907288610097821,SVM (LinearSVC)
text__members,0.11895166199127119,SVM (LinearSVC)
text__assist,0.11863251759548213,SVM (LinearSVC)
text__willing,0.11847751327317174,SVM (LinearSVC)
text__collaborating,0.11828353666360465,SVM (LinearSVC)
text__makes,0.11826157871934706,SVM (LinearSVC)
text__ps,0.11822015544169748,SVM (LinearSVC)
text__activities,0.11811016626616051,SVM (LinearSVC)
text__instructional,0.11801691299433527,SVM (LinearSVC)
text__companies,0.11801587584714594,SVM (LinearSVC)
numeric__experience_year_max,0.11796291355437329,SVM (LinearSVC)
text__brands,0.1179394726322504,SVM (LinearSVC)
text__the market,0.11786040096626736,SVM (LinearSVC)
text__scientific,0.11776376917464694,SVM (LinearSVC)
text__evaluate,0.11744852364245616,SVM (LinearSVC)
text__to customer,0.11727621778327736,SVM (LinearSVC)
text__regarding,0.11718490619445285,SVM (LinearSVC)
text__internet connection,0.11713067199148271,SVM (LinearSVC)
text__with all,0.11707564253227898,SVM (LinearSVC)
text__ecommerce,0.11686700061917822,SVM (LinearSVC)
text__proposal,0.1164629439654422,SVM (LinearSVC)
text__europe,0.11637535814234098,SVM (LinearSVC)
numeric__description_word_count,0.11560225628977937,SVM (LinearSVC)
text__clean,0.11557110148181578,SVM (LinearSVC)
text__accuracy and,0.11534588388354153,SVM (LinearSVC)
text__consistency,0.1152268674014656,SVM (LinearSVC)
text__collaboration and,0.11521859700290812,SVM (LinearSVC)
text__please check,0.11502046314964799,SVM (LinearSVC)
text__run,0.11486373791132275,SVM (LinearSVC)
text__revenue cycle,0.1145034445999752,SVM (LinearSVC)
categorical__broad_category_Operations,0.11450339277781565,SVM (LinearSVC)
text__help or,0.11443642264264936,SVM (LinearSVC)
text__may vary,0.11421822165519373,SVM (LinearSVC)
text__discriminate,0.11419205013387082,SVM (LinearSVC)
text__rewards,0.11411590021825219,SVM (LinearSVC)
text__resolution,0.11406850301753052,SVM (LinearSVC)
text__relationship,0.11403889559199322,SVM (LinearSVC)
text__to influence,0.1140336038426984,SVM (LinearSVC)
text__medical affairs,0.11400711413313516,SVM (LinearSVC)
text__periods,0.11370749757741322,SVM (LinearSVC)
text__team to,0.11355613463840623,SVM (LinearSVC)
text__flexible spending,0.1133036266484575,SVM (LinearSVC)
text__model,0.11319167270094051,SVM (LinearSVC)
text__con,0.11306489878776665,SVM (LinearSVC)
text__measurable,0.11279151635311198,SVM (LinearSVC)
text__backgrounds and,0.11257856102654694,SVM (LinearSVC)
text__reports to,0.11243681024055169,SVM (LinearSVC)
text__offer competitive,0.11219412462940825,SVM (LinearSVC)
text__digital transformation,0.11192952262554376,SVM (LinearSVC)
text__platform engineer,0.11188549428805489,SVM (LinearSVC)
text__llm,0.11175570114850486,SVM (LinearSVC)
text__general catalyst,0.11157237560679961,SVM (LinearSVC)
text__affirmative,0.11129467554323645,SVM (LinearSVC)
text__affirmative action,0.1112671083915434,SVM (LinearSVC)
text__clarity,0.11123384069931742,SVM (LinearSVC)
text__candidates,0.11112287508665855,SVM (LinearSVC)
text__the quality,0.11087890653971798,SVM (LinearSVC)
text__using ai,0.11080769418091439,SVM (LinearSVC)
text__delivers,0.11077721635165996,SVM (LinearSVC)
text__estate,0.11045042417191711,SVM (LinearSVC)
text__leverage,0.11037594651847545,SVM (LinearSVC)
text__and problem,0.11035599249151345,SVM (LinearSVC)
text__been,0.11026539967995164,SVM (LinearSVC)
text__ship,0.11008538306312401,SVM (LinearSVC)
text__strong knowledge,0.11002675033247875,SVM (LinearSVC)
text__looking,0.10996067397793224,SVM (LinearSVC)
text__test,0.1099261940845459,SVM (LinearSVC)
text__details,0.10963917898822682,SVM (LinearSVC)
text__and maintaining,0.10959479538025618,SVM (LinearSVC)
text__paid holidays,0.10953212604572761,SVM (LinearSVC)
text__with minimal,0.10936051231976524,SVM (LinearSVC)
text__members and,0.10908721157151288,SVM (LinearSVC)
text__employees,0.1084616781302063,SVM (LinearSVC)
text__media,0.1081557206901889,SVM (LinearSVC)
text__represents,0.10782381536535664,SVM (LinearSVC)
text__investors,0.1077965728910925,SVM (LinearSVC)
text__conhecimento,0.10751863667531526,SVM (LinearSVC)
text__email,0.1074395590605902,SVM (LinearSVC)
text__citizenship,0.10739570289571804,SVM (LinearSVC)
text__type full,0.10738305569117058,SVM (LinearSVC)
text__professional growth,0.10694014853603476,SVM (LinearSVC)
text__front end,0.10691410338851685,SVM (LinearSVC)
text__connected,0.10671759168596609,SVM (LinearSVC)
text__role will,0.10634067137508565,SVM (LinearSVC)
text__depth,0.10612988345286746,SVM (LinearSVC)
text__with project,0.10603067529253521,SVM (LinearSVC)
text__getting,0.10530429587544815,SVM (LinearSVC)
text__education and,0.10514028461582767,SVM (LinearSVC)
text__and executive,0.10507649072830398,SVM (LinearSVC)
text__and customer,0.1049851624575847,SVM (LinearSVC)
text__veteran status,0.10484416977041468,SVM (LinearSVC)
text__de la,0.10464202933560889,SVM (LinearSVC)
text__business hours,0.10461731673490224,SVM (LinearSVC)
text__leading ai,0.10460721767398053,SVM (LinearSVC)
text__engineers and,0.10436714374461672,SVM (LinearSVC)
text__goal,0.1036395663546725,SVM (LinearSVC)
text__warehouse,0.1035871243476088,SVM (LinearSVC)
text__messaging,0.10330299521608613,SVM (LinearSVC)
text__executive level,0.10328049051257035,SVM (LinearSVC)
text__take ownership,0.10323471734861525,SVM (LinearSVC)
text__to end,0.10286856956362754,SVM (LinearSVC)
text__organizational skills,0.10277554809724584,SVM (LinearSVC)
text__data analytics,0.10260364511009991,SVM (LinearSVC)
text__über,0.1025765036060036,SVM (LinearSVC)
text__organize,0.10254762986687248,SVM (LinearSVC)
text__meeting,0.1024927834351029,SVM (LinearSVC)
text__where,0.1024612235136041,SVM (LinearSVC)
text__aligned with,0.10223125816614001,SVM (LinearSVC)
text__red,0.10206641008190487,SVM (LinearSVC)
text__150,0.10178257010183055,SVM (LinearSVC)
text__and content,0.10133085338220871,SVM (LinearSVC)
text__budget,0.10132358175558587,SVM (LinearSVC)
text__in their,0.10120856915721596,SVM (LinearSVC)
text__regardless of,0.10111675247866941,SVM (LinearSVC)
text__com,0.10103792670952819,SVM (LinearSVC)
text__inclusion,0.1007474371270974,SVM (LinearSVC)
numeric__publish_age_days,0.10050412408680263,SVM (LinearSVC)
text__collect,0.10048941114543623,SVM (LinearSVC)
text__thrive,0.10038298753512799,SVM (LinearSVC)
text__execute,0.0999513027791324,SVM (LinearSVC)
text__electronic,0.09971672253490468,SVM (LinearSVC)
text__deals,0.09971671230083047,SVM (LinearSVC)
text__rapidly,0.09916542199905629,SVM (LinearSVC)
text__here,0.09912179669266824,SVM (LinearSVC)
text__safety,0.09873255994747579,SVM (LinearSVC)
text__it and,0.09856232300599625,SVM (LinearSVC)
text__member of,0.09847221093186492,SVM (LinearSVC)
text__product development,0.09843686939796867,SVM (LinearSVC)
text__assistance program,0.09843414768544616,SVM (LinearSVC)
text__execution,0.09842587886657032,SVM (LinearSVC)
text__issues,0.0984087495180001,SVM (LinearSVC)
text__recruiter,0.0984028250043997,SVM (LinearSVC)
text__and manage,0.09791376754592712,SVM (LinearSVC)
text__internship,0.09770517347563674,SVM (LinearSVC)
text__have an,0.09770391196211015,SVM (LinearSVC)
text__preferably,0.09756659452370506,SVM (LinearSVC)
text__solving,0.09745862948580676,SVM (LinearSVC)
text__at the,0.09715425242306708,SVM (LinearSVC)
text__value,0.0970403421308101,SVM (LinearSVC)
text__friendly,0.09685474879347492,SVM (LinearSVC)
text__leaders,0.09665769439583878,SVM (LinearSVC)
text__behavioral health,0.09653760483477329,SVM (LinearSVC)
text__priorities,0.09653005058208612,SVM (LinearSVC)
text__the ideal,0.09638532323858734,SVM (LinearSVC)
text__stack developer,0.09615138061042523,SVM (LinearSVC)
text__schedules,0.09582820891447376,SVM (LinearSVC)
text__single,0.0957042498579624,SVM (LinearSVC)
text__own the,0.09562026166787198,SVM (LinearSVC)
text__and sales,0.09548902988370342,SVM (LinearSVC)
text__facing,0.09544091724245812,SVM (LinearSVC)
text__among,0.09515514816882137,SVM (LinearSVC)
text__account management,0.0940485980456083,SVM (LinearSVC)
text__medicine,0.09387357590150294,SVM (LinearSVC)
text__authority,0.09377224205277465,SVM (LinearSVC)
text__bi,0.09358168347970057,SVM (LinearSVC)
text__what,0.09354194539963023,SVM (LinearSVC)
text__flexibility to,0.0934342621820324,SVM (LinearSVC)
text__apis,0.09337653121651854,SVM (LinearSVC)
text__in accordance,0.09307912480939465,SVM (LinearSVC)
text__languages,0.09307210220205166,SVM (LinearSVC)
text__situations,0.09291592674547615,SVM (LinearSVC)
text__approved,0.09246905922384205,SVM (LinearSVC)
text__aspects of,0.09227002473027009,SVM (LinearSVC)
text__paid media,0.09218997352054564,SVM (LinearSVC)
text__services,0.09212437600068948,SVM (LinearSVC)
text__quickbooks,0.0918126165144946,SVM (LinearSVC)
text__editor,0.09179569249464874,SVM (LinearSVC)
text__upon,0.09172047163464009,SVM (LinearSVC)
text__projects,0.09163129925563077,SVM (LinearSVC)
text__lead the,0.09149655857562099,SVM (LinearSVC)
text__more years,0.09131814456075883,SVM (LinearSVC)
text__functional teams,0.09115251247818652,SVM (LinearSVC)
text__solve,0.0910249501468361,SVM (LinearSVC)
text__in high,0.09099015617379967,SVM (LinearSVC)
text__contribution,0.09092699471727109,SVM (LinearSVC)
text__interest,0.09090660174628609,SVM (LinearSVC)
text__manage and,0.09083887032932897,SVM (LinearSVC)
text__and deliver,0.0904846885976031,SVM (LinearSVC)
text__term disability,0.09018769039343924,SVM (LinearSVC)
text__oversee,0.09014617490191253,SVM (LinearSVC)
text__and with,0.08995864306507972,SVM (LinearSVC)
text__to date,0.08960129090475136,SVM (LinearSVC)
text__ll,0.08887864605246955,SVM (LinearSVC)
text__meta,0.08887616665024482,SVM (LinearSVC)
text__delivery and,0.08876529904707678,SVM (LinearSVC)
text__incident response,0.08873014968466576,SVM (LinearSVC)
text__architectural,0.08840580129856063,SVM (LinearSVC)
text__canada,0.08838087659476128,SVM (LinearSVC)
text__leader in,0.0880831367606991,SVM (LinearSVC)
text__prospects,0.0880590929127795,SVM (LinearSVC)
text__selling,0.08795231405786752,SVM (LinearSVC)
text__of data,0.08789902636776614,SVM (LinearSVC)
text__and production,0.08766863650684938,SVM (LinearSVC)
text__reasonable accommodation,0.08748520794365172,SVM (LinearSVC)
text__local laws,0.08742560499089146,SVM (LinearSVC)
text__ensure,0.08723903441827788,SVM (LinearSVC)
text__place to,0.08715646598597608,SVM (LinearSVC)
text__type,0.08683575134621903,SVM (LinearSVC)
text__the ability,0.08579132844016399,SVM (LinearSVC)
categorical__broad_category_Finance,0.08546314008746052,SVM (LinearSVC)
text__to the,0.08531049330126966,SVM (LinearSVC)
text__global team,0.0850975139475925,SVM (LinearSVC)
text__built,0.08473133712863071,SVM (LinearSVC)
text__environmental,0.084628936597383,SVM (LinearSVC)
text__owner,0.08440423288552086,SVM (LinearSVC)
text__website,0.08425721104741099,SVM (LinearSVC)
text__oracle,0.08413603597116003,SVM (LinearSVC)
text__and use,0.08413484349169494,SVM (LinearSVC)
text__execution of,0.08408825484909185,SVM (LinearSVC)
text__and technology,0.08385812036679285,SVM (LinearSVC)
text__concept,0.0835636369716375,SVM (LinearSVC)
text__agency,0.08350033702688202,SVM (LinearSVC)
text__such,0.0833782618551137,SVM (LinearSVC)
text__that are,0.08328008259026871,SVM (LinearSVC)
text__digital marketing,0.08244993132779747,SVM (LinearSVC)
text__ai interview,0.08224308470728448,SVM (LinearSVC)
text__passion,0.08215196034371923,SVM (LinearSVC)
text__autonomy,0.08207731237736131,SVM (LinearSVC)
text__portfolio of,0.08205576804931126,SVM (LinearSVC)
text__marital status,0.08195765240840543,SVM (LinearSVC)
text__word,0.08189996585969442,SVM (LinearSVC)
text__strategy and,0.08188441047775566,SVM (LinearSVC)
text__in der,0.08118549493001039,SVM (LinearSVC)
text__remote senior,0.08118452209136257,SVM (LinearSVC)
text__to participate,0.08105503341566388,SVM (LinearSVC)
text__attention,0.08080318103511322,SVM (LinearSVC)
numeric__experience_year_min,0.08068416377285649,SVM (LinearSVC)
text__at all,0.08047348126847406,SVM (LinearSVC)
text__are,0.08043085538906637,SVM (LinearSVC)
text__to us,0.07997436779968106,SVM (LinearSVC)
text__40,0.07973572283208978,SVM (LinearSVC)
text__health insurance,0.07962096554703094,SVM (LinearSVC)
text__this,0.07947040612696607,SVM (LinearSVC)
text__remediation,0.07933818377155381,SVM (LinearSVC)
text__capable,0.07903330037146881,SVM (LinearSVC)
text__we encourage,0.0788326172792348,SVM (LinearSVC)
text__qualified applicants,0.07855429288970939,SVM (LinearSVC)
text__bei,0.07854587381163874,SVM (LinearSVC)
text__culture of,0.0779972193293077,SVM (LinearSVC)
text__registered,0.07791130358002314,SVM (LinearSVC)
text__equal employment,0.07784166835241202,SVM (LinearSVC)
text__improve,0.07778565617973378,SVM (LinearSVC)
text__and compliance,0.07769113019199166,SVM (LinearSVC)
text__liaison,0.07748380230027442,SVM (LinearSVC)
text__10 years,0.07747383571445123,SVM (LinearSVC)
text__ou,0.07739358207100483,SVM (LinearSVC)
text__ai driven,0.0772895303410937,SVM (LinearSVC)
text__and benefits,0.07703207759438761,SVM (LinearSVC)
text__record,0.07698300377056773,SVM (LinearSVC)
text__find,0.07694643884878825,SVM (LinearSVC)
text__we use,0.07673913117664662,SVM (LinearSVC)
text__following,0.07673525961236394,SVM (LinearSVC)
text__against,0.07670481334771469,SVM (LinearSVC)
text__studio,0.07657891513163455,SVM (LinearSVC)
text__customer experience,0.07646120649845436,SVM (LinearSVC)
text__and documentation,0.07632273441119751,SVM (LinearSVC)
text__generative ai,0.07623645642229349,SVM (LinearSVC)
text__practitioner,0.07599051286192095,SVM (LinearSVC)
text__patients,0.07598051423564184,SVM (LinearSVC)
text__the field,0.07580166560498089,SVM (LinearSVC)
text__sustainable,0.07560761430890699,SVM (LinearSVC)
text__governance,0.07536359114572287,SVM (LinearSVC)
text__high volume,0.07527198365073573,SVM (LinearSVC)
text__enabled,0.07519805424613683,SVM (LinearSVC)
text__reside,0.07490882887717004,SVM (LinearSVC)
text__usa,0.07455820585665494,SVM (LinearSVC)
text__connection,0.07444383549817532,SVM (LinearSVC)
text__ai to,0.07437674468991201,SVM (LinearSVC)
text__to ensure,0.07432784024417936,SVM (LinearSVC)
text__leveraging,0.07420032503036325,SVM (LinearSVC)
text__assessments,0.07417955735054471,SVM (LinearSVC)
text__experiences and,0.0739698988546725,SVM (LinearSVC)
text__account,0.07388037389106844,SVM (LinearSVC)
text__navigating,0.0736824296488173,SVM (LinearSVC)
text__advanced,0.07311318433513808,SVM (LinearSVC)
text__data to,0.0726284759105296,SVM (LinearSVC)
text__opportunity eeo,0.07246085902689096,SVM (LinearSVC)
text__the organization,0.07214743991807351,SVM (LinearSVC)
text__hardware,0.07208999899346022,SVM (LinearSVC)
text__enterprise account,0.0719328993675944,SVM (LinearSVC)
text__medical,0.07156535984216168,SVM (LinearSVC)
text__power bi,0.07152732793265336,SVM (LinearSVC)
text__build and,0.07126583193554176,SVM (LinearSVC)
text__data center,0.07077391094360068,SVM (LinearSVC)
text__diverse and,0.07068496537745787,SVM (LinearSVC)
text__private,0.07060798156921137,SVM (LinearSVC)
text__mental,0.07054482345193275,SVM (LinearSVC)
text__clinical research,0.07051596368681073,SVM (LinearSVC)
text__who can,0.07048407473133173,SVM (LinearSVC)
text__millions,0.07046936069293126,SVM (LinearSVC)
text__detailed,0.07039737559487459,SVM (LinearSVC)
text__impact,0.07029871755937057,SVM (LinearSVC)
text__insights to,0.07003142482589249,SVM (LinearSVC)
text__high school,0.06995035189386353,SVM (LinearSVC)
text__first,0.0698358603481039,SVM (LinearSVC)
text__teams and,0.06975383760720308,SVM (LinearSVC)
text__with sales,0.06964620335558812,SVM (LinearSVC)
text__same,0.0695844627390405,SVM (LinearSVC)
text__contribute,0.06956996561254672,SVM (LinearSVC)
text__highly,0.06944463891288669,SVM (LinearSVC)
text__to learn,0.06922238711509729,SVM (LinearSVC)
text__firms,0.06918245017981359,SVM (LinearSVC)
text__and ensuring,0.06884334100686289,SVM (LinearSVC)
text__cd,0.06877559917970946,SVM (LinearSVC)
text__with customers,0.0685623317973309,SVM (LinearSVC)
text__into clear,0.0684477863379258,SVM (LinearSVC)
text__large,0.06843279296652002,SVM (LinearSVC)
text__enabling,0.06833358591675136,SVM (LinearSVC)
text__overview,0.06830503575029871,SVM (LinearSVC)
text__incidents,0.06830343842907244,SVM (LinearSVC)
text__about us,0.06807365333917134,SVM (LinearSVC)
text__more,0.0678887357336824,SVM (LinearSVC)
text__tools such,0.06784050655572822,SVM (LinearSVC)
text__phone,0.06779231968257078,SVM (LinearSVC)
text__go to,0.06772150756049479,SVM (LinearSVC)
text__prior,0.06762182449307191,SVM (LinearSVC)
text__who,0.06730992494515298,SVM (LinearSVC)
text__sure,0.06714713388592781,SVM (LinearSVC)
text__and analytical,0.06708650844600206,SVM (LinearSVC)
text__dental vision,0.06695904362075548,SVM (LinearSVC)
text__all backgrounds,0.06677990355083467,SVM (LinearSVC)
text__integrating,0.06632482722128193,SVM (LinearSVC)
text__am,0.06630271018817852,SVM (LinearSVC)
text__central,0.0660365655725993,SVM (LinearSVC)
text__from an,0.0660289027376332,SVM (LinearSVC)
text__needs,0.0654875417806679,SVM (LinearSVC)
text__platform and,0.06530846754773661,SVM (LinearSVC)
text__our investors,0.06514806125067321,SVM (LinearSVC)
text__cross,0.06514022370720228,SVM (LinearSVC)
text__operates,0.064653222346744,SVM (LinearSVC)
text__consumer,0.06432205551361321,SVM (LinearSVC)
text__supporting,0.06374723572351718,SVM (LinearSVC)
text__and or,0.06359192553168186,SVM (LinearSVC)
categorical__experience_level_primary_Director,0.0635071498249326,SVM (LinearSVC)
text__of their,0.06342195705080356,SVM (LinearSVC)
text__winning,0.06333245179960814,SVM (LinearSVC)
text__along with,0.06300697575684999,SVM (LinearSVC)
text__fluency,0.06283621301341326,SVM (LinearSVC)
text__investors include,0.06253405265456245,SVM (LinearSVC)
text__options,0.062349851652798306,SVM (LinearSVC)
text__lines,0.0618833871658998,SVM (LinearSVC)
text__and access,0.061779103382657234,SVM (LinearSVC)
text__engage,0.061682600816415155,SVM (LinearSVC)
text__to manage,0.061670373400483564,SVM (LinearSVC)
text__recruitment,0.06127331402819742,SVM (LinearSVC)
categorical__broad_category_Healthcare,0.061152303223942495,SVM (LinearSVC)
text__successful candidate,0.06115050366489881,SVM (LinearSVC)
text__sponsorship,0.06076229336797452,SVM (LinearSVC)
text__stipend,0.06029464891694441,SVM (LinearSVC)
text__be required,0.060023935773412064,SVM (LinearSVC)
text__in computer,0.059915057329285475,SVM (LinearSVC)
text__technical talent,0.05981916199848796,SVM (LinearSVC)
text__id,0.05969619650667246,SVM (LinearSVC)
text__backed,0.05955765308820851,SVM (LinearSVC)
text__identifies,0.05932868979905913,SVM (LinearSVC)
text__years experience,0.05931569130914441,SVM (LinearSVC)
text__bring,0.059175793989954,SVM (LinearSVC)
text__in timely,0.05907293605093497,SVM (LinearSVC)
text__summers,0.05906222420484011,SVM (LinearSVC)
text__you and,0.058978268529547156,SVM (LinearSVC)
text__mit,0.05895383189473365,SVM (LinearSVC)
text__daily please,0.058874158555545425,SVM (LinearSVC)
text__rather than,0.058804211761526545,SVM (LinearSVC)
text__experience is,0.0587942691076928,SVM (LinearSVC)
text__and opportunities,0.058767379387888175,SVM (LinearSVC)
text__contributor,0.05869056219997283,SVM (LinearSVC)
text__translate,0.058678541318412325,SVM (LinearSVC)
text__dashboards,0.0585734981542954,SVM (LinearSVC)
text__como,0.05853042109091754,SVM (LinearSVC)
text__la,0.058356920119844266,SVM (LinearSVC)
text__support the,0.05826771349255351,SVM (LinearSVC)
text__and strong,0.058244306787369034,SVM (LinearSVC)
text__specifications,0.058100612807979145,SVM (LinearSVC)
text__fair chance,0.05802260161563309,SVM (LinearSVC)
categorical__broad_category_Product,0.057998289157298516,SVM (LinearSVC)
text__professional and,0.05778509113608604,SVM (LinearSVC)
text__finance,0.05778226289778052,SVM (LinearSVC)
text__ai data,0.05752070661085111,SVM (LinearSVC)
text__combines,0.056996462623893136,SVM (LinearSVC)
text__to operate,0.056407409715648095,SVM (LinearSVC)
text__presentations,0.05621216262638641,SVM (LinearSVC)
text__steps to,0.05607885580429437,SVM (LinearSVC)
text__research and,0.055872188110646766,SVM (LinearSVC)
text__freelance,0.05581005532823224,SVM (LinearSVC)
text__we help,0.05574555886495983,SVM (LinearSVC)
text__non technical,0.05553908478816514,SVM (LinearSVC)
text__web,0.055135162954218726,SVM (LinearSVC)
text__multiple,0.05512944879500942,SVM (LinearSVC)
text__dein,0.05511755940057443,SVM (LinearSVC)
text__mobile,0.055111680788715464,SVM (LinearSVC)
text__program manager,0.05507063416992986,SVM (LinearSVC)
text__needed,0.054865591725746565,SVM (LinearSVC)
text__adoption,0.05477634394361366,SVM (LinearSVC)
text__organizational,0.054775030690010676,SVM (LinearSVC)
text__identifying,0.05453098772232225,SVM (LinearSVC)
text__deploy,0.05448285288376225,SVM (LinearSVC)
text__service,0.054132798882532696,SVM (LinearSVC)
text__time,0.05405570478488535,SVM (LinearSVC)
text__people and,0.053978838674151555,SVM (LinearSVC)
text__accurately,0.05376109578648066,SVM (LinearSVC)
text__environment with,0.05352647079419172,SVM (LinearSVC)
text__click,0.05341756420621734,SVM (LinearSVC)
text__solving skills,0.052890480646122576,SVM (LinearSVC)
text__que,0.052849444834649435,SVM (LinearSVC)
text__efforts,0.05269917982390783,SVM (LinearSVC)
text__documented,0.05250399257460045,SVM (LinearSVC)
text__strong relationships,0.05227160761805102,SVM (LinearSVC)
text__and close,0.052146616945600514,SVM (LinearSVC)
text__has been,0.051724236560157906,SVM (LinearSVC)
text__strategies,0.05095384755506648,SVM (LinearSVC)
text__along,0.05088579741140899,SVM (LinearSVC)
text__established,0.050836150823492715,SVM (LinearSVC)
text__resources support,0.05051558856864596,SVM (LinearSVC)
text__positions,0.049926066275246164,SVM (LinearSVC)
text__priorities and,0.04975746708940036,SVM (LinearSVC)
text__deine,0.04971678902849484,SVM (LinearSVC)
text__is committed,0.049667980988442786,SVM (LinearSVC)
text__assist with,0.049529344708619714,SVM (LinearSVC)
text__and integration,0.0494753951379419,SVM (LinearSVC)
text__or similar,0.04944844508449052,SVM (LinearSVC)
text__working with,0.04925527720691744,SVM (LinearSVC)
categorical__broad_category_Engineering,0.049051747232496445,SVM (LinearSVC)
text__non,0.0487865665950236,SVM (LinearSVC)
categorical__broad_category_Human Resources,0.04874428186764703,SVM (LinearSVC)
text__keeping,0.04863613084846747,SVM (LinearSVC)
text__considered,0.04850653177075406,SVM (LinearSVC)
text__contractors,0.04825819643902498,SVM (LinearSVC)
text__agents,0.04773862648806194,SVM (LinearSVC)
text__product engineering,0.04773090865602188,SVM (LinearSVC)
text__and its,0.04746527524719645,SVM (LinearSVC)
text__os,0.04704940055033481,SVM (LinearSVC)
text__house,0.046749172274488195,SVM (LinearSVC)
text__business stakeholders,0.04632945748782698,SVM (LinearSVC)
text__manage the,0.046324498293532156,SVM (LinearSVC)
text__the ai,0.04620901892108348,SVM (LinearSVC)
categorical__broad_category_Data Science,0.0461281787591235,SVM (LinearSVC)
text__thrive in,0.04605083123062615,SVM (LinearSVC)
text__templates,0.04600114098737389,SVM (LinearSVC)
text__inclusive environment,0.04578071623888637,SVM (LinearSVC)
text__is required,0.04559211573611015,SVM (LinearSVC)
text__to market,0.04464087743569165,SVM (LinearSVC)
text__and implement,0.04456779904491625,SVM (LinearSVC)
text__escalation,0.04454026242597926,SVM (LinearSVC)
text__detail,0.04452156456596047,SVM (LinearSVC)
text__databricks,0.04447523399670751,SVM (LinearSVC)
text__job description,0.04437755249717536,SVM (LinearSVC)
text__be responsible,0.04411462285927723,SVM (LinearSVC)
text__largest,0.04411279269368179,SVM (LinearSVC)
text__application steps,0.044078882414866724,SVM (LinearSVC)
text__join,0.04403511585629259,SVM (LinearSVC)
text__knowledge of,0.04402754786236239,SVM (LinearSVC)
text__what makes,0.043879604176020076,SVM (LinearSVC)
text__and operational,0.043684907840360214,SVM (LinearSVC)
text__authorization,0.043675992899612756,SVM (LinearSVC)
text__your ai,0.043559047146713686,SVM (LinearSVC)
text__business objectives,0.04346959503160183,SVM (LinearSVC)
text__we value,0.04300347279593081,SVM (LinearSVC)
text__to,0.04278798061197568,SVM (LinearSVC)
text__en,0.04261964595541876,SVM (LinearSVC)
text__location and,0.042563773414067106,SVM (LinearSVC)
text__environment and,0.04255893115019065,SVM (LinearSVC)
text__coach,0.042448703340055974,SVM (LinearSVC)
text__player,0.042403797906457444,SVM (LinearSVC)
text__the country,0.04225541221325394,SVM (LinearSVC)
text__partner,0.04221313575000939,SVM (LinearSVC)
text__etc,0.04211773511672101,SVM (LinearSVC)
text__pipeline,0.041864545140908184,SVM (LinearSVC)
text__practical,0.041655849410530896,SVM (LinearSVC)
text__access to,0.04146810953044013,SVM (LinearSVC)
text__frontend,0.041403486235338766,SVM (LinearSVC)
text__in order,0.04139864683449998,SVM (LinearSVC)
text__management,0.04092068099655086,SVM (LinearSVC)
categorical__broad_category_Marketing,0.04084806272808758,SVM (LinearSVC)
text__interview process,0.04060394356001912,SVM (LinearSVC)
text__hands on,0.040579766456153535,SVM (LinearSVC)
text__to provide,0.0402451793849182,SVM (LinearSVC)
text__minimal,0.04013466963667453,SVM (LinearSVC)
text__targeted,0.04008900175138204,SVM (LinearSVC)
text__opportunity originally,0.03998581251243153,SVM (LinearSVC)
text__cross functional,0.03989963617139658,SVM (LinearSVC)
text__are passionate,0.03983202052795955,SVM (LinearSVC)
text__accordance with,0.03981556073903118,SVM (LinearSVC)
text__zur,0.03978761047629303,SVM (LinearSVC)
text__assess,0.03964151738855378,SVM (LinearSVC)
text__and on,0.03951383689568567,SVM (LinearSVC)
categorical__experience_level_primary_Senior,0.03946864100859573,SVM (LinearSVC)
categorical__broad_category_Other,0.039443463032800434,SVM (LinearSVC)
text__any,0.039423560307958905,SVM (LinearSVC)
text__start up,0.03919917436414112,SVM (LinearSVC)
text__determined by,0.03897394888191334,SVM (LinearSVC)
text__role you,0.03889529084764755,SVM (LinearSVC)
text__career growth,0.03880445506824474,SVM (LinearSVC)
text__team reviews,0.038596941181581544,SVM (LinearSVC)
text__jack,0.03858059788132795,SVM (LinearSVC)
text__minimum years,0.03852795865407618,SVM (LinearSVC)
text__living,0.03849511405512389,SVM (LinearSVC)
text__strong understanding,0.038480739518392516,SVM (LinearSVC)
text__or local,0.038155646292211715,SVM (LinearSVC)
text__over the,0.03805029928085168,SVM (LinearSVC)
text__experimentation,0.03776805658293106,SVM (LinearSVC)
text__trends and,0.037622070020447,SVM (LinearSVC)
text__respect,0.03757617347595929,SVM (LinearSVC)
text__nice to,0.03747310708860965,SVM (LinearSVC)
text__regional,0.0373183312142526,SVM (LinearSVC)
text__hours per,0.037271724044621,SVM (LinearSVC)
text__for all,0.03719301697506118,SVM (LinearSVC)
text__including,0.037148129052340245,SVM (LinearSVC)
text__ensuring,0.03702437698221333,SVM (LinearSVC)
text__quota,0.0365747674369242,SVM (LinearSVC)
text__establish,0.03637321650653365,SVM (LinearSVC)
text__qualifications must,0.03615509549862359,SVM (LinearSVC)
text__balance,0.03536794233783919,SVM (LinearSVC)
text__and software,0.035257774708740586,SVM (LinearSVC)
text__can be,0.03478306822203868,SVM (LinearSVC)
text__collection,0.03470001403220796,SVM (LinearSVC)
text__investigation,0.03455248864072446,SVM (LinearSVC)
text__von,0.03453844936323745,SVM (LinearSVC)
text__due,0.03444427137643044,SVM (LinearSVC)
text__vice,0.034258438298802416,SVM (LinearSVC)
text__plans,0.03399755688857032,SVM (LinearSVC)
text__closely,0.033650849712438445,SVM (LinearSVC)
text__eligibility,0.033591176613469595,SVM (LinearSVC)
text__location,0.03324562506995795,SVM (LinearSVC)
text__connecting,0.03321143730562835,SVM (LinearSVC)
text__consulting,0.03286946413661698,SVM (LinearSVC)
text__best,0.0324584340537769,SVM (LinearSVC)
text__discovery,0.03229953053817543,SVM (LinearSVC)
text__meet,0.03205286599915378,SVM (LinearSVC)
text__concepts,0.03178379651323822,SVM (LinearSVC)
text__success in,0.03172758902241034,SVM (LinearSVC)
text__standards and,0.03155082468383471,SVM (LinearSVC)
text__applying,0.03140119905211329,SVM (LinearSVC)
text__check for,0.03122079423003426,SVM (LinearSVC)
text__strong,0.030946517670989614,SVM (LinearSVC)
text__yourself,0.03094363381141477,SVM (LinearSVC)
text__also,0.03092114956991463,SVM (LinearSVC)
text__be eligible,0.030903620330253324,SVM (LinearSVC)
text__the work,0.030849709212552458,SVM (LinearSVC)
text__collaboratively,0.03070212474113267,SVM (LinearSVC)
text__appointment,0.03054156467359579,SVM (LinearSVC)
text__looks like,0.030138985774766813,SVM (LinearSVC)
text__help shape,0.030058793604963302,SVM (LinearSVC)
text__excel,0.030032320830290133,SVM (LinearSVC)
text__manager sales,0.03002160372786792,SVM (LinearSVC)
categorical__experience_level_primary_Entry-Level,0.02994539098388942,SVM (LinearSVC)
text__your work,0.02991689426806117,SVM (LinearSVC)
text__to solve,0.02986827390811148,SVM (LinearSVC)
text__to equal,0.029840168349480792,SVM (LinearSVC)
text__contact center,0.029669553779103602,SVM (LinearSVC)
text__as you,0.029642045118274576,SVM (LinearSVC)
text__intended to,0.029466719257558463,SVM (LinearSVC)
text__across,0.029224632909633782,SVM (LinearSVC)
text__va,0.029008415661997224,SVM (LinearSVC)
text__to contribute,0.028784633601719564,SVM (LinearSVC)
text__meets,0.028759016151533777,SVM (LinearSVC)
text__purpose,0.028588190247197557,SVM (LinearSVC)
text__love,0.028550434992937117,SVM (LinearSVC)
text__spend,0.028271120614099372,SVM (LinearSVC)
text__quickly and,0.0280033975099914,SVM (LinearSVC)
text__manage,0.027388475121082143,SVM (LinearSVC)
text__complete your,0.02727176908366891,SVM (LinearSVC)
text__expertise in,0.02720101702711864,SVM (LinearSVC)
text__it is,0.026907409298290233,SVM (LinearSVC)
text__unable to,0.026831561910700637,SVM (LinearSVC)
text__software engineer,0.026747870049287036,SVM (LinearSVC)
categorical__broad_category_Sales,0.02658570093251758,SVM (LinearSVC)
text__everything,0.02633242588686254,SVM (LinearSVC)
text__exceptional,0.026140920257072438,SVM (LinearSVC)
text__principles,0.025422070524142644,SVM (LinearSVC)
text__productivity,0.025290609663861992,SVM (LinearSVC)
text__product design,0.02511722573030726,SVM (LinearSVC)
categorical__experience_level_primary_Mid-Level,0.02476284283649176,SVM (LinearSVC)
text__marketing,0.02468852380133067,SVM (LinearSVC)
text__annual,0.02457367502105172,SVM (LinearSVC)
text__catalyst,0.023876026995160934,SVM (LinearSVC)
text__expectations,0.023744062737815482,SVM (LinearSVC)
categorical__broad_category_Design,0.023629476608545558,SVM (LinearSVC)
text__veteran,0.023373295878800278,SVM (LinearSVC)
text__pride,0.0232928099720287,SVM (LinearSVC)
text__coordinating,0.02328839876753557,SVM (LinearSVC)
text__inc,0.023202991634012637,SVM (LinearSVC)
text__energy,0.023001097283090233,SVM (LinearSVC)
text__account manager,0.022973498556130532,SVM (LinearSVC)
text__how you,0.02286454313204998,SVM (LinearSVC)
text__and client,0.022832313020526122,SVM (LinearSVC)
text__hard,0.02263435845117685,SVM (LinearSVC)
text__believe in,0.022605544366185195,SVM (LinearSVC)
text__mid level,0.02232401248141761,SVM (LinearSVC)
text__priority,0.022245932517929803,SVM (LinearSVC)
text__assistance,0.02219196728342476,SVM (LinearSVC)
text__senior manager,0.02200401649773283,SVM (LinearSVC)
text__attorney,0.021994917921807612,SVM (LinearSVC)
text__love to,0.021979469954687837,SVM (LinearSVC)
text__ll work,0.02186810682341319,SVM (LinearSVC)
text__law,0.021601120754877398,SVM (LinearSVC)
categorical__broad_category_Customer Service,0.021585734033164855,SVM (LinearSVC)
text__and financial,0.021396220025019688,SVM (LinearSVC)
text__of working,0.0213438715881345,SVM (LinearSVC)
text__eeo,0.021310827681191184,SVM (LinearSVC)
text__important,0.021236476952259373,SVM (LinearSVC)
text__driven,0.02117966835717973,SVM (LinearSVC)
text__larry,0.021023109437151855,SVM (LinearSVC)
text__francisco our,0.021023109437151855,SVM (LinearSVC)
text__job mercor,0.021023109437151855,SVM (LinearSVC)
text__jack dorsey,0.021023109437151855,SVM (LinearSVC)
text__include benchmark,0.021023109437151855,SVM (LinearSVC)
text__dorsey,0.021023109437151855,SVM (LinearSVC)
text__connects elite,0.021023109437151855,SVM (LinearSVC)
text__thiel adam,0.021023109437151855,SVM (LinearSVC)
text__catalyst peter,0.021023109437151855,SVM (LinearSVC)
text__platform information,0.021023109437151855,SVM (LinearSVC)
text__benchmark general,0.021023109437151855,SVM (LinearSVC)
text__peter thiel,0.021023109437151855,SVM (LinearSVC)
text__labs headquartered,0.021023109437151855,SVM (LinearSVC)
text__to ps,0.021023109437151855,SVM (LinearSVC)
text__mercor connects,0.021023109437151855,SVM (LinearSVC)
text__summers and,0.021023109437151855,SVM (LinearSVC)
text__angelo larry,0.021023109437151855,SVM (LinearSVC)
text__dorsey position,0.021023109437151855,SVM (LinearSVC)
text__elite creative,0.021023109437151855,SVM (LinearSVC)
text__and jack,0.021023109437151855,SVM (LinearSVC)
text__thiel,0.021023109437151855,SVM (LinearSVC)
text__ps our,0.021023109437151855,SVM (LinearSVC)
text__any help,0.021023109437151855,SVM (LinearSVC)
text__larry summers,0.021023109437151855,SVM (LinearSVC)
text__angelo,0.021023109437151855,SVM (LinearSVC)
text__adam angelo,0.021023109437151855,SVM (LinearSVC)
text__care and,0.02102295806658096,SVM (LinearSVC)
text__applications daily,0.02101071531497606,SVM (LinearSVC)
text__high quality,0.02088321338885545,SVM (LinearSVC)
text__or other,0.020760295336192502,SVM (LinearSVC)
text__peter,0.020749650484509465,SVM (LinearSVC)
text__people who,0.020471252941321134,SVM (LinearSVC)
text__confidentiality,0.020383010102169155,SVM (LinearSVC)
text__18,0.019944488081711204,SVM (LinearSVC)
text__our customers,0.019918365929527844,SVM (LinearSVC)
text__deployment,0.0198989226930699,SVM (LinearSVC)
text__ensure the,0.019642086749167897,SVM (LinearSVC)
text__spoken,0.019380993552499347,SVM (LinearSVC)
text__reliability,0.019225742187608107,SVM (LinearSVC)
text__the right,0.0190845639348687,SVM (LinearSVC)
text__to achieve,0.019074501245178906,SVM (LinearSVC)
text__we work,0.018879596236617367,SVM (LinearSVC)
text__duties,0.018458680599906456,SVM (LinearSVC)
text__the essential,0.018426843260457904,SVM (LinearSVC)
text__role responsibilities,0.018345289686539347,SVM (LinearSVC)
text__develops,0.01831325243798435,SVM (LinearSVC)
text__growth and,0.01814981316390778,SVM (LinearSVC)
text__hold,0.01748877380486554,SVM (LinearSVC)
text__intern,0.017417916920615666,SVM (LinearSVC)
text__how we,0.017299350634562644,SVM (LinearSVC)
text__is proud,0.017143572432708337,SVM (LinearSVC)
text__respond to,0.017042737177140024,SVM (LinearSVC)
text__data management,0.016907578226722418,SVM (LinearSVC)
text__changing,0.016574252646264876,SVM (LinearSVC)
text__benchmark,0.016422558301069416,SVM (LinearSVC)
text__supply chain,0.016336959171175877,SVM (LinearSVC)
text__team of,0.016166523889349964,SVM (LinearSVC)
text__and responsibilities,0.016118602145432776,SVM (LinearSVC)
text__bringing,0.01587500873497304,SVM (LinearSVC)
text__documents,0.015837764540407636,SVM (LinearSVC)
text__levels,0.015706739250662488,SVM (LinearSVC)
text__background in,0.015673706932881986,SVM (LinearSVC)
text__times,0.015430155559069252,SVM (LinearSVC)
text__number of,0.015015660019461157,SVM (LinearSVC)
text__and take,0.014950244418730878,SVM (LinearSVC)
text__environment where,0.014809397339805467,SVM (LinearSVC)
text__conferences,0.014806007203304505,SVM (LinearSVC)
categorical__broad_category_Legal,0.014744583001025713,SVM (LinearSVC)
text__troubleshooting,0.014614994132188664,SVM (LinearSVC)
text__with senior,0.014556197759314805,SVM (LinearSVC)
text__eligible,0.014353655839303672,SVM (LinearSVC)
text__written,0.014329512565438327,SVM (LinearSVC)
text__assisted,0.014025436107695414,SVM (LinearSVC)
text__ca,0.01350804882200101,SVM (LinearSVC)
text__truly,0.013433789550315533,SVM (LinearSVC)
text__alignment with,0.01310435335869388,SVM (LinearSVC)
text__design,0.01304147753767234,SVM (LinearSVC)
text__team member,0.013018693272565031,SVM (LinearSVC)
text__makers,0.01289109977240174,SVM (LinearSVC)
text__role,0.01238225650037017,SVM (LinearSVC)
text__vous,0.012282248485738407,SVM (LinearSVC)
text__controls,0.012103978432139836,SVM (LinearSVC)
text__public,0.012022050803362475,SVM (LinearSVC)
text__positioning,0.011992299191928044,SVM (LinearSVC)
text__and design,0.011414998501010862,SVM (LinearSVC)
text__mercor,0.011342968637277585,SVM (LinearSVC)
text__der,0.011291679405542744,SVM (LinearSVC)
text__reviews applications,0.010973648579026465,SVM (LinearSVC)
text__someone,0.01096144160704539,SVM (LinearSVC)
text__skills and,0.010794715311613415,SVM (LinearSVC)
text__reports,0.010694392447398803,SVM (LinearSVC)
text__developer senior,0.010690255825544427,SVM (LinearSVC)
text__an inclusive,0.010267307907881558,SVM (LinearSVC)
text__databases,0.009987054984138398,SVM (LinearSVC)
text__to perform,0.009895947709120837,SVM (LinearSVC)
text__discrimination,0.009866925689903971,SVM (LinearSVC)
text__fundamentals,0.009796655694989605,SVM (LinearSVC)
text__an ai,0.009566234663424832,SVM (LinearSVC)
text__agencies,0.009250136778785502,SVM (LinearSVC)
text__capability,0.009020325462926367,SVM (LinearSVC)
text__in san,0.008970065707834887,SVM (LinearSVC)
text__cycle,0.0089528706721964,SVM (LinearSVC)
text__components,0.008656247470822213,SVM (LinearSVC)
text__file,0.008633243068393696,SVM (LinearSVC)
text__fee,0.008558447500497994,SVM (LinearSVC)
text__business intelligence,0.008493731191661037,SVM (LinearSVC)
text__frameworks and,0.008452751867671266,SVM (LinearSVC)
text__notice,0.008250190733286908,SVM (LinearSVC)
text__purchase,0.007894902470641025,SVM (LinearSVC)
text__over time,0.007726804390122468,SVM (LinearSVC)
text__opportunities to,0.007654262944037448,SVM (LinearSVC)
text__understand and,0.0075282009992315504,SVM (LinearSVC)
text__while,0.007255006822882552,SVM (LinearSVC)
text__rights,0.0070736381557733995,SVM (LinearSVC)
text__of customer,0.006964185361529641,SVM (LinearSVC)
text__opportunities,0.00665046964067142,SVM (LinearSVC)
text__payments,0.006438924192550463,SVM (LinearSVC)
text__in healthcare,0.006329819853574519,SVM (LinearSVC)
text__tracking,0.00611814779937453,SVM (LinearSVC)
text__develop and,0.0059588110398908125,SVM (LinearSVC)
text__root cause,0.005926856069752776,SVM (LinearSVC)
text__able,0.00549062497924897,SVM (LinearSVC)
text__that support,0.00510840541440316,SVM (LinearSVC)
text__not,0.005035069513152144,SVM (LinearSVC)
text__channel,0.00477990827572421,SVM (LinearSVC)
text__experience skills,0.004570000834236022,SVM (LinearSVC)
text__values,0.004329577442846729,SVM (LinearSVC)
text__referrals,0.003997288397706432,SVM (LinearSVC)
text__tools and,0.003846739982692737,SVM (LinearSVC)
text__ensures,0.0035619541324441346,SVM (LinearSVC)
text__and grow,0.003518477998513035,SVM (LinearSVC)
text__administration,0.0034606904195431856,SVM (LinearSVC)
text__zero,0.003391113361039694,SVM (LinearSVC)
text__creed,0.0033651418108418298,SVM (LinearSVC)
text__resource,0.0030242063477617888,SVM (LinearSVC)
text__educational,0.002577403589982704,SVM (LinearSVC)
text__event,0.002439427816874228,SVM (LinearSVC)
numeric__location_restriction_count,0.0024221165737317585,SVM (LinearSVC)
text__act as,0.0024002188535129573,SVM (LinearSVC)
text__analytical,0.0020983445447377127,SVM (LinearSVC)
text__enrollment,0.0020805592381596596,SVM (LinearSVC)
text__gather,0.0018625896180259616,SVM (LinearSVC)
text__agile,0.0016197067102669215,SVM (LinearSVC)
text__platforms,0.0015810786455385684,SVM (LinearSVC)
text__reports and,0.0014787350134716822,SVM (LinearSVC)
text__able to,0.0013985849751689075,SVM (LinearSVC)
text__follow up,0.0012911772315152203,SVM (LinearSVC)
text__independently and,0.0011960119686131479,SVM (LinearSVC)
text__engineering or,0.0009288297090665337,SVM (LinearSVC)
text__industrial,0.0008034180373251397,SVM (LinearSVC)
text__use,0.0007105397729396433,SVM (LinearSVC)
text__please note,0.0006896959281025433,SVM (LinearSVC)
text__senior data,0.0006282962582798996,SVM (LinearSVC)
text__organization and,0.0002055795003440275,SVM (LinearSVC)
text__and business,0.00014608589996958302,SVM (LinearSVC)
text__without,0.00012357139048507423,SVM (LinearSVC)
numeric__description_word_count,0.025850564761622997,Random Forest
numeric__description_length,0.02082744295719286,Random Forest
text__range,0.01974167211030389,Random Forest
text__and,0.015938373981903706,Random Forest
text__000,0.01560724802797621,Random Forest
text__for this,0.01549494860183275,Random Forest
text__compensation,0.013516245869247883,Random Forest
text__salary,0.013379510598909405,Random Forest
text__salary range,0.011512582706311074,Random Forest
text__range for,0.011107235552393858,Random Forest
text__factors,0.007108513675266921,Random Forest
text__equal,0.0063911796110573136,Random Forest
text__dental,0.006236840946983005,Random Forest
text__may,0.0062050873867452805,Random Forest
text__pay,0.006036969591567031,Random Forest
text__with,0.005867624634139453,Random Forest
text__in,0.005803842226173586,Random Forest
text__opportunity,0.005658810343010697,Random Forest
text__to,0.005621980044238073,Random Forest
text__benefits,0.00560959234931301,Random Forest
text__location,0.005586480524907916,Random Forest
text__base,0.00526293593492746,Random Forest
text__by,0.004825677277705072,Random Forest
text__that,0.004781495087892609,Random Forest
text__base salary,0.004748132800887792,Random Forest
text__based on,0.004593913259940844,Random Forest
numeric__description_structure_count,0.004552701966695232,Random Forest
text__the,0.004510037488067242,Random Forest
text__experience,0.004423463680968543,Random Forest
text__employer,0.004334877494310429,Random Forest
text__not,0.004300169063508298,Random Forest
text__all,0.0041278787613946545,Random Forest
text__or,0.004087736593703105,Random Forest
text__veteran,0.0039502157035110055,Random Forest
text__this position,0.0039343335853522865,Random Forest
text__other,0.0038538299670725757,Random Forest
text__job,0.0038515674706024756,Random Forest
text__vision,0.0037894681127470815,Random Forest
text__at,0.0036411996670320003,Random Forest
text__status,0.003602170098799767,Random Forest
text__sexual,0.003518643991456758,Random Forest
text__please,0.0035114433016100732,Random Forest
text__medical,0.0034898198884126294,Random Forest
text__orientation,0.0034808673186208484,Random Forest
text__disability,0.003443801022696665,Random Forest
text__medical dental,0.003429947774544629,Random Forest
text__of,0.0033981926253835344,Random Forest
text__employment,0.003341231675889429,Random Forest
text__position,0.003239739841384956,Random Forest
text__this,0.0031792276265682562,Random Forest
text__protected,0.003126549225155525,Random Forest
text__including,0.0030512718119763507,Random Forest
text__opportunity employer,0.0029626112121654904,Random Forest
text__gender,0.0028766658294737666,Random Forest
text__origin,0.002867173809936208,Random Forest
text__based,0.00284013273045199,Random Forest
text__qualifications,0.0028118907221929674,Random Forest
text__religion,0.0027759061780195365,Random Forest
text__for,0.002726248559706332,Random Forest
text__color,0.0026339200672563312,Random Forest
text__employee,0.002624405421280783,Random Forest
text__have,0.0025884185171761416,Random Forest
text__sexual orientation,0.0025676610075293675,Random Forest
text__equal opportunity,0.0025527298618092603,Random Forest
numeric__skill_count,0.0025245126694827865,Random Forest
text__age,0.0025224541174661036,Random Forest
text__your,0.0024949823720488845,Random Forest
text__race,0.0024259849986799755,Random Forest
text__applicable,0.00236059160267361,Random Forest
text__sex,0.002355295921430206,Random Forest
text__be,0.002313798202783386,Random Forest
text__any,0.0022609028814863396,Random Forest
text__paid,0.0022547835632406622,Random Forest
text__eligible,0.0022012732554266908,Random Forest
text__time,0.0021255772349734942,Random Forest
text__process,0.00206053324004395,Random Forest
text__an equal,0.002012561675132267,Random Forest
text__employees,0.001986925573073623,Random Forest
text__years,0.0019740463626954623,Random Forest
text__gender identity,0.0019335237171606598,Random Forest
text__information,0.0019123980095161449,Random Forest
text__pay range,0.0018513422130201232,Random Forest
text__national origin,0.0017674727855691165,Random Forest
text__veteran status,0.0017492230431940274,Random Forest
text__their,0.0017369375679413361,Random Forest
text__race color,0.0016924971316336756,Random Forest
text__we,0.0016696309110014735,Random Forest
text__time off,0.0016421803585570127,Random Forest
text__state,0.0016374329715653268,Random Forest
text__are,0.0016308719571926549,Random Forest
text__00,0.001572442909542323,Random Forest
text__our,0.0015237301690350891,Random Forest
text__english,0.0015078546163951126,Random Forest
text__usd,0.00150679450837666,Random Forest
numeric__publish_age_days,0.0014978680195047364,Random Forest
text__year,0.0014833202872622689,Random Forest
text__committed to,0.0014450327365477275,Random Forest
text__geographic,0.0014173399510484666,Random Forest
text__or any,0.00141336718299426,Random Forest
text__you,0.001399026524069613,Random Forest
text__as,0.0013947528360999102,Random Forest
text__must,0.0013682372539102242,Random Forest
text__factors including,0.0013558388524732678,Random Forest
text__hour,0.0013492706968116289,Random Forest
text__color religion,0.0013446665397428494,Random Forest
text__is,0.0013384413173043244,Random Forest
text__national,0.0013340350859743783,Random Forest
text__more,0.0013193308358390374,Random Forest
text__applicants,0.0013185623955636785,Random Forest
text__health,0.0013134360548703646,Random Forest
text__required,0.0012715248598418473,Random Forest
text__related,0.0012554211573963337,Random Forest
text__without regard,0.001254427728309047,Random Forest
text__program,0.001248941718806643,Random Forest
text__consideration,0.0012467618764420325,Random Forest
text__hiring,0.0012465561327105008,Random Forest
text__401,0.0012380079751601702,Random Forest
text__plan,0.0012182149773406325,Random Forest
text__an,0.001199111178639498,Random Forest
text__from,0.0011683467177820612,Random Forest
text__role,0.0011627569846714148,Random Forest
text__states,0.0011379303479623103,Random Forest
text__parental leave,0.0011198951534899546,Random Forest
text__apply,0.0011081379654841108,Random Forest
text__with the,0.0010943959999712542,Random Forest
text__strong,0.001083911710510495,Random Forest
text__committed,0.0010559497162099497,Random Forest
text__only,0.0010542527045055256,Random Forest
text__may be,0.0010418648391587889,Random Forest
text__annual,0.0010386078804297423,Random Forest
text__connects,0.0010286380708865509,Random Forest
text__of the,0.0010093232814000603,Random Forest
text__will,0.0009922196670819798,Random Forest
text__communication,0.000974895809983668,Random Forest
text__paid time,0.0009721206311865475,Random Forest
text__eligible for,0.0009708990242035678,Random Forest
text__candidates,0.0009682688865194062,Random Forest
text__without,0.0009635523650097173,Random Forest
text__individual,0.0009612439239641172,Random Forest
text__determined,0.0009394724005713132,Random Forest
text__is an,0.0009210641463611476,Random Forest
text__per,0.0009175784290768025,Random Forest
text__responsibilities,0.000914402992782122,Random Forest
text__years of,0.0009120431528966011,Random Forest
text__actual,0.0008987724522917861,Random Forest
text__genetic,0.0008927343090326541,Random Forest
text__needs,0.0008884719880128576,Random Forest
text__skills,0.0008853887923192792,Random Forest
text__about,0.0008846960228454688,Random Forest
text__join,0.0008844318415362736,Random Forest
text__identity,0.0008761477874434962,Random Forest
text__off,0.0008746800945899507,Random Forest
text__remote,0.000874629648303437,Random Forest
text__equity,0.000874451130562695,Random Forest
text__this role,0.0008707037884902423,Random Forest
text__preferred,0.0008617792996448351,Random Forest
text__ai,0.0008558120562171367,Random Forest
text__communication skills,0.0008513583870495422,Random Forest
text__qualified,0.0008378795090345187,Random Forest
text__to the,0.0008291466379251265,Random Forest
text__work,0.0008289979685542421,Random Forest
text__specialists,0.0008282429212336059,Random Forest
text__key responsibilities,0.0008137136564724882,Random Forest
text__life,0.0008005047002712443,Random Forest
text__candidate,0.0007987921806948923,Random Forest
text__reasonable,0.0007899773373242541,Random Forest
text__support,0.0007890454118794796,Random Forest
text__depending on,0.0007661712674152363,Random Forest
text__while,0.000765366696653446,Random Forest
text__experience in,0.000759767578619409,Random Forest
text__professional,0.0007575245971930912,Random Forest
text__regard to,0.000749705405072053,Random Forest
text__high,0.0007419963383382374,Random Forest
text__401k,0.000740021266962401,Random Forest
text__company,0.0007371726979419733,Random Forest
text__bachelor degree,0.0007211386755029,Random Forest
text__world,0.0007199439589143064,Random Forest
text__orientation gender,0.0007165940848098522,Random Forest
text__seeking,0.0007165461551898033,Random Forest
text__in the,0.0007125689917640559,Random Forest
text__help,0.0007107457687157928,Random Forest
text__regard,0.0007069335111527858,Random Forest
text__compensation range,0.0007068566714409801,Random Forest
text__education,0.0007010509858360917,Random Forest
text__any other,0.0006895393492780127,Random Forest
text__team,0.0006877237734611777,Random Forest
text__can,0.000685254616774474,Random Forest
text__offer,0.0006826048231303565,Random Forest
text__insurance,0.0006812447452534612,Random Forest
text__comprehensive,0.0006776377730942003,Random Forest
text__written,0.0006774073187519116,Random Forest
text__data,0.0006772745915699445,Random Forest
text__use,0.0006748260864972149,Random Forest
text__working,0.0006719863090851657,Random Forest
text__this is,0.0006673895356396042,Random Forest
text__workplace,0.0006625342541445001,Random Forest
text__through,0.0006603605797992004,Random Forest
text__competitive,0.0006574185176537844,Random Forest
text__where,0.0006555426889149324,Random Forest
text__across,0.0006543988235489049,Random Forest
text__ability to,0.0006497523896380363,Random Forest
text__make,0.0006495865595573057,Random Forest
text__united,0.0006431323823428673,Random Forest
text__experience and,0.0006359948719925552,Random Forest
text__ability,0.000631379633961809,Random Forest
text__environment,0.0006258370308336742,Random Forest
text__dental vision,0.0006206650974924164,Random Forest
text__parental,0.0006197543528876589,Random Forest
text__employment opportunity,0.0006197533764350247,Random Forest
text__plans,0.0006158525857101516,Random Forest
text__up,0.0006141923493615327,Random Forest
text__development,0.000611304240709487,Random Forest
text__proven,0.0006100086590110898,Random Forest
text__to race,0.0006049543432022463,Random Forest
text__law,0.0006037555968630883,Random Forest
text__package,0.0006006414214084206,Random Forest
text__business,0.0006002299485708126,Random Forest
text__for the,0.0005992032687707176,Random Forest
text__looking,0.0005930362769111426,Random Forest
text__but,0.0005862393116409444,Random Forest
text__management,0.0005844071940961373,Random Forest
text__and other,0.0005842320707523473,Random Forest
text__bonus,0.000582372151705944,Random Forest
text__in addition,0.0005812229696005351,Random Forest
text__new,0.000579004012278702,Random Forest
text__the world,0.0005704909130068434,Random Forest
text__united states,0.0005697116056439461,Random Forest
text__active,0.000567666100881573,Random Forest
text__global,0.0005645936899358782,Random Forest
text__hourly,0.0005642112666133185,Random Forest
text__degree,0.0005636089950978857,Random Forest
text__we are,0.000562343143227878,Random Forest
text__who,0.0005617276047150052,Random Forest
text__looking for,0.0005616766862286556,Random Forest
text__annually,0.0005590308480654655,Random Forest
text__when,0.0005570964166992905,Random Forest
text__quality,0.0005542824994794163,Random Forest
text__total,0.0005534788642722594,Random Forest
text__fast,0.0005522375840695844,Random Forest
text__success,0.0005461210808373514,Random Forest
text__accommodation,0.0005457786126465379,Random Forest
text__fully,0.0005456983619274666,Random Forest
text__leave,0.0005456248041853995,Random Forest
text__of employment,0.000540495568097866,Random Forest
text__do,0.0005378399769801066,Random Forest
text__every,0.0005371313714042554,Random Forest
text__if,0.0005339669554057851,Random Forest
text__what,0.0005304169863374397,Random Forest
text__requirements,0.0005287772471556717,Random Forest
text__excellent,0.0005252571913251275,Random Forest
text__20,0.0005250896607246918,Random Forest
text__ensure,0.0005250817730382421,Random Forest
text__tasks,0.0005241455120866595,Random Forest
text__part,0.0005177210188928752,Random Forest
text__join our,0.0005173340919388589,Random Forest
text__technology,0.0005171504976025826,Random Forest
text__feedback,0.0005170147186907379,Random Forest
text__such,0.0005156960276391658,Random Forest
text__full,0.0005146255817617163,Random Forest
text__during,0.0005138342026400826,Random Forest
text__opportunity to,0.0005123247026874608,Random Forest
text__bachelor,0.0005121267621590203,Random Forest
text__performance,0.0005080091203119074,Random Forest
text__ll,0.0005044223519586993,Random Forest
text__impact,0.0005042803544946567,Random Forest
text__will be,0.0005024823052524471,Random Forest
text__to be,0.000500503815853405,Random Forest
text__understanding of,0.0004959540063790674,Random Forest
text__additional,0.000495625788549736,Random Forest
text__opportunities,0.000494826657375597,Random Forest
text__to work,0.0004944172494472318,Random Forest
text__application,0.0004886905722733031,Random Forest
text__base pay,0.0004884381242013958,Random Forest
text__person,0.0004881266671013493,Random Forest
text__up to,0.0004869102468206817,Random Forest
text__services,0.00048675615583904336,Random Forest
text__require,0.0004857423313392428,Random Forest
text__organization,0.00048294182321847643,Random Forest
text__estimate,0.00048187426850091944,Random Forest
text__interview,0.0004813528100580796,Random Forest
text__provide,0.00048022761495417304,Random Forest
text__vary,0.0004758093890933009,Random Forest
text__discrimination,0.00047110034276207264,Random Forest
text__us,0.0004702906848757318,Random Forest
text__identify,0.00046994384931091897,Random Forest
text__technical,0.0004678023641571389,Random Forest
text__reimbursement,0.000467072833087295,Random Forest
text__re,0.00046639906736996333,Random Forest
text__around,0.0004642618770006033,Random Forest
text__teams,0.0004636206120603851,Random Forest
text__tools,0.0004633819081045303,Random Forest
text__submit,0.0004600582804553626,Random Forest
text__and the,0.00045821393326432103,Random Forest
text__building,0.00045724350126399404,Random Forest
text__hours,0.00045697829436710136,Random Forest
text__if you,0.0004563824393895789,Random Forest
text__why,0.0004561995380579838,Random Forest
text__you ll,0.00045601174153982627,Random Forest
text__applications,0.0004555917788822058,Random Forest
text__serve,0.0004535068369891948,Random Forest
text__project,0.00045234898973980854,Random Forest
text__include,0.00044695615922885176,Random Forest
text__how,0.000446188343582594,Random Forest
text__understanding,0.00044519165327500213,Random Forest
text__out,0.00044271692917553654,Random Forest
text__day,0.00044216381542766406,Random Forest
text__equivalent,0.0004408498172469256,Random Forest
text__to support,0.00044051536652130657,Random Forest
text__specialist,0.000438541386057003,Random Forest
text__geographic location,0.00043848017981354013,Random Forest
text__knowledge,0.0004380998011392803,Random Forest
text__and or,0.000434780041671508,Random Forest
text__collaborate,0.0004313443116410161,Random Forest
text__position is,0.00042895323422161117,Random Forest
text__and vision,0.00042777275174033164,Random Forest
text__laws,0.00042602600091698776,Random Forest
text__the salary,0.000425326806107676,Random Forest
text__you will,0.0004235037922953262,Random Forest
text__product,0.00042340099786739683,Random Forest
text__000 usd,0.00042107757141967027,Random Forest
text__federal state,0.00042096249233284716,Random Forest
text__depending,0.00042094016218851784,Random Forest
text__calls,0.0004188698730995688,Random Forest
text__people,0.0004170719758491807,Random Forest
text__because,0.00041475152958002245,Random Forest
text__across the,0.0004141971299817345,Random Forest
text__than,0.00041224434639782756,Random Forest
text__for employment,0.0004054165619781759,Random Forest
text__processes,0.0004043080459489951,Random Forest
text__virtual,0.00040418232744634093,Random Forest
text__diverse,0.0004031376038994682,Random Forest
text__solutions,0.0004023380928771673,Random Forest
text__protected by,0.00040207106099055434,Random Forest
text__develop,0.00040092243196510014,Random Forest
text__within,0.0003999617191835819,Random Forest
text__takes,0.0003984708924340761,Random Forest
text__sales,0.00039696172038634507,Random Forest
text__we do,0.0003959498461761214,Random Forest
text__one,0.0003958527531032784,Random Forest
text__customer,0.0003956945773066103,Random Forest
text__detail,0.000394652785736337,Random Forest
text__in your,0.00039442548714010306,Random Forest
text__work with,0.0003932898360456297,Random Forest
text__need,0.00039278033801755775,Random Forest
text__hiring process,0.00039252718546183024,Random Forest
text__immediate,0.00039000166255572026,Random Forest
text__senior,0.000388491564039796,Random Forest
text__hr,0.0003880046681700773,Random Forest
text__sensitive,0.00038763095905248416,Random Forest
text__review,0.0003870329993421307,Random Forest
text__full time,0.00038698100888546344,Random Forest
text__office,0.00038686547419670926,Random Forest
text__they,0.00038580374450732075,Random Forest
text__are looking,0.000385728796327982,Random Forest
text__improve,0.0003856504288423139,Random Forest
text__federal,0.0003851512780104769,Random Forest
text__on the,0.0003845129070986108,Random Forest
text__reach out,0.00038449011565406144,Random Forest
text__must be,0.0003843719323453137,Random Forest
text__plus,0.00038375522106802803,Random Forest
text__to join,0.00038287893880995227,Random Forest
text__monthly,0.00038158658211606754,Random Forest
text__of our,0.0003809219792014366,Random Forest
text__ideal,0.0003807071754801621,Random Forest
text__understand,0.0003804198323360562,Random Forest
text__local,0.00037969354761166425,Random Forest
text__commitment,0.0003790756474466745,Random Forest
text__first,0.000377638369848622,Random Forest
text__clients,0.0003771301447759684,Random Forest
text__experience with,0.00037700071976560313,Random Forest
text__written and,0.00037658323070493226,Random Forest
text__considered,0.0003764634970797025,Random Forest
text__own,0.00037628688269933136,Random Forest
text__build,0.00037593630422473584,Random Forest
text__industry,0.00037592012586975637,Random Forest
text__earn,0.00037520820941783407,Random Forest
text__growth,0.0003744003264276216,Random Forest
text__proficiency,0.00037422270948531073,Random Forest
text__key,0.00037221250590597534,Random Forest
text__design,0.0003708615875375941,Random Forest
text__maintain,0.00037044031422768845,Random Forest
text__goals,0.00037011271060505285,Random Forest
text__right,0.000369825844336633,Random Forest
text__learn,0.00036821166571629184,Random Forest
text__what you,0.00036808034732403744,Random Forest
text__attention,0.00036551757875377417,Random Forest
text__fully remote,0.0003654980889774085,Random Forest
text__talent,0.0003648848519217274,Random Forest
text__about the,0.0003647282808804516,Random Forest
text__dental and,0.00036445228412186284,Random Forest
text__but not,0.0003635847350696673,Random Forest
text__not limited,0.0003584885469794675,Random Forest
text__systems,0.00035789349042997384,Random Forest
text__leading,0.00035715079754310044,Random Forest
text__no,0.0003564375226368903,Random Forest
text__expertise,0.0003558358159933665,Random Forest
text__it,0.0003555952544940336,Random Forest
text__culture,0.00035423702820703217,Random Forest
text__growing,0.00035421156555660367,Random Forest
text__expectations,0.0003534154652137732,Random Forest
text__real,0.0003528712037019756,Random Forest
text__limited to,0.0003528461603059217,Random Forest
text__of experience,0.00035146823369522053,Random Forest
text__collaborate with,0.0003513695208567752,Random Forest
text__ownership,0.0003498767784454742,Random Forest
text__life insurance,0.0003492218608606713,Random Forest
text__pto,0.00034919039601504767,Random Forest
text__has,0.00034897994519579026,Random Forest
text__competitive salary,0.0003486138133950584,Random Forest
text__care,0.0003477880380553232,Random Forest
text__judgment,0.0003469930896900573,Random Forest
text__verbal,0.000346958925217512,Random Forest
text__complete,0.0003469575877721955,Random Forest
text__inclusive,0.0003468753573081317,Random Forest
text__sound,0.0003465844877095473,Random Forest
text__we re,0.00034650538099689835,Random Forest
text__know,0.0003455372723019186,Random Forest
text__teams to,0.00034530910616937827,Random Forest
text__physical,0.0003451833593832595,Random Forest
text__training,0.0003446660474536275,Random Forest
text__incentive,0.0003434620894005588,Random Forest
text__multiple,0.000342861673368905,Random Forest
text__resources,0.0003424486293905104,Random Forest
text__service,0.0003423819657649842,Random Forest
text__knowledge of,0.00034151021030325,Random Forest
text__into,0.0003412616946215318,Random Forest
text__communication and,0.00033934285709264866,Random Forest
text__language,0.000338302116390675,Random Forest
text__task,0.0003378700357271332,Random Forest
text__each,0.00033697224332972757,Random Forest
text__start,0.0003362308364141498,Random Forest
text__pace,0.00033599810784003904,Random Forest
text__closely with,0.00033579867471755114,Random Forest
text__in english,0.00033325337466633495,Random Forest
text__manager,0.0003324451778659721,Random Forest
text__application process,0.00033237780633823616,Random Forest
text__documentation,0.00033225932919390966,Random Forest
text__bright vision,0.00033124300419772653,Random Forest
text__part of,0.00033101788708768203,Random Forest
text__bright,0.0003308034597217128,Random Forest
text__manage,0.0003297337227045873,Random Forest
text__partner,0.00032916221306593884,Random Forest
text__the united,0.0003284400810830567,Random Forest
text__inclusive environment,0.00032711229381572767,Random Forest
text__to apply,0.00032657507099746703,Random Forest
text__assigned,0.00032613861315654633,Random Forest
text__such as,0.00032584799968847836,Random Forest
text__platform,0.00032582731490564886,Random Forest
text__mins,0.00032477334569881424,Random Forest
text__be considered,0.00032241078999822105,Random Forest
text__future,0.00032221367385663565,Random Forest
text__30,0.0003220734433286861,Random Forest
text__holidays,0.0003217737843757541,Random Forest
text__proven experience,0.0003216475321187244,Random Forest
text__technologies,0.00032137553316101896,Random Forest
text__problem,0.0003212808865219825,Random Forest
text__open,0.00031992244868411925,Random Forest
text__reviewing,0.000319767258008183,Random Forest
text__using,0.0003194196759747528,Random Forest
text__outcomes,0.00031911905313849494,Random Forest
text__week,0.00031910553792143117,Random Forest
text__clear,0.0003182014153133184,Random Forest
text__our team,0.0003158461244242947,Random Forest
text__level,0.0003158264087166949,Random Forest
text__solving,0.0003156878997438147,Random Forest
text__over,0.00031549580508123367,Random Forest
text__value,0.00031515640797040955,Random Forest
text__field,0.0003149028716583495,Random Forest
text__analytical,0.00031482963866877583,Random Forest
text__final,0.0003144727006883782,Random Forest
text__being,0.0003125158131731334,Random Forest
text__well,0.0003120136946427712,Random Forest
text__drive,0.0003115383369355328,Random Forest
text__operations,0.00031150168925790417,Random Forest
text__deliver,0.0003114330467530943,Random Forest
text__software,0.00031082924411830683,Random Forest
text__complex,0.0003099963505335588,Random Forest
text__sponsorship,0.0003092749432951758,Random Forest
text__long,0.0003091097720319197,Random Forest
text__standards,0.00030905775408408083,Random Forest
text__create,0.00030887386100980385,Random Forest
text__evaluation,0.00030868794175752183,Random Forest
numeric__experience_year_max,0.00030761123578515557,Random Forest
text__related field,0.0003061793996993163,Random Forest
text__independently,0.00030606426526563654,Random Forest
text__serve as,0.0003050709086160749,Random Forest
text__leadership,0.00030503327597761366,Random Forest
text__client,0.00030247958278895596,Random Forest
text__the ability,0.0003019879328157067,Random Forest
text__internal,0.0003017546464692644,Random Forest
text__remote work,0.0003009204965003987,Random Forest
text__financial,0.0003002173059032078,Random Forest
text__steps,0.0002990985136679833,Random Forest
text__required qualifications,0.00029870337277938585,Random Forest
text__includes,0.0002984122979112897,Random Forest
text__of race,0.00029800124622053983,Random Forest
text__healthcare,0.0002970227519484957,Random Forest
text__expert,0.00029693797718971656,Random Forest
text__relevant,0.00029662555795797324,Random Forest
text__take,0.00029624043442288435,Random Forest
text__location remote,0.0002961970288786543,Random Forest
text__most,0.00029521158050793586,Random Forest
text__applies,0.000295038020208582,Random Forest
text__digital,0.0002941778536026448,Random Forest
text__reviews,0.0002941641470320154,Random Forest
text__policy,0.000294132844549277,Random Forest
text__range of,0.00029159749216833576,Random Forest
text__month,0.0002915510346045857,Random Forest
text__rate,0.00029117051260612215,Random Forest
text__out to,0.0002911647067191608,Random Forest
text__catalyst peter,0.0002909702379622362,Random Forest
text__contract,0.00029085464519311714,Random Forest
text__focus,0.00028912504624987876,Random Forest
text__research,0.0002886679591544502,Random Forest
text__patients,0.0002867300610279198,Random Forest
text__from the,0.00028599001396569917,Random Forest
text__match,0.0002857535448703586,Random Forest
text__access,0.0002852930871622583,Random Forest
text__driven,0.0002852208784816673,Random Forest
text__please note,0.00028475044253419924,Random Forest
text__computer,0.00028431047702192914,Random Forest
text__on your,0.000283186674476981,Random Forest
text__interview process,0.00028313566061877627,Random Forest
text__to detail,0.000283004346911261,Random Forest
text__partners,0.0002827278329081871,Random Forest
text__contribute,0.0002813913330495622,Random Forest
text__to help,0.0002810184441641383,Random Forest
text__in fast,0.0002808150178822353,Random Forest
text__to ensure,0.0002807902792798034,Random Forest
text__highly,0.00028031633242649645,Random Forest
text__able,0.0002802270693646299,Random Forest
text__compliance,0.00027918787241073623,Random Forest
text__prospective,0.00027899005987069077,Random Forest
text__flexible,0.0002786244173508139,Random Forest
text__role you,0.0002783701899444123,Random Forest
text__comfortable,0.00027786169671964857,Random Forest
text__best,0.0002776068365885728,Random Forest
text__or related,0.0002767489173191797,Random Forest
text__degree in,0.00027550045340798333,Random Forest
text__against,0.00027469871635055703,Random Forest
text__creative,0.0002741296408636282,Random Forest
text__reliable,0.00027382865876777156,Random Forest
text__the role,0.000273789465936466,Random Forest
text__this opportunity,0.00027362186426556877,Random Forest
text__marketing,0.0002734452610989342,Random Forest
text__work from,0.0002732679045496664,Random Forest
text__schedule,0.000272838599860803,Random Forest
text__age disability,0.0002724348279653202,Random Forest
text__from home,0.0002723136023991888,Random Forest
text__uk,0.0002722503945505891,Random Forest
text__resume,0.0002720049949019318,Random Forest
text__to make,0.00027094788503053015,Random Forest
text__available,0.000270848419932454,Random Forest
text__and we,0.00027053645435392323,Random Forest
text__track record,0.0002699370839946555,Random Forest
text__san francisco,0.0002698037867762655,Random Forest
text__minimum,0.0002692819253774557,Random Forest
text__evaluate,0.0002691929303317505,Random Forest
text__demonstrated,0.0002689578719178661,Random Forest
text__accurate,0.00026862761804929383,Random Forest
text__legal,0.0002682250628558114,Random Forest
text__competitive compensation,0.00026793463851987895,Random Forest
text__specific,0.00026766203187200937,Random Forest
text__can be,0.0002671296444883861,Random Forest
text__products,0.00026679678829923066,Random Forest
text__appropriate,0.00026672937146712854,Random Forest
text__absence,0.00026630294508700095,Random Forest
text__assistance,0.0002659072897356969,Random Forest
text__activities,0.0002657028970851862,Random Forest
text__attention to,0.0002652319188680449,Random Forest
text__you can,0.0002652155802515552,Random Forest
text__50,0.0002651900470353484,Random Forest
text__adam angelo,0.0002649506478941872,Random Forest
text__not be,0.00026489436499962336,Random Forest
text__problem solving,0.00026474822831193433,Random Forest
text__professionals,0.0002632112600340961,Random Forest
text__line,0.00026320033833157565,Random Forest
text__free,0.0002628047228112195,Random Forest
text__meet,0.0002627175811305481,Random Forest
text__able to,0.0002614591565868346,Random Forest
text__accounts,0.00026145457101718774,Random Forest
text__background,0.0002611982271385589,Random Forest
text__workload,0.000260548814900052,Random Forest
text__core,0.00025950320031762,Random Forest
text__status or,0.0002584533981564041,Random Forest
text__to end,0.00025789673866441276,Random Forest
text__work closely,0.0002578170949823979,Random Forest
text__equal employment,0.00025776292206984575,Random Forest
text__share,0.0002576127957333191,Random Forest
text__marital,0.0002573278010724467,Random Forest
text__80,0.0002572051582894834,Random Forest
text__email,0.00025715128798452317,Random Forest
text__representative,0.00025648387323262516,Random Forest
text__pass,0.000256209850380361,Random Forest
text__content,0.0002559719433109838,Random Forest
text__be part,0.0002558325394775771,Random Forest
text__is leading,0.0002556859716190869,Random Forest
text__follow,0.0002547445236795099,Random Forest
text__developer,0.0002547024488587236,Random Forest
text__cloud,0.0002545540157461284,Random Forest
text__backgrounds,0.00025452583687798317,Random Forest
text__relationships,0.000254243213651021,Random Forest
text__yourself,0.0002541533414775113,Random Forest
text__to have,0.0002540783178032318,Random Forest
text__upload,0.0002538484557240241,Random Forest
text__process and,0.00025368775787317405,Random Forest
text__direct,0.0002532336019607172,Random Forest
text__re looking,0.00025314850580559513,Random Forest
text__retirement,0.00025314651618670367,Random Forest
text__contractor,0.0002530939507218657,Random Forest
text__cross,0.0002530495474134804,Random Forest
text__posting,0.00025289851722003724,Random Forest
text__in this,0.0002528806946369985,Random Forest
text__essential,0.0002527300332250291,Random Forest
text__you re,0.0002526128929300349,Random Forest
text__analysis,0.00025258736049416303,Random Forest
text__its,0.0002525308136768246,Random Forest
text__qualification,0.00025215522310354025,Random Forest
text__coverage,0.0002515307668784439,Random Forest
text__feel,0.0002513840633732095,Random Forest
text__learn more,0.00025131300804776354,Random Forest
text__10,0.00025087929092354076,Random Forest
text__30 mins,0.00025029629189883687,Random Forest
text__managing,0.00025025018368777374,Random Forest
text__platforms,0.00025007902641920336,Random Forest
text__ranges,0.00025003928305660937,Random Forest
text__the base,0.0002497562661778076,Random Forest
text__them,0.00024963514982897394,Random Forest
text__career,0.00024841349216610784,Random Forest
text__proficiency in,0.0002483236010225202,Random Forest
text__and experience,0.0002481504822729487,Random Forest
text__religion sex,0.00024784643291184236,Random Forest
text__believe,0.0002476885684018182,Random Forest
text__supportive,0.0002475414198472632,Random Forest
text__type,0.00024682912637192313,Random Forest
text__customers,0.00024646902642479695,Random Forest
text__our clients,0.0002461485248060621,Random Forest
text__responsible for,0.00024597766848550754,Random Forest
text__fast paced,0.0002458620436521664,Random Forest
text__backgrounds and,0.0002446700933351023,Random Forest
text__the future,0.00024451451798079507,Random Forest
text__ask,0.00024418283406948277,Random Forest
text__work in,0.0002437539785900624,Random Forest
text__and verbal,0.00024347385879759626,Random Forest
text__self,0.0002430572978333983,Random Forest
text__programs,0.00024305555262065653,Random Forest
text__market,0.0002430065508552072,Random Forest
text__performance based,0.00024286607505056827,Random Forest
text__summers,0.00024286072488938792,Random Forest
text__date,0.00024249435477521647,Random Forest
text__better,0.00024234951281075777,Random Forest
text__these,0.0002423193503234916,Random Forest
text__mission,0.0002422295038644924,Random Forest
text__focused,0.0002422287893858055,Random Forest
text__set,0.00024220232986000862,Random Forest
text__via,0.0002418753693191901,Random Forest
text__to improve,0.00024177667464920144,Random Forest
text__countries,0.00024160920185869068,Random Forest
text__benefits including,0.0002411991959660304,Random Forest
text__academic,0.00024105259917287135,Random Forest
text__participate in,0.00024080939256945826,Random Forest
text__summary,0.00024065779604572475,Random Forest
text__provides,0.00024053855557671074,Random Forest
text__here,0.00024051879865505564,Random Forest
text__including but,0.00024044325323671034,Random Forest
text__challenges,0.0002400566975280288,Random Forest
text__track,0.00024004339146400166,Random Forest
text__access to,0.00023929637744278336,Random Forest
text__like,0.00023922934912768548,Random Forest
text__directly,0.00023889183635252337,Random Forest
text__operational,0.00023841965902523656,Random Forest
text__what we,0.00023840017206784483,Random Forest
text__the opportunity,0.00023813515834931255,Random Forest
text__patient,0.00023811110220865508,Random Forest
text__with strong,0.00023796610104755015,Random Forest
text__two,0.0002376279277196011,Random Forest
text__employees and,0.000237526084209021,Random Forest
text__must have,0.0002374982172169931,Random Forest
text__you like,0.00023703603936924323,Random Forest
text__next,0.00023685042220101838,Random Forest
text__dynamic,0.00023623415784739568,Random Forest
text__familiarity,0.00023615489928353772,Random Forest
text__permanent,0.00023592695079724724,Random Forest
text__the company,0.00023587751783371293,Random Forest
text__family,0.0002358561831333566,Random Forest
text__account,0.00023582334590035642,Random Forest
text__look,0.00023581073913593478,Random Forest
text__employer we,0.00023523318897941236,Random Forest
text__results,0.00023504574120273864,Random Forest
text__daily,0.0002346795798315324,Random Forest
text__solutions across,0.0002344969634976994,Random Forest
text__with our,0.00023424099171089608,Random Forest
text__through the,0.00023414701002061962,Random Forest
text__is the,0.00023411009311210388,Random Forest
text__progress,0.0002338737680684949,Random Forest
text__experiences,0.00023355698074368085,Random Forest
text__system,0.00023330910466189537,Random Forest
text__reflects,0.00023323475690206218,Random Forest
text__takes 20,0.00023322157411209918,Random Forest
text__decisions,0.0002332185789079231,Random Forest
text__creative and,0.0002332124871711648,Random Forest
text__trainer,0.00023294915122559865,Random Forest
text__marital status,0.00023265231411501785,Random Forest
text__high school,0.00023251844627189094,Random Forest
text__the hiring,0.00023220951832802927,Random Forest
text__change,0.00023199936059263072,Random Forest
text__grow,0.00023169772555256454,Random Forest
text__is committed,0.00023135530920762693,Random Forest
text__potential,0.00023064842465161427,Random Forest
text__you are,0.00023049294294601823,Random Forest
text__does,0.00023019711656718068,Random Forest
text__delivering,0.00022985051066753664,Random Forest
text__home,0.00022965253208862747,Random Forest
text__onboarding,0.0002294195979861425,Random Forest
text__mindset,0.00022939741828885733,Random Forest
text__100,0.0002293821558565631,Random Forest
text__worldwide,0.0002293323326999557,Random Forest
text__discriminate,0.00022921306184828846,Random Forest
text__get,0.0002290348928197194,Random Forest
text__workflows,0.00022884844618357552,Random Forest
text__customer service,0.00022880647280075364,Random Forest
text__leads,0.00022821950361117264,Random Forest
text__individuals with,0.00022785865705266838,Random Forest
text__short,0.00022761486894110573,Random Forest
text__also,0.00022746502905020264,Random Forest
text__online,0.00022736209080651882,Random Forest
text__high quality,0.00022734277277952394,Random Forest
text__guidelines,0.00022704623297146778,Random Forest
text__and software,0.0002267341094105126,Random Forest
text__your resume,0.00022632091479048844,Random Forest
text__issues,0.00022616943449035176,Random Forest
text__conversations,0.00022577802769510453,Random Forest
text__and maintain,0.00022559208656327046,Random Forest
text__english and,0.00022531948492501245,Random Forest
text__feedback to,0.00022490724321172186,Random Forest
text__role is,0.00022451394156426514,Random Forest
text__nice,0.00022400248740409915,Random Forest
text__reach,0.00022376931420350525,Random Forest
text__job related,0.0002235431548645379,Random Forest
text__mental,0.00022341225491818943,Random Forest
text__facing,0.00022317000134875197,Random Forest
text__responsible,0.00022286451973535247,Random Forest
text__25,0.00022257975799361136,Random Forest
text__our investors,0.00022244754050193446,Random Forest
text__qualified applicants,0.00022191611778384185,Random Forest
text__closely,0.00022187919835422852,Random Forest
text__to ps,0.00022176789800062524,Random Forest
text__love,0.00022155551211649845,Random Forest
text__growth and,0.00022101901479713615,Random Forest
text__and help,0.00022070767478395278,Random Forest
text__are seeking,0.00022070416677706696,Random Forest
text__nice to,0.00022050148240101018,Random Forest
text__fit,0.00022048842861193644,Random Forest
text__effective,0.00022000419454292283,Random Forest
text__assist,0.00021970537538219096,Random Forest
text__disabilities,0.00021950712467194827,Random Forest
text__experienced,0.0002192665863561785,Random Forest
text__currently,0.00021874078813608608,Random Forest
text__hands on,0.0002187095488191199,Random Forest
text__practices,0.00021868287871704375,Random Forest
text__needed,0.00021865191205661067,Random Forest
text__connect,0.00021844164525076603,Random Forest
text__recruitment,0.00021812805445746804,Random Forest
numeric__experience_year_min,0.00021801101169479275,Random Forest
text__call,0.0002175521688233272,Random Forest
text__regardless of,0.00021754322901100683,Random Forest
text__receive,0.00021751805589001255,Random Forest
text__san,0.00021749900015383673,Random Forest
text__equipment,0.0002174247899522505,Random Forest
text__environment that,0.00021740122327683687,Random Forest
text__contribute to,0.0002173637966589193,Random Forest
text__cutting edge,0.00021648058480597176,Random Forest
text__both,0.00021548901530680232,Random Forest
text__social,0.0002143490371623572,Random Forest
text__trust,0.00021414281279243496,Random Forest
text__learning,0.00021413370430028815,Random Forest
text__opportunities to,0.0002140130260162432,Random Forest
text__flexibility,0.00021366480564349023,Random Forest
text__practice,0.00021352395257714119,Random Forest
text__like to,0.00021342891673935832,Random Forest
text__description,0.00021341930045273803,Random Forest
text__ready to,0.00021310959675663137,Random Forest
text__travel,0.00021287298824176353,Random Forest
text__recognize,0.00021250683487997473,Random Forest
text__companies,0.0002124610993599266,Random Forest
text__to understand,0.00021243850445216473,Random Forest
text__comprehensive benefits,0.00021216990865714094,Random Forest
text__once,0.0002119457463616159,Random Forest
text__record,0.00021087411242481224,Random Forest
text__exceptional,0.00021050476613992332,Random Forest
text__excellent communication,0.0002099098824616026,Random Forest
text__ready,0.00020982270475156507,Random Forest
text__those,0.00020950923633372055,Random Forest
text__limited,0.0002094994627197655,Random Forest
text__advanced,0.00020923299200510494,Random Forest
text__general,0.00020893101575530145,Random Forest
text__works,0.00020891377415293788,Random Forest
text__status as,0.00020881583787485627,Random Forest
text__hire,0.00020878192574051816,Random Forest
text__valid,0.00020871380663632427,Random Forest
text__inside,0.00020823479238512134,Random Forest
text__check,0.00020794448053290454,Random Forest
text__and business,0.00020776648287058208,Random Forest
text__successful,0.00020759513039347,Random Forest
text__hear from,0.00020731986727616817,Random Forest
text__work location,0.00020722777143941906,Random Forest
text__overview,0.00020705882304166331,Random Forest
text__title,0.00020705113405891973,Random Forest
text__timely,0.00020690785444402873,Random Forest
text__end,0.0002067661654930475,Random Forest
text__supporting,0.00020664675641722492,Random Forest
text__health insurance,0.0002063435359259883,Random Forest
text__communicate,0.00020560102584871734,Random Forest
text__families,0.00020550140046956647,Random Forest
text__compliance with,0.00020549195318859013,Random Forest
text__wide,0.0002052932743976601,Random Forest
text__projects,0.0002050055461047137,Random Forest
text__visual,0.0002048053312980747,Random Forest
text__talent with,0.00020458326701089805,Random Forest
text__collaboration,0.00020449350487646356,Random Forest
text__paid holidays,0.00020440222395124436,Random Forest
text__team and,0.0002042977805738559,Random Forest
text__card,0.00020416982631399458,Random Forest
text__conduct,0.0002040866471935503,Random Forest
text__to hear,0.00020403913707110164,Random Forest
text__act,0.00020380546668023812,Random Forest
text__in person,0.00020356169653256543,Random Forest
text__microsoft,0.00020324763214575557,Random Forest
text__levels,0.00020272738507770552,Random Forest
text__existing,0.0002026909899015834,Random Forest
text__of factors,0.0002024481113467285,Random Forest
text__incentives,0.00020243879257826023,Random Forest
text__every day,0.0002023709680524117,Random Forest
text__as the,0.00020218382794687267,Random Forest
text__creating,0.0002020314022502052,Random Forest
text__revenue,0.00020197416173062642,Random Forest
text__least,0.00020156408097974626,Random Forest
text__primary,0.00020130758130608263,Random Forest
text__priorities,0.0002011002352465423,Random Forest
text__ai safety,0.0002010322517322037,Random Forest
text__following,0.00020010033670828613,Random Forest
text__maintaining,0.00019956797954679572,Random Forest
text__certification,0.0001995103611624616,Random Forest
text__delivery,0.00019949881504455774,Random Forest
text__to create,0.00019945201360101075,Random Forest
text__fluency,0.00019942995683462257,Random Forest
text__management and,0.00019941284974656946,Random Forest
text__vision technologies,0.00019902350872148914,Random Forest
text__quality and,0.00019835047699468208,Random Forest
text__jobs,0.00019831746185998495,Random Forest
text__current,0.00019815286159494618,Random Forest
text__questions,0.00019777433110509075,Random Forest
text__and ensure,0.00019742078107562173,Random Forest
text__or support,0.00019720486683843567,Random Forest
text__thrive,0.0001969512785860656,Random Forest
text__applications daily,0.0001968600101850807,Random Forest
text__and benefits,0.00019682634256688067,Random Forest
text__personal,0.0001967709566177159,Random Forest
text__multi,0.0001967432334318162,Random Forest
text__bilingual,0.00019637504417302767,Random Forest
text__science,0.00019631667465765755,Random Forest
text__makes,0.0001960187576980125,Random Forest
text__is to,0.0001958449086295971,Random Forest
text__everyone,0.00019564040197186052,Random Forest
text__many,0.00019561715209405996,Random Forest
text__native,0.0001955886309731427,Random Forest
text__decision,0.00019508980732448788,Random Forest
text__employee assistance,0.0001948684373783845,Random Forest
text__hour location,0.00019481936985554378,Random Forest
text__community,0.00019460752478399427,Random Forest
text__strategic,0.00019441411695625386,Random Forest
text__recognized,0.00019413443807051971,Random Forest
text__have the,0.00019409253709214638,Random Forest
text__reporting,0.00019395271832571372,Random Forest
text__organizations,0.0001939277667795047,Random Forest
text__focused on,0.00019368344588829828,Random Forest
text__the project,0.00019333086980063798,Random Forest
text__paced,0.00019310040302990378,Random Forest
text__details,0.00019297215818470705,Random Forest
text__private,0.00019289039490445818,Random Forest
text__values,0.0001928576806169365,Random Forest
text__addition,0.00019273508806826503,Random Forest
text__and written,0.0001922072408982206,Random Forest
text__expression,0.0001921141473772917,Random Forest
text__execution,0.00019210968728728558,Random Forest
text__disability veteran,0.00019210836298911058,Random Forest
text__excel,0.0001920589211928459,Random Forest
text__basis,0.00019200724961163324,Random Forest
text__not just,0.00019199936463808168,Random Forest
text__risk,0.00019193487963308628,Random Forest
text__document,0.00019188011863341848,Random Forest
text__for all,0.00019168744505007926,Random Forest
text__protected status,0.00019134622321294285,Random Forest
text__wide range,0.00019086884497392806,Random Forest
text__setting,0.0001907843065771434,Random Forest
text__for you,0.00019020168273048166,Random Forest
text__school,0.00019010632585701257,Random Forest
text__identifying,0.00019009329226000904,Random Forest
text__and are,0.00018967161427508507,Random Forest
text__skills and,0.00018964601970709787,Random Forest
text__work independently,0.00018939228617566916,Random Forest
text__between,0.0001891362622239178,Random Forest
text__500,0.0001890065537127572,Random Forest
text__at the,0.00018878311384960922,Random Forest
text__ll do,0.00018871101969870137,Random Forest
text__now,0.00018858641072268213,Random Forest
text__important,0.00018827165962929563,Random Forest
text__crm,0.00018825529395166403,Random Forest
text__so,0.0001881405320183372,Random Forest
text__working in,0.0001880965997333572,Random Forest
text__hands,0.0001879085972021574,Random Forest
text__participate,0.00018748920167804614,Random Forest
text__long term,0.00018718176238790793,Random Forest
text__months,0.0001868280235915369,Random Forest
text__form,0.00018675802606582233,Random Forest
text__targets,0.00018673728446275185,Random Forest
text__making,0.00018673067687216882,Random Forest
text__structured,0.00018662441656192784,Random Forest
text__address,0.00018658279266165858,Random Forest
text__all qualified,0.0001863675394833309,Random Forest
text__within the,0.0001863219928215941,Random Forest
text__adam,0.0001862694180240445,Random Forest
text__safety,0.00018616187473472696,Random Forest
text__accuracy,0.00018610457169346306,Random Forest
text__forward,0.00018598573909548726,Random Forest
text__we believe,0.00018574571197776653,Random Forest
text__provider,0.00018551947861663424,Random Forest
text__edge,0.00018522361751493172,Random Forest
text__external,0.000184765462276602,Random Forest
text__monday,0.00018424884629979495,Random Forest
text__time remote,0.00018414672258499945,Random Forest
text__review and,0.00018396426280802066,Random Forest
text__note,0.00018383991741184667,Random Forest
text__problems,0.00018373659798926676,Random Forest
text__human,0.00018370250412275398,Random Forest
text__conditions,0.0001836490748784116,Random Forest
text__excellence,0.000183289617747993,Random Forest
text__intelligence,0.00018322123028794246,Random Forest
text__regular,0.0001832082714200318,Random Forest
text__role in,0.0001830191277660185,Random Forest
text__or other,0.0001829291109919972,Random Forest
text__present,0.00018277284012213404,Random Forest
text__different,0.00018267447288325636,Random Forest
text__together,0.00018255755124265235,Random Forest
text__evaluating,0.0001825247659628324,Random Forest
text__employment opportunities,0.00018235535458546213,Random Forest
text__prioritize,0.0001823055177143003,Random Forest
text__across multiple,0.0001821492951870755,Random Forest
text__term,0.00018209044921603415,Random Forest
text__reflect,0.0001819538245875079,Random Forest
text__support reach,0.00018194669807074105,Random Forest
text__contact,0.00018190895697372592,Random Forest
text__offer competitive,0.00018183017172451846,Random Forest
text__member,0.00018139919385612725,Random Forest
text__with company,0.0001812908581828109,Random Forest
text__where you,0.0001812890055761522,Random Forest
text__12,0.0001812206961118486,Random Forest
text__internet,0.00018121296363593525,Random Forest
text__from all,0.0001811229119073216,Random Forest
text__sex sexual,0.00018108124655501985,Random Forest
text__prior,0.00018084265715304353,Random Forest
text__complexity,0.00018084229838537938,Random Forest
text__accepted,0.0001806311238612217,Random Forest
text__rather than,0.00018060175882746434,Random Forest
text__positive,0.00018058550513862888,Random Forest
text__businesses,0.0001803394783010492,Random Forest
text__developing,0.00018021039547931887,Random Forest
text__communities,0.000179855521795739,Random Forest
text__remotely,0.00017952804185071065,Random Forest
text__consistent,0.00017947130197434625,Random Forest
text__top,0.00017926829758783304,Random Forest
text__to manage,0.00017916473758473786,Random Forest
text__see,0.00017873226726699355,Random Forest
text__international,0.00017850935970036081,Random Forest
text__third party,0.00017848755534150386,Random Forest
text__engagement,0.0001784147386163857,Random Forest
text__offers,0.0001782238296385585,Random Forest
text__or equivalent,0.00017814308923992076,Random Forest
text__build and,0.00017809354872546732,Random Forest
text__individuals,0.00017804738202277767,Random Forest
text__and technical,0.00017796076232378682,Random Forest
text__familiarity with,0.00017792127383531837,Random Forest
text__good,0.00017759301704895565,Random Forest
text__and paid,0.00017756410607325612,Random Forest
text__faster,0.0001773802917458181,Random Forest
text__model,0.00017735931727362153,Random Forest
text__type full,0.00017735201133271093,Random Forest
text__positions,0.00017721251891823027,Random Forest
text__ve,0.00017718568266787414,Random Forest
text__das,0.00017700238470387078,Random Forest
text__part time,0.0001769867793995604,Random Forest
text__to complete,0.0001769326673823175,Random Forest
text__leader,0.0001767416005050184,Random Forest
text__designed,0.00017668695220145032,Random Forest
text__of an,0.00017653060142632386,Random Forest
text__expertise in,0.0001761633703534085,Random Forest
text__initiatives,0.00017605382014820856,Random Forest
text__case,0.00017600049464104115,Random Forest
text__leading ai,0.00017599179914543577,Random Forest
text__deep,0.00017588972019306256,Random Forest
text__deadlines,0.00017588349396954815,Random Forest
text__an inclusive,0.00017586326318983275,Random Forest
text__difference,0.00017568723725138634,Random Forest
text__center,0.0001754739488453102,Random Forest
text__members,0.00017542814983054756,Random Forest
text__meetings,0.00017507030004385802,Random Forest
text__to succeed,0.00017503658875333655,Random Forest
text__generation,0.00017495559592383813,Random Forest
text__executive,0.00017492406204343806,Random Forest
text__and performance,0.0001746827162032185,Random Forest
text__from you,0.00017464168596097607,Random Forest
text__skilled,0.00017458538816804054,Random Forest
text__bring,0.0001745560708428024,Random Forest
text__trends,0.0001743647581647998,Random Forest
text__ai data,0.00017422762925575503,Random Forest
text__just,0.00017404062986107026,Random Forest
text__we offer,0.00017392480348381626,Random Forest
text__want,0.00017390860544699762,Random Forest
text__class,0.000173888805300117,Random Forest
text__future of,0.00017388167035599237,Random Forest
text__passion,0.00017387518330552894,Random Forest
text__moving,0.00017382780347352598,Random Forest
text__operate,0.00017369351486014613,Random Forest
text__origin age,0.00017357840790759398,Random Forest
text__shape,0.00017351864363269714,Random Forest
text__all backgrounds,0.00017335495647614066,Random Forest
text__agent,0.00017302229125435242,Random Forest
text__which,0.0001729628150083391,Random Forest
text__records,0.00017270399885982752,Random Forest
text__artificial intelligence,0.0001725708361105948,Random Forest
text__relationships with,0.00017255630823136893,Random Forest
text__subject to,0.00017209469985351943,Random Forest
text__critical,0.00017200679784852089,Random Forest
text__systems and,0.00017192984853737443,Random Forest
text__interest,0.00017166290832956724,Random Forest
text__one of,0.00017128869723551915,Random Forest
text__to our,0.00017118414130630393,Random Forest
text__to identify,0.0001711596436038711,Random Forest
text__of your,0.0001710458295969236,Random Forest
text__strategy,0.00017101893396979074,Random Forest
text__are you,0.00017088680881093314,Random Forest
text__identify and,0.00017053444074319456,Random Forest
text__guidance,0.00017020890197560435,Random Forest
text__need to,0.0001701808914824138,Random Forest
text__department,0.0001701067296607002,Random Forest
text__live,0.0001700849368549173,Random Forest
text__work environment,0.00016983138331733228,Random Forest
text__close,0.0001696385257122986,Random Forest
text__am,0.00016960807918164997,Random Forest
text__skills experience,0.0001694775420642133,Random Forest
text__stay,0.00016914018628803827,Random Forest
text__documents,0.00016893809445431965,Random Forest
text__consultant,0.00016874176810803565,Random Forest
text__global team,0.0001686141089145328,Random Forest
text__the best,0.00016845113143383356,Random Forest
text__who we,0.00016839554717449677,Random Forest
text__effectively,0.00016828608371507748,Random Forest
text__power,0.00016799340401856653,Random Forest
text__is seeking,0.0001678969018682316,Random Forest
text__people who,0.00016786154300424283,Random Forest
text__strategies,0.00016769956046210248,Random Forest
text__lead,0.00016769615722316532,Random Forest
text__our customers,0.0001675889541639856,Random Forest
text__functional,0.00016752992223847924,Random Forest
text__software development,0.00016711488376454684,Random Forest
text__and customer,0.00016676144875954816,Random Forest
text__data and,0.00016674666305413138,Random Forest
text__communications,0.00016641290456312802,Random Forest
text__at least,0.0001664041792434291,Random Forest
text__per year,0.00016636562579527942,Random Forest
text__become,0.00016613593712011643,Random Forest
text__non,0.0001660034021022941,Random Forest
text__insights,0.00016583627417873027,Random Forest
text__policies,0.00016563698391211285,Random Forest
text__california,0.00016540378180979128,Random Forest
text__hours per,0.00016520484188112955,Random Forest
text__accelerate,0.0001651358087267673,Random Forest
text__partner with,0.00016500913192354008,Random Forest
text__creativity,0.00016499548038212416,Random Forest
text__to know,0.00016470653261115175,Random Forest
text__reports,0.0001645294317397861,Random Forest
text__prepare,0.00016449240395781454,Random Forest
text__steps to,0.00016447234001086815,Random Forest
text__workspace,0.00016430367275543784,Random Forest
text__vision insurance,0.00016426182827476688,Random Forest
text__opportunity for,0.00016415010411966274,Random Forest
text__on experience,0.0001639187959285303,Random Forest
text__have strong,0.00016333875401689996,Random Forest
text__assess,0.00016319506905003697,Random Forest
text__planning,0.00016314133329924514,Random Forest
text__obtain,0.0001631279598896034,Random Forest
text__submit your,0.00016302795327057792,Random Forest
text__master,0.00016296594622879526,Random Forest
text__participation,0.0001629514329286577,Random Forest
text__experts,0.00016291951071432546,Random Forest
text__collaboration and,0.00016270209488400856,Random Forest
text__to build,0.00016260845521415116,Random Forest
text__passionate,0.000162509654720126,Random Forest
text__focus on,0.00016249388484413263,Random Forest
text__term disability,0.0001622746369253356,Random Forest
text__and jack,0.00016224612701390602,Random Forest
text__boundaries,0.0001618967128529161,Random Forest
text__helping,0.0001618664530915187,Random Forest
text__stakeholders,0.00016185859466377194,Random Forest
text__fit for,0.00016143431738052956,Random Forest
text__cross functional,0.00016138477021186777,Random Forest
text__quarterly,0.0001612424215221761,Random Forest
text__capabilities,0.00016079986883200047,Random Forest
text__you to,0.00016034936854644519,Random Forest
text__who are,0.00016029198592463882,Random Forest
text__headquartered,0.00016005759622621615,Random Forest
text__objectives,0.00015996384221942292,Random Forest
text__and digital,0.00015996370359439412,Random Forest
text__improvement,0.00015989821572256384,Random Forest
text__some,0.000159783856493638,Random Forest
text__coaching,0.00015973708940279622,Random Forest
text__oriented,0.00015955634459769756,Random Forest
text__built,0.00015945663344772828,Random Forest
text__engineering,0.00015943590130431648,Random Forest
text__how to,0.0001591638857192953,Random Forest
text__sciences,0.00015905230982355553,Random Forest
text__to enhance,0.0001590113951001837,Random Forest
text__the right,0.00015898312359598912,Random Forest
text__providing,0.00015885002611415095,Random Forest
text__employment without,0.00015868265153141456,Random Forest
text__motivated,0.00015861857897972226,Random Forest
text__or local,0.0001586030104210338,Random Forest
text__play,0.00015852855152041054,Random Forest
text__according to,0.00015848800808256373,Random Forest
text__video,0.00015838147043152877,Random Forest
text__ensuring,0.00015835987174765345,Random Forest
text__leaders,0.0001583572789041935,Random Forest
text__exposure,0.00015835727672127483,Random Forest
text__you have,0.00015816346691283688,Random Forest
text__principles,0.0001577596228108652,Random Forest
text__collaborative,0.00015761722450216537,Random Forest
text__agencies,0.00015759022406622506,Random Forest
text__way,0.00015737477840197146,Random Forest
text__of professional,0.00015736461872715732,Random Forest
text__as needed,0.00015728794196987573,Random Forest
text__volume,0.00015696533110476656,Random Forest
text__interview and,0.00015674286119447923,Random Forest
text__cases,0.00015673129363374784,Random Forest
text__means,0.00015671496943887083,Random Forest
text__protected veteran,0.00015664921174236252,Random Forest
text__proud,0.00015663522690809647,Random Forest
text__contribution,0.00015651894571832304,Random Forest
text__experience working,0.00015637190091812706,Random Forest
text__savings,0.00015632732261473348,Random Forest
text__preferred qualifications,0.0001562871816716312,Random Forest
text__required to,0.0001561735456761108,Random Forest
text__guide,0.00015613376919287547,Random Forest
text__various,0.00015598330258423642,Random Forest
text__architecture,0.0001556976462421206,Random Forest
text__high volume,0.0001556731055280765,Random Forest
text__production,0.00015541225617768934,Random Forest
text__efficiently,0.0001553701981915194,Random Forest
text__to learn,0.0001553199554199445,Random Forest
text__environments,0.00015505381126787498,Random Forest
text__headquartered in,0.00015504396985047364,Random Forest
text__speed,0.0001550081866273548,Random Forest
text__accommodations,0.00015500676082259125,Random Forest
text__to all,0.00015479838988261273,Random Forest
text__opportunities for,0.0001545961972830447,Random Forest
text__b2b,0.00015459304881702758,Random Forest
text__cutting,0.0001545447025067504,Random Forest
text__support and,0.00015433112946336717,Random Forest
text__align,0.00015432420470119882,Random Forest
text__commercial,0.0001542881135260615,Random Forest
text__handle,0.00015421275168775046,Random Forest
text__large,0.00015403954248911615,Random Forest
text__listed,0.00015402055498159344,Random Forest
text__someone,0.00015382762543065344,Random Forest
text__throughout,0.0001536162213538551,Random Forest
text__identify opportunities,0.00015345935951119162,Random Forest
text__per week,0.00015345573055317653,Random Forest
text__strong understanding,0.00015338426771392474,Random Forest
text__for our,0.0001530251165618237,Random Forest
text__would,0.00015302165647125253,Random Forest
text__capture,0.00015242609318993151,Random Forest
text__on their,0.00015239100022989215,Random Forest
text__in our,0.00015205576249687592,Random Forest
text__code,0.00015196049082432961,Random Forest
text__develop and,0.00015194915311696636,Random Forest
text__roles,0.00015179736985028021,Random Forest
text__opportunity eeo,0.00015179191001216,Random Forest
text__models,0.0001514948908830979,Random Forest
text__enhance,0.00015142172947831,Random Forest
text__of all,0.0001513829930699606,Random Forest
text__driving,0.00015132312738104552,Random Forest
text__availability,0.00015128426247287127,Random Forest
text__site,0.000151107668552359,Random Forest
text__and execute,0.00015093041592564413,Random Forest
text__enabling,0.00015066293531936566,Random Forest
text__actively,0.0001505651883024571,Random Forest
text__detail and,0.00015051560147051022,Random Forest
text__while maintaining,0.00015042011986431526,Random Forest
text__and communicate,0.0001499472781159592,Random Forest
text__innovation,0.00014967582352796787,Random Forest
text__monitor,0.00014955576313891846,Random Forest
text__recommendations,0.00014954017726848503,Random Forest
text__network,0.00014946235342947156,Random Forest
text__our employees,0.00014931309403152637,Random Forest
text__phone,0.00014892737120137439,Random Forest
text__stage,0.00014871319499745836,Random Forest
text__etc,0.00014868517384009866,Random Forest
text__career growth,0.00014864770003393378,Random Forest
text__send,0.0001486467242015107,Random Forest
text__clinical,0.00014863357440891834,Random Forest
text__implementation,0.00014855941404341903,Random Forest
text__customer experience,0.0001485086838186251,Random Forest
text__globally,0.0001484628920736484,Random Forest
text__be able,0.00014822117501442516,Random Forest
text__dedicated,0.0001481696290456447,Random Forest
text__best practices,0.00014816879901594565,Random Forest
text__processing,0.0001481484822806919,Random Forest
text__perform,0.0001480239095545362,Random Forest
text__similar,0.0001477586587079738,Random Forest
text__receive consideration,0.00014749627253106263,Random Forest
text__proactive,0.00014733862487857781,Random Forest
text__requirements and,0.00014714008743829703,Random Forest
text__early,0.00014709455253027353,Random Forest
text__applicant,0.0001470553934548292,Random Forest
text__reside,0.00014677675463223758,Random Forest
text__statement,0.000146741895405443,Random Forest
text__design and,0.0001464286654865973,Random Forest
text__testing,0.00014641366369145612,Random Forest
text__the job,0.00014613337970770864,Random Forest
text__interested,0.00014606580612236484,Random Forest
text__education experience,0.00014594800087824953,Random Forest
text__efficiency,0.00014585111944845138,Random Forest
text__and work,0.000145694951991591,Random Forest
text__and more,0.00014568596248272755,Random Forest
text__the basis,0.0001456373879136845,Random Forest
text__complete upload,0.00014533927340582679,Random Forest
text__interpersonal,0.0001452755846451133,Random Forest
text__commitment to,0.0001452611626986112,Random Forest
text__times,0.0001451853933237371,Random Forest
text__tailored,0.0001449647494789977,Random Forest
text__third,0.00014462850303518837,Random Forest
text__local laws,0.00014440610452855934,Random Forest
text__someone who,0.00014436147849128657,Random Forest
text__standard,0.00014416991078978786,Random Forest
text__hear,0.00014412210053683352,Random Forest
text__with us,0.00014394732425354606,Random Forest
text__run,0.00014369735613700463,Random Forest
text__lifecycle,0.00014363139314859532,Random Forest
text__want to,0.00014349572417142283,Random Forest
text__applicants will,0.0001433831739301763,Random Forest
text__and manage,0.00014335726976985293,Random Forest
text__presence,0.00014332513551172795,Random Forest
text__benefits package,0.0001431376316547924,Random Forest
text__trusted,0.00014313581819379954,Random Forest
text__20 30,0.00014310630723730832,Random Forest
text__other characteristic,0.00014279766783412566,Random Forest
text__region,0.00014277911273829534,Random Forest
text__approach,0.00014275909999779426,Random Forest
text__will work,0.00014272571976199627,Random Forest
text__resources support,0.00014258267690184652,Random Forest
text__bv teck,0.0001425133779638558,Random Forest
text__influence,0.00014236766855020227,Random Forest
text__analyze,0.0001421603328313215,Random Forest
text__fluent,0.0001421524566939747,Random Forest
text__impact on,0.0001421500038497055,Random Forest
text__and in,0.0001420974818687403,Random Forest
text__great,0.0001420197370348149,Random Forest
text__needed to,0.0001417040253850563,Random Forest
text__your own,0.00014155752178342934,Random Forest
text__and application,0.00014155510385439004,Random Forest
text__professional experience,0.00014140396260377795,Random Forest
text__identity or,0.00014138649803471565,Random Forest
text__engage,0.00014123456218434764,Random Forest
text__or similar,0.00014113847241033274,Random Forest
text__administration,0.0001410468906118417,Random Forest
text__media,0.00014085648143089693,Random Forest
text__under,0.0001407285968842442,Random Forest
text__employers,0.00014067760156432705,Random Forest
text__solutions that,0.00014064413699615947,Random Forest
text__and data,0.00014062005732329603,Random Forest
text__passion for,0.00014056707624321348,Random Forest
text__initial,0.00014044007550729188,Random Forest
text__freelance,0.00014035245963081233,Random Forest
text__portfolio,0.00014033986181017066,Random Forest
text__translate,0.00014019566870415243,Random Forest
text__will not,0.0001401472346841328,Random Forest
text__and opportunities,0.00014009898086295614,Random Forest
text__privacy,0.00014009185320997688,Random Forest
text__we have,0.00014006695985238288,Random Forest
text__lives,0.00013998942381873348,Random Forest
text__public,0.0001399460113561892,Random Forest
text__achieve,0.0001399133041418878,Random Forest
text__the next,0.00013978089581729891,Random Forest
text__rather,0.00013974840587749958,Random Forest
text__go,0.00013963300818473605,Random Forest
text__questions and,0.00013959761890334124,Random Forest
text__outputs,0.000139534554462397,Random Forest
text__organizational,0.00013945477749799408,Random Forest
text__enterprise,0.0001394502340190604,Random Forest
text__offered,0.0001394074107288308,Random Forest
text__consistency,0.00013931855184254286,Random Forest
text__finance,0.00013928016993154134,Random Forest
text__the team,0.00013925800212332193,Random Forest
text__that is,0.0001391470906688205,Random Forest
text__and platform,0.00013904677959150063,Random Forest
text__professional development,0.0001389219012026907,Random Forest
text__is remote,0.00013883499918845467,Random Forest
text__the position,0.00013878286987242718,Random Forest
text__establish,0.00013869814200965987,Random Forest
text__ideas,0.00013866563533261567,Random Forest
text__automation,0.0001385838362922982,Random Forest
text__experience required,0.00013857444564211542,Random Forest
text__ll be,0.00013854321534172525,Random Forest
text__should,0.00013853150703981628,Random Forest
text__working with,0.00013841299726527243,Random Forest
text__that will,0.00013840860583681276,Random Forest
text__government,0.00013838058877962695,Random Forest
text__leaves,0.00013837569460948748,Random Forest
text__as assigned,0.00013824786897117391,Random Forest
text__and you,0.00013817401566414988,Random Forest
text__engineer,0.00013814811930284307,Random Forest
text__and support,0.00013797046031080164,Random Forest
text__closing,0.00013794792350845704,Random Forest
text__remote first,0.00013791240563051915,Random Forest
text__user,0.0001378341845795831,Random Forest
text__and local,0.00013775285949732706,Random Forest
text__brand,0.00013773867476678302,Random Forest
text__used,0.0001374702347544714,Random Forest
text__variety,0.00013734955914812961,Random Forest
text__health and,0.000137341888956984,Random Forest
text__this job,0.00013728642030366595,Random Forest
text__by the,0.00013722188206912798,Random Forest
text__employees are,0.00013720002690686495,Random Forest
text__considered for,0.00013711712599072861,Random Forest
text__information please,0.00013706372588954355,Random Forest
text__artificial,0.00013702084618800051,Random Forest
text__consulting,0.0001370062186221967,Random Forest
text__process takes,0.00013700448939053244,Random Forest
text__founded,0.00013696708330070048,Random Forest
text__more about,0.00013695669850862633,Random Forest
text__been,0.00013694481132910458,Random Forest
text__advancement,0.00013689272769718634,Random Forest
text__execute,0.0001362158801349362,Random Forest
text__15,0.00013620781719441414,Random Forest
text__subject,0.00013615482892760715,Random Forest
text__point,0.00013588874270555848,Random Forest
text__will do,0.00013585157702971756,Random Forest
text__enjoy,0.00013580628619314786,Random Forest
text__until,0.00013553277105502192,Random Forest
text__languages,0.00013534879790746144,Random Forest
text__europe,0.0001350315931871761,Random Forest
text__addition to,0.00013484790338357477,Random Forest
text__project management,0.00013484125908796578,Random Forest
text__duties,0.00013468499340660677,Random Forest
text__work and,0.00013465661255255553,Random Forest
text__believe in,0.00013464455642669195,Random Forest
text__order,0.0001345971915119278,Random Forest
text__to meet,0.00013454484216478724,Random Forest
text__eligibility,0.0001344409010836961,Random Forest
text__manner,0.00013430754202887658,Random Forest
text__associate,0.0001342752598141302,Random Forest
text__job duties,0.00013427150733054497,Random Forest
text__support the,0.0001341497775299014,Random Forest
text__the business,0.00013408556326293062,Random Forest
text__reasonable accommodation,0.0001340690976009997,Random Forest
text__bv,0.0001339724037382283,Random Forest
text__infrastructure,0.0001339067684600743,Random Forest
text__responsibility,0.0001338815494843142,Random Forest
text__request,0.00013376531103297096,Random Forest
text__are not,0.00013360110946725748,Random Forest
text__to deliver,0.00013353865446534102,Random Forest
text__skills with,0.0001334569981711017,Random Forest
text__to shape,0.0001334439476878962,Random Forest
text__generate,0.0001332791032253031,Random Forest
text__budget,0.0001331976492881197,Random Forest
text__not discriminate,0.0001331815732491328,Random Forest
text__larry,0.00013316903286487552,Random Forest
text__and related,0.00013312133597309035,Random Forest
text__end to,0.0001328767627505096,Random Forest
text__diversity,0.0001328238434204481,Random Forest
text__place,0.00013278901253837886,Random Forest
text__operating,0.00013266704972662673,Random Forest
text__transition,0.0001325545186062464,Random Forest
text__generated,0.00013252459143722964,Random Forest
text__payment,0.00013243488594267064,Random Forest
text__work at,0.0001323550474429106,Random Forest
text__quickly,0.00013223226640378172,Random Forest
text__believe that,0.0001322041120081781,Random Forest
text__ongoing,0.00013213205370336803,Random Forest
text__discipline,0.00013204587199414455,Random Forest
text__education and,0.0001320007338366008,Random Forest
text__doing,0.00013183153586649043,Random Forest
text__thinking,0.00013174829850771434,Random Forest
text__risks,0.00013165410724184747,Random Forest
text__saas,0.00013151584664804024,Random Forest
text__development and,0.0001312739188108959,Random Forest
text__director,0.00013123573286788105,Random Forest
text__fun,0.00013116980177768533,Random Forest
text__write,0.00013102846252915988,Random Forest
text__scalable,0.00013100801067216842,Random Forest
text__day to,0.00013094779287306938,Random Forest
text__may vary,0.00013092418913788104,Random Forest
text__consistently,0.00013065580273593014,Random Forest
text__subject matter,0.00013065150301740612,Random Forest
text__strong analytical,0.00013058386660994166,Random Forest
text__target,0.000130558414019772,Random Forest
text__rates,0.00013052085970948065,Random Forest
text__point of,0.0001299927257144133,Random Forest
text__where everyone,0.00012987900437373397,Random Forest
text__of their,0.00012970784900891532,Random Forest
text__was,0.00012970479488287156,Random Forest
text__and technology,0.00012968171753241405,Random Forest
text__always,0.00012958148921138067,Random Forest
text__educational,0.00012951651034525785,Random Forest
text__journey,0.0001293810567514723,Random Forest
text__as part,0.00012937828707011644,Random Forest
text__above,0.00012920244649122848,Random Forest
text__located,0.00012898217331279714,Random Forest
text__specialist remote,0.0001289153332636542,Random Forest
text__retention,0.00012887140926606775,Random Forest
text__changes,0.00012863009643376778,Random Forest
text__balance,0.00012856035065559896,Random Forest
text__with an,0.00012843519760553308,Random Forest
text__regional,0.00012836596063809698,Random Forest
text__interactions,0.00012824208420539448,Random Forest
text__coordinator,0.0001281193939627668,Random Forest
text__sales development,0.00012798397956762731,Random Forest
text__things,0.000127778455494899,Random Forest
text__group,0.00012772542821351112,Random Forest
text__ideal candidate,0.00012764047583102526,Random Forest
text__internet connection,0.0001274794219258475,Random Forest
text__improvements,0.00012736124649491296,Random Forest
text__users,0.0001270736584164194,Random Forest
text__domain,0.0001270390119478965,Random Forest
text__consulting and,0.0001269657934559303,Random Forest
text__report,0.00012686478338369263,Random Forest
text__those who,0.00012683418405014582,Random Forest
text__back,0.0001267753998145201,Random Forest
text__make difference,0.00012675258653278075,Random Forest
text__the interview,0.00012672270531894193,Random Forest
text__offering,0.00012664425292141743,Random Forest
text__scheduled,0.00012657983110604795,Random Forest
text__necessary,0.00012644973074966095,Random Forest
text__you bring,0.0001262928309053494,Random Forest
text__performs,0.00012623948717876228,Random Forest
text__mins to,0.0001261614376009372,Random Forest
text__security,0.00012595246140295564,Random Forest
text__according,0.00012587048229210568,Random Forest
text__procedures,0.00012575208648214225,Random Forest
text__and make,0.0001256819750908061,Random Forest
text__team reviews,0.00012546538455754052,Random Forest
text__updates,0.00012537343943774012,Random Forest
text__pm,0.0001252529703684444,Random Forest
text__and professional,0.00012521869909886383,Random Forest
text__alignment,0.0001250568246553565,Random Forest
text__how you,0.0001249823641736001,Random Forest
text__variety of,0.0001249210358126574,Random Forest
text__scaling,0.00012491232290125055,Random Forest
text__python,0.00012475188204433803,Random Forest
text__interaction,0.00012468525677989311,Random Forest
text__structure,0.00012433524718835222,Random Forest
text__our mission,0.00012431187578569957,Random Forest
text__basic,0.00012421096883958062,Random Forest
text__our company,0.0001239564541014547,Random Forest
text__helps,0.00012372177246198314,Random Forest
text__succeed,0.0001236995228468642,Random Forest
text__provided,0.0001235401069449917,Random Forest
text__prospect,0.00012346856218655228,Random Forest
text__shift,0.00012341519260544712,Random Forest
text__days,0.0001231790446689439,Random Forest
text__real world,0.00012295062102669752,Random Forest
text__training and,0.0001228603207072807,Random Forest
text__be responsible,0.0001227756153380966,Random Forest
text__strengthen,0.00012275750809221566,Random Forest
text__identity national,0.00012273997757854583,Random Forest
text__in business,0.00012271423786226998,Random Forest
text__growth opportunities,0.00012258624414337204,Random Forest
text__tech,0.0001225112455177053,Random Forest
text__word,0.0001224962279007782,Random Forest
text__in accordance,0.00012248632355354717,Random Forest
text__accountability,0.00012230966678662873,Random Forest
text__will receive,0.0001222799773110355,Random Forest
text__relevant experience,0.00012216417627065683,Random Forest
text__and be,0.00012184370207848775,Random Forest
text__functions,0.00012183313370526536,Random Forest
text__unable,0.00012181601893905124,Random Forest
text__and follow,0.00012179931050696338,Random Forest
text__and communication,0.00012178881373264905,Random Forest
text__feedback and,0.00012174744670249612,Random Forest
text__characteristic,0.00012147674085361641,Random Forest
text__ai and,0.00012142762394213117,Random Forest
categorical__experience_level_primary_Senior,0.00012142711720947094,Random Forest
text__writing,0.00012142516822932687,Random Forest
text__when you,0.00012137652942138333,Random Forest
text__utilize,0.00012120652501056137,Random Forest
text__satisfaction,0.00012118469133922056,Random Forest
text__processes and,0.00012109704937866927,Random Forest
text__quality standards,0.00012104055254388892,Random Forest
text__improving,0.0001207712348337607,Random Forest
text__diploma,0.0001207527246320661,Random Forest
text__with disabilities,0.00012073311530155168,Random Forest
text__is proud,0.00012071962760401366,Random Forest
text__consideration for,0.00012070878140032292,Random Forest
text__solutions for,0.00012062113006109889,Random Forest
text__around the,0.00012056534600530982,Random Forest
text__analyst,0.00012052867315923511,Random Forest
text__country,0.00012042885791032009,Random Forest
text__citizenship,0.00012041107272899562,Random Forest
text__employer and,0.00012039912255055936,Random Forest
text__areas,0.00012028055123153021,Random Forest
text__efforts,0.00012026996152070588,Random Forest
text__analytics,0.00012019845856790524,Random Forest
text__to travel,0.00012011159002859463,Random Forest
text__never,0.00012005121919772039,Random Forest
text__handling,0.00011987803397942335,Random Forest
text__app,0.00011983185993492534,Random Forest
text__accordance,0.00011980115420448955,Random Forest
text__are encouraged,0.00011977115535943304,Random Forest
text__race religion,0.00011976687427245732,Random Forest
text__opportunity originally,0.00011966819090655861,Random Forest
text__proven track,0.00011966565652393813,Random Forest
text__the ideal,0.00011957753967185794,Random Forest
text__at scale,0.00011953775225907473,Random Forest
text__labs,0.00011944605779519115,Random Forest
text__accuracy and,0.0001194220483071356,Random Forest
text__dedicated to,0.00011934910239706172,Random Forest
text__ownership of,0.00011929292682417726,Random Forest
text__art,0.00011907697736284134,Random Forest
text__business development,0.00011907040965350914,Random Forest
text__as well,0.00011892157827098499,Random Forest
text__executives,0.00011887011491986986,Random Forest
text__help you,0.00011886623362150789,Random Forest
text__foundation,0.00011881386807344008,Random Forest
text__continuous,0.00011881363630624575,Random Forest
text__scale,0.00011872896096247622,Random Forest
text__generous,0.00011855583874716187,Random Forest
text__independently and,0.00011853960738250124,Random Forest
text__characteristic protected,0.00011853936102068912,Random Forest
text__authorized,0.00011853151496266787,Random Forest
text__job description,0.00011852709545487526,Random Forest
text__pipeline,0.00011852248612623427,Random Forest
text__why join,0.00011851841289956963,Random Forest
text__determine,0.00011848369953210406,Random Forest
text__as an,0.00011844842415562137,Random Forest
text__company match,0.00011817308716090367,Random Forest
text__your application,0.00011812378066313324,Random Forest
text__player,0.00011802514976835226,Random Forest
text__and problem,0.00011799990132072805,Random Forest
text__microsoft office,0.00011796267489155049,Random Forest
text__and ability,0.00011785658612797248,Random Forest
text__electronic,0.00011771035067264054,Random Forest
text__performance and,0.00011751833402028708,Random Forest
text__path,0.00011742970789127648,Random Forest
text__well as,0.00011726895978538836,Random Forest
text__friday,0.00011726056931150768,Random Forest
text__coordinate,0.00011725852528032638,Random Forest
text__before,0.00011715868536846439,Random Forest
text__we work,0.00011698995260515252,Random Forest
text__interest in,0.00011691850787423528,Random Forest
text__tuition,0.00011661937632563883,Random Forest
text__team members,0.00011655686716458372,Random Forest
text__channels,0.00011654814267614719,Random Forest
text__during the,0.0001165286597115679,Random Forest
text__that are,0.00011638532315049362,Random Forest
text__for more,0.00011631054645334478,Random Forest
text__diversity and,0.00011615878112968156,Random Forest
text__staff,0.00011565374668173157,Random Forest
text__research labs,0.00011559365859034073,Random Forest
text__follow up,0.00011558742702303767,Random Forest
text__our client,0.00011553219293900595,Random Forest
text__role responsibilities,0.00011546390304274956,Random Forest
text__solution,0.0001153996518283565,Random Forest
text__tracking,0.00011537083965369696,Random Forest
text__action,0.00011530234776245191,Random Forest
text__frameworks,0.00011529064144435823,Random Forest
text__to provide,0.00011524576532127326,Random Forest
text__fluency in,0.00011519775929133846,Random Forest
text__innovative,0.0001151576594884027,Random Forest
text__location and,0.00011505603794101532,Random Forest
text__meeting,0.00011493386558671208,Random Forest
text__train,0.00011473193039441961,Random Forest
text__policies and,0.00011450411157112404,Random Forest
text__you need,0.00011446625401890495,Random Forest
text__assessment,0.00011435126414184211,Random Forest
text__experience is,0.00011421622120781775,Random Forest
text__how we,0.00011416116085216405,Random Forest
text__own the,0.00011407801413252897,Random Forest
text__of ai,0.00011362281457196801,Random Forest
text__true,0.00011332155596417969,Random Forest
text__after,0.00011307487237987993,Random Forest
text__do not,0.00011301452092907014,Random Forest
text__to do,0.00011289224901805092,Random Forest
text__record of,0.00011276145850721894,Random Forest
text__mission is,0.0001127310076964569,Random Forest
text__comfort,0.00011269327997630793,Random Forest
text__welcome,0.00011268021620323363,Random Forest
text__and internal,0.00011261800304557953,Random Forest
text__perks,0.00011261427491966601,Random Forest
text__find,0.00011249508856207022,Random Forest
text__and operational,0.00011245386752079374,Random Forest
text__ai research,0.00011237396116806626,Random Forest
text__tier,0.0001123345069105975,Random Forest
text__scope,0.00011219679471731636,Random Forest
text__analytical and,0.0001121953109335974,Random Forest
text__and enterprise,0.0001120590380406399,Random Forest
text__type contract,0.00011205113635706725,Random Forest
text__company with,0.00011205026489437666,Random Forest
text__outbound,0.00011204929232367077,Random Forest
text__it is,0.00011198083573412983,Random Forest
text__of any,0.00011197407399774619,Random Forest
text__bonuses,0.00011188914812762846,Random Forest
text__strategy and,0.00011188247701789481,Random Forest
text__other protected,0.00011180092639847816,Random Forest
text__timelines,0.00011171522034184096,Random Forest
text__performing,0.0001117134449060865,Random Forest
text__monitoring,0.00011170685118089853,Random Forest
text__qa,0.00011162151933275228,Random Forest
text__discovery,0.00011153986226672477,Random Forest
text__is required,0.00011153913320491912,Random Forest
text__is not,0.00011150585186459193,Random Forest
text__people and,0.00011147138267636842,Random Forest
text__agency,0.00011141543574336864,Random Forest
text__instructions,0.00011119170718278449,Random Forest
text__and drive,0.0001111012005483527,Random Forest
text__the following,0.00011108900310805085,Random Forest
text__defined,0.00011106683865102109,Random Forest
text__highest,0.00011089780778369747,Random Forest
text__are committed,0.00011065365267575456,Random Forest
text__established,0.00011065006149855235,Random Forest
text__and inclusive,0.00011050288081007147,Random Forest
text__development of,0.00011032108478261322,Random Forest
text__scientific,0.00011027612756366071,Random Forest
text__details about,0.00011026745170607759,Random Forest
text__and external,0.00011014913139029835,Random Forest
text__options,0.00011004539330140544,Random Forest
text__result,0.00011002522301274064,Random Forest
text__overall,0.00011001845665145023,Random Forest
text__wellbeing,0.0001098618417917242,Random Forest
text__sure,0.00010982667216299053,Random Forest
text__acquisition,0.0001097633177469867,Random Forest
text__team of,0.00010965141246536714,Random Forest
text__genetic information,0.00010964833601600265,Random Forest
text__conversation,0.00010959751961792425,Random Forest
text__in an,0.00010957247727028379,Random Forest
text__aligned,0.0001095625480739217,Random Forest
text__to market,0.0001095199636499815,Random Forest
text__70,0.00010947930668167067,Random Forest
text__keep,0.0001094437138461726,Random Forest
text__emerging,0.00010936144400776668,Random Forest
text__give,0.0001090489508283361,Random Forest
text__verbal communication,0.00010897449206257362,Random Forest
text__resolution,0.00010896401156250214,Random Forest
text__does not,0.00010896293096341293,Random Forest
text__role will,0.00010894029517300642,Random Forest
text__catalyst,0.00010891391420774147,Random Forest
text__team that,0.00010887556587569261,Random Forest
text__direction,0.00010884824208171597,Random Forest
text__modeling,0.00010868446664400948,Random Forest
text__organization and,0.00010865801768689671,Random Forest
text__exciting,0.0001085519716335622,Random Forest
text__to day,0.00010854094901614891,Random Forest
text__changing,0.00010851805613155717,Random Forest
text__deliverables,0.00010850570781346378,Random Forest
text__mercor,0.00010849602130612604,Random Forest
text__profile,0.00010849137018027699,Random Forest
text__today,0.00010839545854442909,Random Forest
text__red,0.00010829961103747814,Random Forest
text__party,0.00010825789939940103,Random Forest
text__requires,0.00010821664142771815,Random Forest
text__firm,0.00010818093585414658,Random Forest
text__benefits and,0.00010807640862069559,Random Forest
text__whether,0.0001079487720538644,Random Forest
text__all employees,0.00010787296057664817,Random Forest
text__culture and,0.00010779327730338174,Random Forest
text__increase,0.00010772186324964475,Random Forest
text__organized,0.00010768373511526259,Random Forest
text__and deliver,0.00010758701614929402,Random Forest
text__post,0.00010757506957308034,Random Forest
text__specialty,0.0001075651708252498,Random Forest
text__ideally,0.00010748834731402532,Random Forest
text__team to,0.00010735477065743129,Random Forest
text__needs and,0.0001070555066080626,Random Forest
text__starting,0.00010702908367611197,Random Forest
text__submitted,0.00010701843725138028,Random Forest
text__40,0.00010698444390618335,Random Forest
categorical__experience_level_primary_Mid-Level,0.00010694074966918196,Random Forest
text__activity,0.0001069186098749859,Random Forest
text__will have,0.00010683634988275713,Random Forest
text__thrives,0.0001067901155327362,Random Forest
text__data science,0.00010676088901615357,Random Forest
text__to drive,0.00010665091037888456,Random Forest
text__job summary,0.00010661092827923569,Random Forest
text__are proud,0.00010656783959211702,Random Forest
text__the first,0.0001065400783663589,Random Forest
text__reviews applications,0.00010643911152440996,Random Forest
text__could,0.00010633549534104824,Random Forest
text__readiness,0.00010631469078806234,Random Forest
text__90,0.00010628010332146303,Random Forest
text__valued,0.00010627085241442585,Random Forest
text__over the,0.00010614973441370385,Random Forest
text__and create,0.00010611909088944855,Random Forest
text__other duties,0.00010609197134610003,Random Forest
text__resource,0.00010607988233143532,Random Forest
text__to date,0.00010602154897474853,Random Forest
text__prior experience,0.00010601168565763023,Random Forest
text__based in,0.000105954406582348,Random Forest
text__job title,0.00010595328270633347,Random Forest
text__remote role,0.00010588236590398712,Random Forest
text__as we,0.00010575719887066945,Random Forest
text__working hours,0.00010558442996497019,Random Forest
text__licensed,0.00010556146791782424,Random Forest
text__love to,0.00010553905229290233,Random Forest
text__solving skills,0.00010547935117507196,Random Forest
text__weekly,0.00010547780808239681,Random Forest
text__confidence,0.00010540795148470064,Random Forest
text__of customer,0.00010538298926712554,Random Forest
text__materials,0.00010515989829482104,Random Forest
text__informed,0.00010514864412159953,Random Forest
text__who is,0.00010495783530157311,Random Forest
text__out of,0.0001047991702549194,Random Forest
text__truly,0.00010471762973091319,Random Forest
text__promote,0.00010450583443458208,Random Forest
text__and marketing,0.00010431597227156832,Random Forest
text__and will,0.00010429322539184581,Random Forest
text__wellness,0.00010416269545133131,Random Forest
text__linkedin,0.00010407729036618971,Random Forest
text__cost,0.00010397787524012809,Random Forest
text__rewards,0.00010389163864268669,Random Forest
text__engaging,0.00010377196648167981,Random Forest
text__three,0.00010375426703514761,Random Forest
text__financial services,0.00010358931476293246,Random Forest
text__payments,0.00010354114890380528,Random Forest
text__upon,0.00010349716728297105,Random Forest
text__manage multiple,0.00010340574781996969,Random Forest
text__abilities,0.00010331532610634461,Random Forest
text__foster,0.00010330729410823862,Random Forest
text__le,0.00010329520018320167,Random Forest
text__vacation,0.00010320784710878377,Random Forest
text__very,0.00010312292889503623,Random Forest
text__legally,0.00010305988345829669,Random Forest
text__termination,0.00010302489466272056,Random Forest
text__issues and,0.00010291089667235879,Random Forest
text__college,0.0001028918341994306,Random Forest
text__learn and,0.0001028278749710668,Random Forest
text__globe,0.00010280579853119617,Random Forest
text__we love,0.00010278519042777427,Random Forest
text__proud to,0.00010272713488316462,Random Forest
text__to and,0.00010271851188102199,Random Forest
text__applying,0.00010270101495640678,Random Forest
text__and inclusion,0.00010261205443589604,Random Forest
text__are an,0.00010244615259011108,Random Forest
text__define,0.00010234665750282582,Random Forest
text__com,0.00010234029703980025,Random Forest
text__mind,0.00010229462256993506,Random Forest
text__sales sales,0.00010225047276255806,Random Forest
text__investors,0.00010223578564247405,Random Forest
text__veterans,0.00010214578551646958,Random Forest
text__the platform,0.00010208504889663114,Random Forest
text__demonstrated experience,0.00010205486516623294,Random Forest
text__web,0.00010203309627241198,Random Forest
text__decision making,0.00010199979154750308,Random Forest
text__more than,0.00010193772416074211,Random Forest
text__source,0.00010177978226383081,Random Forest
text__creation,0.0001016679666236782,Random Forest
text__the most,0.00010155959344504138,Random Forest
text__efficiency and,0.00010153581982993165,Random Forest
text__goals and,0.00010151150426343865,Random Forest
text__jack dorsey,0.00010151016543285784,Random Forest
text__inbound,0.00010149583518679798,Random Forest
text__independent,0.00010148990623963255,Random Forest
text__business hours,0.00010138559306885864,Random Forest
text__partnership,0.0001013703898579123,Random Forest
text__environment with,0.0001013041594458778,Random Forest
text__sales and,0.00010123419591883762,Random Forest
text__disability status,0.00010108057270280306,Random Forest
text__work experience,0.00010085057852311095,Random Forest
text__looks like,0.00010084628824576333,Random Forest
text__candidate will,0.00010083654207523314,Random Forest
text__not required,0.00010063429351440584,Random Forest
text__proactively,0.00010062894692236066,Random Forest
text__be required,0.00010060670445599661,Random Forest
text__unique,0.0001004967058111587,Random Forest
text__reports to,0.0001003498599603391,Random Forest
text__outreach,0.00010031608757159529,Random Forest
text__use of,0.00010027004223002121,Random Forest
text__origin disability,0.00010025431803734098,Random Forest
text__experience supporting,0.00010023905310585256,Random Forest
text__assist with,0.00010020420524301031,Random Forest
text__including the,0.00010009797320645396,Random Forest
text__visa,0.00010008745050166588,Random Forest
text__continuous learning,0.00010004031900712917,Random Forest
text__option,0.00010000871523777895,Random Forest
text__written communication,9.998930883437411e-05,Random Forest
text__analysis and,9.993696192229834e-05,Random Forest
text__markets,9.990293454939912e-05,Random Forest
text__emotional,9.989033435623394e-05,Random Forest
text__or the,9.982604118739753e-05,Random Forest
text__adherence,9.979525226436389e-05,Random Forest
text__respected,9.975230587882038e-05,Random Forest
text__of how,9.974186387309112e-05,Random Forest
text__implement,9.973208227098581e-05,Random Forest
text__significant,9.9550412931417e-05,Random Forest
text__with customers,9.94909131835509e-05,Random Forest
text__for details,9.942509190525038e-05,Random Forest
text__business operations,9.936728389379587e-05,Random Forest
text__experiences and,9.927352118727618e-05,Random Forest
text__lead the,9.92548434216718e-05,Random Forest
text__tools and,9.925412350818282e-05,Random Forest
text__perspectives,9.925347742559112e-05,Random Forest
text__people to,9.915378277914191e-05,Random Forest
text__confirm,9.904944212678406e-05,Random Forest
text__colleagues,9.895694356843277e-05,Random Forest
text__meaningful,9.890238049113695e-05,Random Forest
text__purpose,9.876964050809807e-05,Random Forest
text__recruiter,9.87503768385789e-05,Random Forest
text__control,9.853059784915108e-05,Random Forest
text__contributing,9.850432084033797e-05,Random Forest
text__careers,9.849980282430288e-05,Random Forest
text__professionalism,9.849810038482996e-05,Random Forest
text__step,9.839127121717104e-05,Random Forest
text__functional teams,9.824750195905066e-05,Random Forest
text__and have,9.81648654162955e-05,Random Forest
text__advantage,9.816456402872835e-05,Random Forest
text__is plus,9.813367888621872e-05,Random Forest
text__excellent written,9.767984795806821e-05,Random Forest
text__internal teams,9.764792869382385e-05,Random Forest
text__reviews and,9.760847632658561e-05,Random Forest
text__approved,9.755240774077439e-05,Random Forest
text__refine,9.75488938689904e-05,Random Forest
text__francisco our,9.753422750183755e-05,Random Forest
text__we want,9.748761486611895e-05,Random Forest
text__strive,9.747315679986424e-05,Random Forest
text__apply now,9.746295779196096e-05,Random Forest
text__suite,9.733995198097761e-05,Random Forest
text__accounting,9.730189225162714e-05,Random Forest
text__act as,9.727997382186446e-05,Random Forest
text__ai native,9.727170119371047e-05,Random Forest
text__website,9.714820939247887e-05,Random Forest
text__role we,9.701368330247598e-05,Random Forest
text__100 remote,9.70045583753965e-05,Random Forest
text__stock,9.684819794770972e-05,Random Forest
text__projects and,9.669917943087615e-05,Random Forest
text__responses,9.661269841912949e-05,Random Forest
text__and strategic,9.65924418711193e-05,Random Forest
text__maintain accurate,9.651878393139506e-05,Random Forest
text__resolve,9.637933993432368e-05,Random Forest
text__and implement,9.635201286149331e-05,Random Forest
text__is preferred,9.61342396701629e-05,Random Forest
text__powered,9.610719648294544e-05,Random Forest
text__labs headquartered,9.605641956573475e-05,Random Forest
text__000 00,9.605404189256652e-05,Random Forest
text__ground,9.597535510473872e-05,Random Forest
text__spoken,9.580575742945341e-05,Random Forest
text__mental health,9.578411520559988e-05,Random Forest
text__state and,9.567745045807347e-05,Random Forest
text__solutions to,9.560100872694879e-05,Random Forest
text__transparency,9.557884664064127e-05,Random Forest
text__single,9.54963438109356e-05,Random Forest
text__completion,9.547367641807854e-05,Random Forest
text__and develop,9.54333607788992e-05,Random Forest
text__expect,9.54202186863373e-05,Random Forest
text__audit,9.538285852595023e-05,Random Forest
text__join us,9.538073976145557e-05,Random Forest
text__efficient,9.530738093303028e-05,Random Forest
text__analytical skills,9.522779450969545e-05,Random Forest
text__groups,9.515856982444323e-05,Random Forest
text__basis of,9.514459849486953e-05,Random Forest
text__and high,9.497246444279427e-05,Random Forest
text__accept,9.494476696460388e-05,Random Forest
text__comfortable working,9.481863087906832e-05,Random Forest
text__america,9.472459632068311e-05,Random Forest
text__events,9.47113986065284e-05,Random Forest
text__regulatory,9.470082927103747e-05,Random Forest
text__practical,9.46592726595626e-05,Random Forest
text__nursing,9.457066591579406e-05,Random Forest
text__we help,9.451920736424209e-05,Random Forest
text__administrative,9.448925682103754e-05,Random Forest
text__drug,9.431249197382024e-05,Random Forest
text__integration,9.43092906519376e-05,Random Forest
text__understand and,9.426881216788552e-05,Random Forest
text__vary based,9.42451312162666e-05,Random Forest
text__requiring,9.420321336455646e-05,Random Forest
text__qualifications bachelor,9.413168844457938e-05,Random Forest
text__relationship,9.406641043026741e-05,Random Forest
text__nature,9.406213011058438e-05,Random Forest
text__support for,9.389998638534344e-05,Random Forest
text__some of,9.386920550703037e-05,Random Forest
text__adoption,9.384119592184286e-05,Random Forest
text__beyond,9.379695976193636e-05,Random Forest
text__that you,9.379178270649122e-05,Random Forest
text__for someone,9.358763402626294e-05,Random Forest
text__fostering,9.352722207138812e-05,Random Forest
text__role the,9.348280355490524e-05,Random Forest
text__supports,9.346983207326367e-05,Random Forest
text__strong communication,9.3384505096709e-05,Random Forest
text__launch,9.330573327566487e-05,Random Forest
text__candidates must,9.328507719398326e-05,Random Forest
text__manager to,9.320213985932447e-05,Random Forest
text__sessions,9.315420036148829e-05,Random Forest
text__cro,9.314004162339537e-05,Random Forest
text__space,9.30830336321432e-05,Random Forest
text__and contribute,9.303000543345174e-05,Random Forest
text__and provide,9.301275801025443e-05,Random Forest
text__assurance,9.292673721342565e-05,Random Forest
text__move,9.28449160543259e-05,Random Forest
text__proven ability,9.28074599479363e-05,Random Forest
text__expected,9.27712179175364e-05,Random Forest
text__previous,9.274568042270605e-05,Random Forest
text__accurately,9.266499881860342e-05,Random Forest
text__metrics,9.262964626515085e-05,Random Forest
text__passionate about,9.252638138244003e-05,Random Forest
text__and our,9.24690916259121e-05,Random Forest
text__and their,9.244450860692879e-05,Random Forest
text__18,9.240156435740696e-05,Random Forest
text__continue,9.233139674666138e-05,Random Forest
text__the full,9.23286475303093e-05,Random Forest
text__due,9.229056420507074e-05,Random Forest
text__and responsibilities,9.222098690574652e-05,Random Forest
text__director of,9.219770230450753e-05,Random Forest
text__clearly,9.214577502675544e-05,Random Forest
text__we provide,9.211896774407777e-05,Random Forest
text__degree or,9.208804961288592e-05,Random Forest
text__points,9.205137948380526e-05,Random Forest
text__working knowledge,9.205137426638303e-05,Random Forest
text__optimization,9.203751086426846e-05,Random Forest
text__we encourage,9.203191094549201e-05,Random Forest
text__re building,9.201389779391801e-05,Random Forest
text__we can,9.186115000566342e-05,Random Forest
text__pregnancy,9.18474302521591e-05,Random Forest
text__matters,9.178848074777308e-05,Random Forest
text__shaping,9.16848441886775e-05,Random Forest
text__clients and,9.146949736556995e-05,Random Forest
text__commission,9.14584118992868e-05,Random Forest
text__automated,9.143270869995553e-05,Random Forest
text__gaps,9.139792582514872e-05,Random Forest
text__open to,9.138938605927715e-05,Random Forest
text__services and,9.131486832292645e-05,Random Forest
text__to perform,9.12449437244978e-05,Random Forest
text__ai interview,9.121780900142453e-05,Random Forest
text__us at,9.099705693231686e-05,Random Forest
text__and ai,9.088153175284401e-05,Random Forest
text__are unable,9.085820707178977e-05,Random Forest
text__with ai,9.079425688507594e-05,Random Forest
text__come,9.075539169789888e-05,Random Forest
text__matter,9.073973483725073e-05,Random Forest
text__providers,9.07130350006239e-05,Random Forest
text__oversee,9.057118879144864e-05,Random Forest
text__determined by,9.052573469819129e-05,Random Forest
text__minimum years,9.048785295358828e-05,Random Forest
text__please contact,9.042190797786886e-05,Random Forest
text__duties as,9.042139986495515e-05,Random Forest
text__your career,9.021071488906486e-05,Random Forest
text__our people,9.014033990987661e-05,Random Forest
text__complete your,9.012792282925863e-05,Random Forest
text__to bring,9.012432026771138e-05,Random Forest
text__200,9.00714144041682e-05,Random Forest
text__knowledge skills,9.005150904824572e-05,Random Forest
text__met,9.000906611563438e-05,Random Forest
text__transformation,8.975511842175794e-05,Random Forest
text__and how,8.973223391580132e-05,Random Forest
text__corporate,8.963877006794616e-05,Random Forest
text__rapidly,8.963818148797218e-05,Random Forest
text__be the,8.954704301046176e-05,Random Forest
text__we will,8.951314748963397e-05,Random Forest
text__and improve,8.949029876149325e-05,Random Forest
text__willingness,8.943678383638579e-05,Random Forest
text__to providing,8.942300211931968e-05,Random Forest
text__regulations,8.942263029706377e-05,Random Forest
text__minimum of,8.934111014762347e-05,Random Forest
text__innovation and,8.924215092749111e-05,Random Forest
text__and to,8.924202776032306e-05,Random Forest
text__teams and,8.912756219540613e-05,Random Forest
text__protect,8.91206565827895e-05,Random Forest
text__and growth,8.906425695178256e-05,Random Forest
text__insurance and,8.905192613091152e-05,Random Forest
text__skills strong,8.902842140272806e-05,Random Forest
text__automation and,8.899109717220654e-05,Random Forest
text__view,8.895040183320394e-05,Random Forest
text__typically,8.885553460348271e-05,Random Forest
text__property,8.882878501576964e-05,Random Forest
text__your skills,8.882506576378072e-05,Random Forest
text__institutional,8.8753452365772e-05,Random Forest
text__experience skills,8.87410799503499e-05,Random Forest
text__don,8.871770509751032e-05,Random Forest
text__powerpoint,8.858945852770516e-05,Random Forest
text__ecosystem,8.856736734468249e-05,Random Forest
text__capable,8.854728943298002e-05,Random Forest
text__ambitious,8.850605659273839e-05,Random Forest
text__challenge,8.84764610535594e-05,Random Forest
text__flexible work,8.823124209333188e-05,Random Forest
text__experience building,8.82029356538657e-05,Random Forest
text__there,8.81859042061028e-05,Random Forest
text__shape the,8.816820119551656e-05,Random Forest
text__since,8.815293081869509e-05,Random Forest
text__period,8.79314474224698e-05,Random Forest
text__curiosity,8.783117864132449e-05,Random Forest
text__bar,8.779336228774634e-05,Random Forest
text__google,8.779309528842207e-05,Random Forest
text__notes,8.778948342235179e-05,Random Forest
text__francisco,8.771516300574735e-05,Random Forest
text__at any,8.769497807224646e-05,Random Forest
text__high level,8.766395921883371e-05,Random Forest
text__knowledge and,8.76454672887223e-05,Random Forest
text__with applicable,8.760275482710737e-05,Random Forest
text__empower,8.756632562134168e-05,Random Forest
text__benefit,8.754081112051081e-05,Random Forest
text__managers,8.74976653882921e-05,Random Forest
text__and resolve,8.74919654673435e-05,Random Forest
text__license,8.74218290438597e-05,Random Forest
text__and safety,8.727008970194318e-05,Random Forest
text__specialist ai,8.722810032096127e-05,Random Forest
text__celebrate,8.721865650180957e-05,Random Forest
text__modern,8.716618442957868e-05,Random Forest
text__listening,8.704917741710634e-05,Random Forest
text__engineers,8.703981374855216e-05,Random Forest
text__patients and,8.703813348088845e-05,Random Forest
text__them to,8.701534495240234e-05,Random Forest
text__willingness to,8.687569515768938e-05,Random Forest
text__startup,8.679241296332397e-05,Random Forest
text__update,8.673602745264292e-05,Random Forest
text__well being,8.667871311086627e-05,Random Forest
text__dorsey position,8.665391302537824e-05,Random Forest
text__accordance with,8.66211122830966e-05,Random Forest
text__invest,8.656854080857106e-05,Random Forest
text__and long,8.652315890734885e-05,Random Forest
text__award,8.651621525760353e-05,Random Forest
text__domains,8.64222361382007e-05,Random Forest
text__typical,8.628748594344286e-05,Random Forest
text__level of,8.622100078092117e-05,Random Forest
text__sales representative,8.613187111714897e-05,Random Forest
text__confident,8.601949417951678e-05,Random Forest
text__that values,8.589465024062847e-05,Random Forest
text__with clients,8.588487421257823e-05,Random Forest
text__below,8.585300985601267e-05,Random Forest
text__elite creative,8.581781832706743e-05,Random Forest
text__role as,8.579903635921181e-05,Random Forest
text__regarding,8.576614747241711e-05,Random Forest
text__designed to,8.572959401317868e-05,Random Forest
text__gain,8.571140387948534e-05,Random Forest
text__workflows and,8.566733857320607e-05,Random Forest
text__best in,8.558551623494226e-05,Random Forest
text__will provide,8.557334869538382e-05,Random Forest
text__visibility,8.550357166389362e-05,Random Forest
text__strong attention,8.54604865538134e-05,Random Forest
text__be eligible,8.54441787396029e-05,Random Forest
text__by law,8.542260680562461e-05,Random Forest
text__state or,8.530449773233462e-05,Random Forest
text__across all,8.525729055872451e-05,Random Forest
text__navigate,8.525287127439482e-05,Random Forest
text__documentation and,8.514799649015954e-05,Random Forest
text__expanding,8.514439484019408e-05,Random Forest
text__our benefits,8.512473783405927e-05,Random Forest
text__and competitive,8.511651270736477e-05,Random Forest
text__qualify,8.507426296025812e-05,Random Forest
text__assistant,8.4967932535746e-05,Random Forest
text__applicants with,8.495191017973348e-05,Random Forest
text__behavioral,8.49241425574101e-05,Random Forest
text__approach to,8.490292750668255e-05,Random Forest
text__mobile,8.483765912649393e-05,Random Forest
text__help shape,8.477622312653293e-05,Random Forest
text__coordination,8.46816379467009e-05,Random Forest
text__the work,8.465679577101874e-05,Random Forest
text__big,8.454752370425232e-05,Random Forest
text__turn,8.452592654115444e-05,Random Forest
text__thrive in,8.451218206595032e-05,Random Forest
text__related to,8.450050958374152e-05,Random Forest
text__assets,8.435839719423142e-05,Random Forest
text__accountable,8.433716198743658e-05,Random Forest
text__exercise,8.432226047281352e-05,Random Forest
text__and grow,8.430033311093635e-05,Random Forest
text__exposure to,8.427114813841602e-05,Random Forest
text__evolving,8.417155233699877e-05,Random Forest
text__process please,8.415540633997741e-05,Random Forest
text__and applicants,8.413188999130457e-05,Random Forest
text__recognition,8.40633776258592e-05,Random Forest
text__impactful,8.397248289374974e-05,Random Forest
text__claims,8.392534183496864e-05,Random Forest
text__plan and,8.389943147454192e-05,Random Forest
text__have experience,8.375310149558499e-05,Random Forest
text__please check,8.373605043999264e-05,Random Forest
text__and strong,8.371753246686018e-05,Random Forest
text__others,8.3672973822134e-05,Random Forest
text__building and,8.365949810295105e-05,Random Forest
text__exchange,8.365662229497984e-05,Random Forest
text__partnership with,8.364862146913307e-05,Random Forest
text__ps,8.364354444789612e-05,Random Forest
text__canada,8.356785489225915e-05,Random Forest
text__measurable,8.350699586382684e-05,Random Forest
text__engineering and,8.342540207697418e-05,Random Forest
text__escalation,8.341565840381808e-05,Random Forest
text__continuously,8.336005504496423e-05,Random Forest
text__you don,8.333352882474499e-05,Random Forest
text__at all,8.316097831756732e-05,Random Forest
text__your work,8.314941846969989e-05,Random Forest
text__methodologies,8.295338910731205e-05,Random Forest
text__lines,8.29317961642317e-05,Random Forest
text__2026,8.289139602977411e-05,Random Forest
text__millions of,8.279883685947288e-05,Random Forest
text__proficient,8.277948167517879e-05,Random Forest
text__and is,8.264548031256929e-05,Random Forest
text__programs and,8.264034531167413e-05,Random Forest
text__and compliance,8.251982882887488e-05,Random Forest
text__secure,8.251311280516433e-05,Random Forest
text__verify,8.248021770895286e-05,Random Forest
text__special,8.24515791167154e-05,Random Forest
text__and your,8.244115027966792e-05,Random Forest
text__enjoys,8.244072572518981e-05,Random Forest
text__continuous improvement,8.243563890148858e-05,Random Forest
text__billing,8.240992766810048e-05,Random Forest
text__se,8.238675812365197e-05,Random Forest
text__requirement,8.237977329183621e-05,Random Forest
text__consumer,8.230118398677347e-05,Random Forest
text__successfully,8.227331850217421e-05,Random Forest
text__respect,8.218326362069864e-05,Random Forest
text__tools to,8.20922265046134e-05,Random Forest
text__ai tools,8.198024869213925e-05,Random Forest
text__contact for,8.193643827198985e-05,Random Forest
text__the country,8.181909177347353e-05,Random Forest
categorical__broad_category_Data Science,8.1788595647818e-05,Random Forest
text__participates in,8.17808318338485e-05,Random Forest
text__you may,8.169965133543177e-05,Random Forest
text__possible,8.169384265825629e-05,Random Forest
text__actually,8.168525720537983e-05,Random Forest
text__organisation,8.160556960168631e-05,Random Forest
text__setup,8.158938224204571e-05,Random Forest
text__reliability,8.156571496446821e-05,Random Forest
text__locations,8.153648971489204e-05,Random Forest
text__tools such,8.152694356202599e-05,Random Forest
text__and project,8.149059073702728e-05,Random Forest
text__encouraged,8.147488711370168e-05,Random Forest
text__territory,8.144664534997582e-05,Random Forest
text__in healthcare,8.13826970957833e-05,Random Forest
text__to design,8.134808634792425e-05,Random Forest
text__accounts and,8.129801428879089e-05,Random Forest
text__with project,8.115573010192375e-05,Random Forest
text__made,8.113028098689891e-05,Random Forest
text__further,8.110372445236027e-05,Random Forest
text__best work,8.105495810879086e-05,Random Forest
text__chance,8.103174532296348e-05,Random Forest
text__with high,8.102600498792405e-05,Random Forest
text__million,8.10146030498804e-05,Random Forest
text__safe,8.085744383344511e-05,Random Forest
text__read,8.083370542260747e-05,Random Forest
categorical__experience_level_primary_Entry-Level,8.083122612438836e-05,Random Forest
text__activities and,8.08266422132704e-05,Random Forest
text__recruiting,8.082342365187893e-05,Random Forest
text__enable,8.081520027062561e-05,Random Forest
text__connection,8.077608313747817e-05,Random Forest
text__is based,8.075400380143545e-05,Random Forest
text__job is,8.073719655815664e-05,Random Forest
text__apis,8.071098441547888e-05,Random Forest
text__fullstack,8.070353203981816e-05,Random Forest
text__angelo larry,8.057823979925684e-05,Random Forest
text__fintech,8.056728856090334e-05,Random Forest
text__applicable law,8.041603085203021e-05,Random Forest
text__running,8.037446868582076e-05,Random Forest
text__cash,8.036718822052559e-05,Random Forest
text__ambiguous,8.026296377760389e-05,Random Forest
text__as required,8.021781436354037e-05,Random Forest
text__self motivated,8.021264088679479e-05,Random Forest
text__leverage,8.010292669369284e-05,Random Forest
text__deployment,8.008127023288528e-05,Random Forest
text__to keep,8.005383006755176e-05,Random Forest
text__about us,8.005251214870762e-05,Random Forest
text__preparation,7.994233857110383e-05,Random Forest
text__leader in,7.987740934525608e-05,Random Forest
text__leadership and,7.982431004528055e-05,Random Forest
text__customers and,7.976677691004966e-05,Random Forest
text__broader,7.971419710665594e-05,Random Forest
text__the sales,7.964541745833548e-05,Random Forest
text__history,7.958466929467704e-05,Random Forest
text__an individual,7.955621291399794e-05,Random Forest
text__us to,7.95334221035219e-05,Random Forest
text__expertise to,7.952396158450377e-05,Random Forest
text__150,7.946444368128801e-05,Random Forest
text__strong organizational,7.943529909361354e-05,Random Forest
text__applicable federal,7.942471230714948e-05,Random Forest
text__for any,7.924707621059557e-05,Random Forest
text__the industry,7.924315208646858e-05,Random Forest
text__delivered,7.921066151536662e-05,Random Forest
text__b2b sales,7.920209163246228e-05,Random Forest
text__time and,7.90884924059052e-05,Random Forest
text__area,7.908485260454636e-05,Random Forest
text__already,7.901276123285427e-05,Random Forest
text__conversion,7.896930444954618e-05,Random Forest
text__and supporting,7.889770777292519e-05,Random Forest
text__material,7.883858911741863e-05,Random Forest
text__an experienced,7.880828038965923e-05,Random Forest
text__paced environment,7.879584174809621e-05,Random Forest
text__to contribute,7.878996169402034e-05,Random Forest
text__something,7.877148077753143e-05,Random Forest
text__characteristics,7.87559561217046e-05,Random Forest
text__capability,7.873232850907821e-05,Random Forest
text__you do,7.870562648516388e-05,Random Forest
text__general catalyst,7.870065855775843e-05,Random Forest
text__and execution,7.85175452289986e-05,Random Forest
text__establishing,7.848435591559889e-05,Random Forest
text__negotiation,7.83594136979647e-05,Random Forest
text__coordinate with,7.828020785323608e-05,Random Forest
text__thiel adam,7.825041157274979e-05,Random Forest
text__experience years,7.824575190106553e-05,Random Forest
text__optimize,7.821090946630744e-05,Random Forest
text__structures,7.819448824901387e-05,Random Forest
text__down,7.817899825790506e-05,Random Forest
text__evolve,7.81516529350012e-05,Random Forest
text__of business,7.813804525085778e-05,Random Forest
text__student,7.805837170710463e-05,Random Forest
text__information and,7.801034139203386e-05,Random Forest
text__function,7.790965237133911e-05,Random Forest
text__produce,7.788016075631522e-05,Random Forest
text__simultaneously,7.769382194704018e-05,Random Forest
text__schedules,7.765847861353168e-05,Random Forest
text__business and,7.764681985316444e-05,Random Forest
text__and maintaining,7.763318048742185e-05,Random Forest
text__the primary,7.762729202627792e-05,Random Forest
text__expected to,7.760982520023999e-05,Random Forest
text__opportunities and,7.757938523801572e-05,Random Forest
text__autonomy,7.747098401215922e-05,Random Forest
text__to achieve,7.736639293918084e-05,Random Forest
text__partnerships,7.734762096859975e-05,Random Forest
text__ways,7.733686335989544e-05,Random Forest
text__in order,7.722956227876286e-05,Random Forest
text__terms,7.72076191057962e-05,Random Forest
text__to equal,7.714849833123362e-05,Random Forest
text__offices,7.712924193303121e-05,Random Forest
text__hard,7.710888863752989e-05,Random Forest
text__device,7.706848807194942e-05,Random Forest
text__healthy,7.70291958140112e-05,Random Forest
text__urgency,7.695170970566738e-05,Random Forest
text__service and,7.68712636263094e-05,Random Forest
text__consistent with,7.686364598995329e-05,Random Forest
text__directly with,7.684055066284207e-05,Random Forest
text__owning,7.676571357718083e-05,Random Forest
text__criteria,7.67622371868041e-05,Random Forest
text__sharing,7.675176317774025e-05,Random Forest
text__collaboratively,7.672927446350454e-05,Random Forest
categorical__broad_category_Sales,7.671239528202866e-05,Random Forest
text__depth,7.668942582035779e-05,Random Forest
text__we ve,7.666651034006269e-05,Random Forest
text__about our,7.657851436748616e-05,Random Forest
text__operates,7.656896560963571e-05,Random Forest
text__done,7.65248623262373e-05,Random Forest
text__on our,7.652416396895667e-05,Random Forest
text__approaches,7.645510326625434e-05,Random Forest
text__taking,7.643317659569601e-05,Random Forest
text__will help,7.640987046438133e-05,Random Forest
text__have an,7.639381724039309e-05,Random Forest
text__technology and,7.635854847003897e-05,Random Forest
text__learning and,7.631987734705523e-05,Random Forest
text__facilities,7.62716887633133e-05,Random Forest
text__distribution,7.62169065604189e-05,Random Forest
text__aligned with,7.620943518633753e-05,Random Forest
text__accessible,7.61168741935753e-05,Random Forest
text__reports and,7.60799325189227e-05,Random Forest
text__environment where,7.606357648938527e-05,Random Forest
text__in high,7.606032473023638e-05,Random Forest
text__combination,7.605367099375323e-05,Random Forest
text__and may,7.603633959477294e-05,Random Forest
text__integrity,7.60200777436416e-05,Random Forest
text__files,7.60145514996492e-05,Random Forest
text__skills ability,7.589237498877221e-05,Random Forest
text__alongside,7.583546630293429e-05,Random Forest
text__integrated,7.58102665715578e-05,Random Forest
text__quality assurance,7.574366520784686e-05,Random Forest
text__chain,7.565489983841171e-05,Random Forest
text__throughout the,7.556236624829948e-05,Random Forest
text__hold,7.551559600948863e-05,Random Forest
text__presentations,7.54933060121747e-05,Random Forest
text__inquiries,7.543144001503896e-05,Random Forest
text__of this,7.541412331894282e-05,Random Forest
text__requests,7.535962473011288e-05,Random Forest
text__compelling,7.529588333076884e-05,Random Forest
text__style,7.528676866477068e-05,Random Forest
text__models and,7.511714529204137e-05,Random Forest
text__logic,7.511661217947031e-05,Random Forest
text__hipaa,7.498707751513482e-05,Random Forest
text__selected,7.495102657498999e-05,Random Forest
text__components,7.495098854063496e-05,Random Forest
text__de,7.492574928212675e-05,Random Forest
text__prompt,7.48988467583316e-05,Random Forest
text__by our,7.489383578521124e-05,Random Forest
text__interpersonal skills,7.484867749114034e-05,Random Forest
categorical__broad_category_Engineering,7.47923168567172e-05,Random Forest
text__all aspects,7.474517585319602e-05,Random Forest
numeric__location_restriction_count,7.473704263017723e-05,Random Forest
text__software and,7.46689379248526e-05,Random Forest
text__sick,7.452159740187112e-05,Random Forest
text__forecasting,7.452073176844957e-05,Random Forest
text__high impact,7.445504242480072e-05,Random Forest
text__consider,7.44129018794159e-05,Random Forest
text__local law,7.437750354372378e-05,Random Forest
text__managed,7.436539359539437e-05,Random Forest
text__work remotely,7.431989711789376e-05,Random Forest
text__role for,7.420773767824122e-05,Random Forest
text__holders,7.40994613311216e-05,Random Forest
text__is responsible,7.392612149058892e-05,Random Forest
text__and service,7.3893377893029e-05,Random Forest
text__11,7.386460771101592e-05,Random Forest
text__assistance program,7.379529158468864e-05,Random Forest
text__solid,7.377701127689445e-05,Random Forest
text__owners,7.370519240903944e-05,Random Forest
text__rest,7.365224514697225e-05,Random Forest
text__with all,7.357487631927486e-05,Random Forest
text__south,7.352211977444778e-05,Random Forest
text__presentation,7.347821375056757e-05,Random Forest
text__reporting and,7.346738276429816e-05,Random Forest
text__elite,7.342336576738261e-05,Random Forest
text__stakeholders and,7.33157063016193e-05,Random Forest
text__verbal and,7.329049405610035e-05,Random Forest
text__collaborating,7.325699113356737e-05,Random Forest
text__specialized,7.308563695652036e-05,Random Forest
text__brings,7.307501986854592e-05,Random Forest
text__expertise and,7.304260445093699e-05,Random Forest
text__validate,7.299984810699869e-05,Random Forest
text__to develop,7.294921595828822e-05,Random Forest
text__toward,7.289485322823504e-05,Random Forest
text__and development,7.278668718898435e-05,Random Forest
text__paid parental,7.278408194100407e-05,Random Forest
text__eeo,7.27362108829442e-05,Random Forest
text__calendar,7.27226853730602e-05,Random Forest
text__advisor,7.270674696020954e-05,Random Forest
text__designs,7.263679697240342e-05,Random Forest
text__led,7.262678756301058e-05,Random Forest
text__larry summers,7.26224963410943e-05,Random Forest
text__to grow,7.26094893526422e-05,Random Forest
text__flow,7.258081466391106e-05,Random Forest
text__attend,7.254610787200134e-05,Random Forest
text__professionally,7.24745617357255e-05,Random Forest
text__ensure the,7.241798223743518e-05,Random Forest
text__databases,7.239839121263688e-05,Random Forest
text__fair,7.23891695191544e-05,Random Forest
text__promotion,7.235846982023453e-05,Random Forest
text__maintains,7.235174919851929e-05,Random Forest
text__graphic,7.213428715011012e-05,Random Forest
text__detail oriented,7.212310014148732e-05,Random Forest
text__entry level,7.208644015452536e-05,Random Forest
text__spanish,7.207732831151783e-05,Random Forest
text__capacity,7.205064815736523e-05,Random Forest
text__associated,7.204748457556146e-05,Random Forest
text__test,7.194626203619213e-05,Random Forest
text__customer needs,7.194081815713376e-05,Random Forest
text__expand,7.19024047439389e-05,Random Forest
text__for an,7.18403133100976e-05,Random Forest
text__largest,7.18286596509365e-05,Random Forest
text__demands,7.177635102400301e-05,Random Forest
text__leveraging,7.172566766259674e-05,Random Forest
text__purchase,7.171580191115205e-05,Random Forest
text__contributions,7.168661205448482e-05,Random Forest
text__strong written,7.16818193052357e-05,Random Forest
text__advance,7.166875330259918e-05,Random Forest
text__the customer,7.163713628752793e-05,Random Forest
text__smart,7.153804163252506e-05,Random Forest
text__adobe,7.15358096172015e-05,Random Forest
text__into clear,7.151335026487389e-05,Random Forest
text__logistics,7.150709658505963e-05,Random Forest
text__health care,7.148523867166384e-05,Random Forest
text__pharmaceutical,7.146919043428579e-05,Random Forest
text__tasks and,7.144360742136394e-05,Random Forest
text__banking,7.141428100540783e-05,Random Forest
text__transactions,7.134540496956164e-05,Random Forest
text__disability insurance,7.124810857836282e-05,Random Forest
text__calling,7.116834063609009e-05,Random Forest
text__world leading,7.101406408341877e-05,Random Forest
text__brands,7.098664746190529e-05,Random Forest
text__technologies and,7.098510768311546e-05,Random Forest
text__mid,7.097045975301679e-05,Random Forest
text__and services,7.093834952768927e-05,Random Forest
text__pre,7.090847431162492e-05,Random Forest
text__may include,7.087935713455156e-05,Random Forest
text__fast moving,7.084536956266646e-05,Random Forest
text__in computer,7.08264360614752e-05,Random Forest
text__to take,7.072511430732585e-05,Random Forest
text__in their,7.069107461181214e-05,Random Forest
text__either,7.059294880285653e-05,Random Forest
text__be an,7.055649480078622e-05,Random Forest
text__demand,7.0469741160687e-05,Random Forest
text__therapy,7.041965811730886e-05,Random Forest
text__ensures,7.028444462996161e-05,Random Forest
text__certifications,7.020797855284326e-05,Random Forest
text__engagement and,7.015623830829829e-05,Random Forest
text__joining,7.003417043365139e-05,Random Forest
text__jack,7.003013059476232e-05,Random Forest
text__company that,7.002849130427011e-05,Random Forest
text__preferred experience,6.994896259520228e-05,Random Forest
text__supervision,6.992167090520164e-05,Random Forest
text__challenging,6.989962385632985e-05,Random Forest
text__their own,6.971371613475339e-05,Random Forest
text__clarity,6.965865512446855e-05,Random Forest
text__who can,6.960427117868126e-05,Random Forest
text__prohibits,6.959233627784478e-05,Random Forest
text__custom,6.958959089956267e-05,Random Forest
text__products and,6.938563725898712e-05,Random Forest
text__demonstrated ability,6.935240976163185e-05,Random Forest
text__initiative,6.934079992304654e-05,Random Forest
text__que,6.932786196291953e-05,Random Forest
text__inclusive and,6.922699036382307e-05,Random Forest
text__and lead,6.920410076845202e-05,Random Forest
text__are the,6.920281739587904e-05,Random Forest
text__serving,6.918944815983717e-05,Random Forest
text__solve,6.91181456670593e-05,Random Forest
text__team you,6.901066175428297e-05,Random Forest
text__bank,6.900031426895661e-05,Random Forest
text__um,6.89656380576859e-05,Random Forest
text__getting,6.895097564740893e-05,Random Forest
text__serves,6.892914082683319e-05,Random Forest
text__principal,6.88834896232817e-05,Random Forest
text__authorized to,6.88698034683238e-05,Random Forest
text__for your,6.88391086583468e-05,Random Forest
text__team in,6.878671650524625e-05,Random Forest
text__the process,6.876160865415425e-05,Random Forest
text__sex national,6.874239276923547e-05,Random Forest
text__and build,6.870882104875049e-05,Random Forest
text__with clear,6.861296404908558e-05,Random Forest
text__students,6.856445775879653e-05,Random Forest
text__among,6.843291705313639e-05,Random Forest
text__intended to,6.838284487952907e-05,Random Forest
text__operations and,6.83754621181694e-05,Random Forest
text__along with,6.835461365205837e-05,Random Forest
text__cv,6.83327042536303e-05,Random Forest
text__marketing and,6.83235100679244e-05,Random Forest
text__referral,6.818602049375863e-05,Random Forest
text__behavioral health,6.818039818525234e-05,Random Forest
text__isn,6.817942923502583e-05,Random Forest
text__or in,6.816870239063903e-05,Random Forest
text__flexible spending,6.814882101677541e-05,Random Forest
text__verification,6.809615633904435e-05,Random Forest
text__software engineer,6.807531821312653e-05,Random Forest
text__work on,6.799591502698694e-05,Random Forest
text__improve the,6.799083203627545e-05,Random Forest
text__they are,6.796317710008255e-05,Random Forest
text__thoughtful,6.790415851018342e-05,Random Forest
text__insights and,6.786807048473505e-05,Random Forest
text__qualifications experience,6.785068883315523e-05,Random Forest
text__160,6.78400998920774e-05,Random Forest
text__and skills,6.783667206918362e-05,Random Forest
text__tuition reimbursement,6.779861954962938e-05,Random Forest
text__designing,6.779738525981732e-05,Random Forest
text__deeply,6.778889241064802e-05,Random Forest
text__previous experience,6.774801760606007e-05,Random Forest
text__sales business,6.774759113908622e-05,Random Forest
text__the client,6.772755039448495e-05,Random Forest
text__support to,6.771557301970422e-05,Random Forest
text__workers,6.768499956831896e-05,Random Forest
text__supported,6.761209559173706e-05,Random Forest
text__patterns,6.759055527568541e-05,Random Forest
text__mentoring,6.75262305971616e-05,Random Forest
text__mission to,6.745726051436018e-05,Random Forest
text__what makes,6.734603275392784e-05,Random Forest
text__prospects,6.722977452665631e-05,Random Forest
text__about this,6.719496835104911e-05,Random Forest
text__driven by,6.717810141675686e-05,Random Forest
text__curious,6.70603152899458e-05,Random Forest
text__distributed,6.700763958914395e-05,Random Forest
text__weeks,6.698688130097528e-05,Random Forest
text__decision makers,6.696323341550246e-05,Random Forest
text__is global,6.689443665181032e-05,Random Forest
text__even,6.676973756364239e-05,Random Forest
text__construction,6.676857399526727e-05,Random Forest
text__keeping,6.669236207126433e-05,Random Forest
text__integrations,6.668101497535625e-05,Random Forest
text__are passionate,6.66558514296223e-05,Random Forest
text__home office,6.652039548119885e-05,Random Forest
text__page,6.651163676770898e-05,Random Forest
text__regardless,6.648454226712153e-05,Random Forest
text__clinical research,6.647926109572685e-05,Random Forest
text__build the,6.647528813262207e-05,Random Forest
text__coordinating,6.647325049746924e-05,Random Forest
text__to translate,6.641869951847403e-05,Random Forest
text__deep understanding,6.639263981608545e-05,Random Forest
text__small,6.636414752460277e-05,Random Forest
text__head,6.63609059843496e-05,Random Forest
text__productivity,6.630972171613377e-05,Random Forest
text__skills excellent,6.626043845173867e-05,Random Forest
text__prospecting,6.622137122623675e-05,Random Forest
text__channel,6.620135359946515e-05,Random Forest
text__entry,6.608405355209402e-05,Random Forest
text__computer science,6.598009562274349e-05,Random Forest
text__success in,6.597509043753828e-05,Random Forest
text__text,6.58436169987938e-05,Random Forest
text__choose,6.58422198238189e-05,Random Forest
text__mentor,6.582443845285058e-05,Random Forest
text__technical talent,6.581806427573577e-05,Random Forest
text__product and,6.577763931495635e-05,Random Forest
text__clean,6.564556929677586e-05,Random Forest
text__directly to,6.558510293340319e-05,Random Forest
text__team member,6.55835654705507e-05,Random Forest
text__management or,6.554968853509685e-05,Random Forest
text__the range,6.554624804561574e-05,Random Forest
text__create and,6.552753064502373e-05,Random Forest
text__dashboards,6.539451784208652e-05,Random Forest
text__by applicable,6.537837848380724e-05,Random Forest
text__skill,6.534144350595398e-05,Random Forest
text__and quality,6.529064938705173e-05,Random Forest
text__insight,6.520725691322201e-05,Random Forest
text__medicare,6.517281553794957e-05,Random Forest
text__traditional,6.516371361763692e-05,Random Forest
text__completed,6.511942272480489e-05,Random Forest
text__excited,6.503258634835494e-05,Random Forest
text__and managing,6.501515449428225e-05,Random Forest
text__lasting,6.500440706619128e-05,Random Forest
text__client facing,6.486368292697328e-05,Random Forest
text__messages,6.481713937370774e-05,Random Forest
text__ad,6.47702823181081e-05,Random Forest
text__dynamics,6.476795015581684e-05,Random Forest
text__fields,6.461550207332483e-05,Random Forest
text__engineering or,6.458640144492012e-05,Random Forest
text__planning and,6.454642187562375e-05,Random Forest
text__life and,6.453342872355451e-05,Random Forest
text__and non,6.449704710441752e-05,Random Forest
text__backend,6.448473343106835e-05,Random Forest
text__los,6.448139739928897e-05,Random Forest
text__and it,6.447658980957227e-05,Random Forest
text__retention and,6.444761336875805e-05,Random Forest
text__research and,6.437864108447667e-05,Random Forest
text__five,6.43782021024108e-05,Random Forest
text__implementation of,6.431230732879275e-05,Random Forest
text__compliant,6.429925353458505e-05,Random Forest
text__gender gender,6.428297467488304e-05,Random Forest
text__heart,6.426358049564799e-05,Random Forest
text__and leadership,6.421538878389784e-05,Random Forest
text__relationship building,6.420256767397153e-05,Random Forest
text__stakeholder management,6.410947269512639e-05,Random Forest
text__value and,6.40799505981942e-05,Random Forest
text__transforming,6.404596177036031e-05,Random Forest
text__actions,6.400575127951873e-05,Random Forest
text__our culture,6.396290326797903e-05,Random Forest
text__common,6.390459240979169e-05,Random Forest
text__everything,6.386592078339396e-05,Random Forest
text__communicating,6.383797971159303e-05,Random Forest
text__digital marketing,6.380430186516289e-05,Random Forest
text__call center,6.374252257133858e-05,Random Forest
text__templates,6.354355976991165e-05,Random Forest
text__with your,6.343882657276597e-05,Random Forest
text__check for,6.342697568413571e-05,Random Forest
text__engagements,6.342495957031197e-05,Random Forest
text__and partner,6.340526786641096e-05,Random Forest
text__flexibility to,6.340199685222811e-05,Random Forest
text__an environment,6.33672213278461e-05,Random Forest
text__experience managing,6.334323058429754e-05,Random Forest
text__valuable,6.333580937242837e-05,Random Forest
text__centered,6.333288887381445e-05,Random Forest
text__success and,6.330653176212723e-05,Random Forest
text__to get,6.329754736376941e-05,Random Forest
text__across our,6.318763710594903e-05,Random Forest
text__us and,6.317638927882027e-05,Random Forest
text__actionable,6.302400237230286e-05,Random Forest
text__same,6.289861596270102e-05,Random Forest
text__requirements years,6.289542429186464e-05,Random Forest
text__flows,6.289295397097481e-05,Random Forest
text__sales team,6.287147739127555e-05,Random Forest
text__junior,6.283459225726694e-05,Random Forest
text__and experiences,6.280685586777843e-05,Random Forest
text__hand,6.276862392958579e-05,Random Forest
text__effectiveness,6.275258802062263e-05,Random Forest
text__deal,6.272855111545923e-05,Random Forest
text__the development,6.268277978216522e-05,Random Forest
text__events and,6.243733896719552e-05,Random Forest
text__execution and,6.24024968757777e-05,Random Forest
text__data driven,6.23504287289028e-05,Random Forest
text__talented,6.232542270081745e-05,Random Forest
text__tests,6.221173134309456e-05,Random Forest
text__voice,6.217630628443776e-05,Random Forest
text__front,6.215733902730141e-05,Random Forest
text__and developing,6.21493154339902e-05,Random Forest
text__techniques,6.212901649225206e-05,Random Forest
text__collection,6.212092865474319e-05,Random Forest
text__and product,6.209787141660474e-05,Random Forest
text__seeking an,6.207825934803264e-05,Random Forest
text__managers and,6.201152672691514e-05,Random Forest
text__thought,6.197628932185124e-05,Random Forest
text__outstanding,6.191116703141443e-05,Random Forest
text__technical and,6.190223521549394e-05,Random Forest
text__enterprises,6.19020829138154e-05,Random Forest
text__and processes,6.1883829293051e-05,Random Forest
text__and training,6.184320130026958e-05,Random Forest
text__coding,6.182850938636639e-05,Random Forest
text__encourage you,6.179245596678217e-05,Random Forest
text__expansion,6.171573400906178e-05,Random Forest
text__the appropriate,6.170936059397604e-05,Random Forest
text__of work,6.170328978082691e-05,Random Forest
text__javascript,6.16934741768193e-05,Random Forest
text__condition,6.168781511955392e-05,Random Forest
text__the application,6.162759813454637e-05,Random Forest
text__cycle,6.150323093959949e-05,Random Forest
text__selling,6.141822273772189e-05,Random Forest
text__va,6.140338319333609e-05,Random Forest
text__the recruitment,6.137377075132936e-05,Random Forest
text__strongly preferred,6.133798080298214e-05,Random Forest
text__nationwide,6.131885966900868e-05,Random Forest
text__upload resume,6.129949124823218e-05,Random Forest
text__least one,6.125820277377183e-05,Random Forest
text__empathy,6.111869338222178e-05,Random Forest
text__evidence,6.105655261544832e-05,Random Forest
text__status sexual,6.105366862534267e-05,Random Forest
text__matter expert,6.0968176269553556e-05,Random Forest
text__ownership and,6.093242111284495e-05,Random Forest
text__together we,6.089432301225081e-05,Random Forest
text__investment,6.0830653716861275e-05,Random Forest
text__use cases,6.082564694846243e-05,Random Forest
text__outside,6.0806811434420334e-05,Random Forest
text__company we,6.080306116833126e-05,Random Forest
text__or expression,6.074670404431908e-05,Random Forest
text__the data,6.0675424496330113e-05,Random Forest
text__react,6.058352381795086e-05,Random Forest
text__the time,6.0558209445634723e-05,Random Forest
text__we serve,6.05438245840076e-05,Random Forest
text__uses,6.052699451293831e-05,Random Forest
text__grow and,6.042721956236336e-05,Random Forest
text__willing to,6.037081397472564e-05,Random Forest
text__university,6.033505692802257e-05,Random Forest
text__tax,6.031558389765438e-05,Random Forest
text__partnering,6.015065879610048e-05,Random Forest
text__ahead,6.007885148283705e-05,Random Forest
text__input,6.006201136531776e-05,Random Forest
text__ca,6.0019525144813745e-05,Random Forest
text__portfolio of,6.000156539055343e-05,Random Forest
text__interact,5.9993363358792815e-05,Random Forest
text__certified,5.997239726287231e-05,Random Forest
text__remote position,5.9952715744438156e-05,Random Forest
text__life balance,5.9905706115943565e-05,Random Forest
text__start up,5.981578668013905e-05,Random Forest
text__contracts,5.976528818726423e-05,Random Forest
text__adoption and,5.971543835888655e-05,Random Forest
text__career development,5.963592163755347e-05,Random Forest
text__emails,5.9634436948423514e-05,Random Forest
text__discretion,5.96055804234602e-05,Random Forest
text__and clinical,5.9577595123362126e-05,Random Forest
text__achieving,5.955468841155187e-05,Random Forest
text__eligible to,5.9497044492458305e-05,Random Forest
text__time management,5.94829431347892e-05,Random Forest
text__for each,5.945421238508178e-05,Random Forest
text__recruitment process,5.943652889311914e-05,Random Forest
text__we also,5.940760474504705e-05,Random Forest
text__drives,5.938184351728451e-05,Random Forest
text__and an,5.9350701622504994e-05,Random Forest
text__competencies,5.9346452322254356e-05,Random Forest
text__concerns,5.932404334541787e-05,Random Forest
text__remote senior,5.923734455931835e-05,Random Forest
text__aws,5.918554914278067e-05,Random Forest
text__visit,5.915520895952636e-05,Random Forest
text__and continuous,5.908706377714459e-05,Random Forest
text__to influence,5.898403049643227e-05,Random Forest
text__sites,5.895405138536322e-05,Random Forest
text__and timely,5.892459637061708e-05,Random Forest
text__troubleshoot,5.8893710286428225e-05,Random Forest
text__methods,5.884268342916347e-05,Random Forest
text__we welcome,5.875294768214466e-05,Random Forest
text__to change,5.867060010267864e-05,Random Forest
text__life sciences,5.865326079164442e-05,Random Forest
text__each other,5.862438675787292e-05,Random Forest
text__north america,5.858304562079986e-05,Random Forest
text__stack,5.854460874405814e-05,Random Forest
text__and use,5.851841396616655e-05,Random Forest
text__interviews,5.846913253806004e-05,Random Forest
text__methodology,5.844085715781324e-05,Random Forest
text__of benefits,5.8361205834597866e-05,Random Forest
text__business needs,5.832922401400662e-05,Random Forest
text__of working,5.826114185722902e-05,Random Forest
text__notice,5.822136738948706e-05,Random Forest
text__integrate,5.816528072151225e-05,Random Forest
text__culture of,5.7930576905755476e-05,Random Forest
text__skills to,5.7857274522221516e-05,Random Forest
text__monitoring and,5.779204420993284e-05,Random Forest
text__appointment,5.7787729028941e-05,Random Forest
text__to your,5.7787453681406646e-05,Random Forest
text__ensure that,5.772676317708603e-05,Random Forest
text__needs of,5.770462980018098e-05,Random Forest
text__to participate,5.7595647438024274e-05,Random Forest
text__transparent,5.7594630920095103e-05,Random Forest
text__developing and,5.753523002957363e-05,Random Forest
text__sql,5.751546773705108e-05,Random Forest
text__the same,5.7495844963465445e-05,Random Forest
text__entrepreneurial,5.748773731472809e-05,Random Forest
text__and can,5.744158917437357e-05,Random Forest
text__less,5.7407314434408396e-05,Random Forest
text__balancing,5.740058146242772e-05,Random Forest
text__intern,5.739950756692112e-05,Random Forest
text__behavior,5.738310874323079e-05,Random Forest
text__optimizing,5.737990018052254e-05,Random Forest
text__authority,5.7353956940796696e-05,Random Forest
text__renewal,5.733439973844882e-05,Random Forest
text__customer success,5.7313859546721375e-05,Random Forest
text__and sales,5.7264993262087114e-05,Random Forest
text__please complete,5.721096190262679e-05,Random Forest
text__essential functions,5.71406104389295e-05,Random Forest
text__and financial,5.713586925603367e-05,Random Forest
text__para,5.711100191391513e-05,Random Forest
text__and collaboration,5.708445881834896e-05,Random Forest
text__and solutions,5.7070798608940846e-05,Random Forest
text__experience as,5.7029962786269e-05,Random Forest
text__desk,5.7026824275206446e-05,Random Forest
text__networks,5.701335684382023e-05,Random Forest
text__connections,5.698845188848297e-05,Random Forest
text__and process,5.6896794372958484e-05,Random Forest
text__high growth,5.688095916559995e-05,Random Forest
text__real estate,5.677963596930215e-05,Random Forest
text__budgets,5.673267617711203e-05,Random Forest
text__and procedures,5.6704535085087686e-05,Random Forest
text__more years,5.667959073572077e-05,Random Forest
text__the market,5.6664100584648756e-05,Random Forest
text__platforms and,5.664244893596274e-05,Random Forest
text__social media,5.662271342282913e-05,Random Forest
text__in remote,5.657180231555421e-05,Random Forest
text__roadmap,5.648747398251494e-05,Random Forest
text__messaging,5.645447957451077e-05,Random Forest
text__let,5.6426452205295234e-05,Random Forest
text__the entire,5.6411449693233015e-05,Random Forest
text__cover,5.6321650293411396e-05,Random Forest
text__millions,5.6256334939856827e-05,Random Forest
text__the senior,5.6234494857184266e-05,Random Forest
text__priority,5.6220638024658775e-05,Random Forest
text__screening,5.621731345462538e-05,Random Forest
text__is ideal,5.619707898955244e-05,Random Forest
text__and with,5.6191884433741574e-05,Random Forest
text__their best,5.6168000442858994e-05,Random Forest
text__robust,5.614932649500144e-05,Random Forest
text__networking,5.6107223996931995e-05,Random Forest
text__meetings and,5.601126705281756e-05,Random Forest
text__our global,5.578669697447813e-05,Random Forest
text__meet the,5.577252625209789e-05,Random Forest
text__sense,5.567083662900314e-05,Random Forest
text__to us,5.5657004132756e-05,Random Forest
text__in any,5.5628035743357564e-05,Random Forest
text__account management,5.559401260878552e-05,Random Forest
text__genuine,5.5553022528847896e-05,Random Forest
text__awareness,5.5508163979659405e-05,Random Forest
text__organizational skills,5.547122693667687e-05,Random Forest
text__to operate,5.5464247776462857e-05,Random Forest
text__that can,5.5417967555812436e-05,Random Forest
text__pressure,5.5408014472728173e-05,Random Forest
text__building the,5.530573694452579e-05,Random Forest
text__industrial,5.530368613194364e-05,Random Forest
text__feature,5.5274533613748104e-05,Random Forest
text__account executive,5.5220474128352366e-05,Random Forest
text__issue,5.517483458503418e-05,Random Forest
text__professional services,5.5148163136225836e-05,Random Forest
text__agile,5.5139634787594385e-05,Random Forest
text__and global,5.5131476162765526e-05,Random Forest
text__military,5.512201851254385e-05,Random Forest
text__the pay,5.511995573136547e-05,Random Forest
text__resources and,5.508408140653178e-05,Random Forest
text__summers and,5.504237108647083e-05,Random Forest
text__and all,5.498123062929388e-05,Random Forest
text__personalized,5.497515214992251e-05,Random Forest
text__join the,5.495481921891777e-05,Random Forest
text__the global,5.4922022542456075e-05,Random Forest
text__link,5.4905390444426895e-05,Random Forest
text__and executive,5.489618167029961e-05,Random Forest
text__consultative,5.483503453241002e-05,Random Forest
text__anywhere,5.482934137083307e-05,Random Forest
text__acceptance,5.4807329122744824e-05,Random Forest
text__development representative,5.46935156013947e-05,Random Forest
text__offerings,5.465940725427586e-05,Random Forest
text__meets,5.463656018993531e-05,Random Forest
text__place to,5.4607854764833126e-05,Random Forest
text__respond,5.4558452929993466e-05,Random Forest
text__american,5.454234196189466e-05,Random Forest
text__screen,5.4507030533450495e-05,Random Forest
text__intake,5.4494111035146115e-05,Random Forest
text__support specialist,5.4483281033260214e-05,Random Forest
text__ai powered,5.431736632520075e-05,Random Forest
text__comply with,5.4311811412750686e-05,Random Forest
text__through our,5.4235711256109875e-05,Random Forest
text__in one,5.401418024878626e-05,Random Forest
text__facilitate,5.400521516897412e-05,Random Forest
text__required by,5.3958972589811016e-05,Random Forest
text__to maintain,5.395506095550218e-05,Random Forest
text__the globe,5.394430463610431e-05,Random Forest
text__800,5.394271886112785e-05,Random Forest
text__scenarios,5.392841312663681e-05,Random Forest
text__protocol,5.3825315939105715e-05,Random Forest
text__background in,5.381388849312193e-05,Random Forest
text__demonstrates,5.374521898996192e-05,Random Forest
text__to thrive,5.370362297877737e-05,Random Forest
text__investors include,5.369596220149921e-05,Random Forest
text__cybersecurity,5.365081195202223e-05,Random Forest
text__disability or,5.36372854884881e-05,Random Forest
text__contract compensation,5.363645087721296e-05,Random Forest
text__retail,5.3550604057343994e-05,Random Forest
text__backed,5.347703426861384e-05,Random Forest
text__risks and,5.3439470612443825e-05,Random Forest
text__culture that,5.3407348902350484e-05,Random Forest
text__ms,5.340707592133936e-05,Random Forest
text__reviewed,5.337523286989537e-05,Random Forest
text__60,5.337433355702495e-05,Random Forest
text__criminal,5.3371476787290273e-05,Random Forest
text__remain,5.337106438318361e-05,Random Forest
text__approximately,5.3353908566508753e-05,Random Forest
text__affirmative,5.3291288174701944e-05,Random Forest
text__accurate and,5.327736350296434e-05,Random Forest
text__experience using,5.326118931149295e-05,Random Forest
text__strongly,5.32019681156634e-05,Random Forest
text__certain,5.320005583369017e-05,Random Forest
text__level and,5.3166741367830955e-05,Random Forest
text__ancestry,5.315197575821337e-05,Random Forest
text__and tools,5.3136517363122186e-05,Random Forest
text__think,5.306562712688829e-05,Random Forest
text__talent acquisition,5.300675570926266e-05,Random Forest
text__accountable for,5.2971586863622814e-05,Random Forest
text__exceed,5.2890960274987474e-05,Random Forest
text__audio,5.282267653901422e-05,Random Forest
text__agreement,5.280176894483203e-05,Random Forest
text__concepts,5.280078605164168e-05,Random Forest
text__plan with,5.2796432606609844e-05,Random Forest
text__features,5.2761757430335213e-05,Random Forest
text__packages,5.269784281378321e-05,Random Forest
text__business requirements,5.267503492509408e-05,Random Forest
text__for new,5.2636246111017635e-05,Random Forest
text__attitude,5.262016762447532e-05,Random Forest
text__our values,5.2558285362430335e-05,Random Forest
text__manage and,5.2557329417146384e-05,Random Forest
text__member of,5.254370657411897e-05,Random Forest
text__the people,5.252950046576629e-05,Random Forest
text__solutions and,5.245324105381668e-05,Random Forest
text__thiel,5.2415657912151644e-05,Random Forest
text__environment and,5.2405209237686514e-05,Random Forest
text__client services,5.2375091828124815e-05,Random Forest
text__utilizing,5.2370164118207104e-05,Random Forest
text__firms,5.2361306751424414e-05,Random Forest
text__observability,5.2342936688336095e-05,Random Forest
text__goal,5.2330256140157846e-05,Random Forest
text__years in,5.233002896926349e-05,Random Forest
text__win,5.230796355110934e-05,Random Forest
text__major,5.229874270595502e-05,Random Forest
text__scheduling,5.2288064211666594e-05,Random Forest
text__reduce,5.2243997723262645e-05,Random Forest
text__co,5.217977410793195e-05,Random Forest
text__disease,5.212641377650082e-05,Random Forest
text__make an,5.21220417550177e-05,Random Forest
text__and organizational,5.211245872368673e-05,Random Forest
text__and commitment,5.21050186975301e-05,Random Forest
text__data to,5.2040812454548865e-05,Random Forest
text__standards and,5.1972129781757176e-05,Random Forest
text__da,5.1971362339013524e-05,Random Forest
text__encourage,5.193568575891104e-05,Random Forest
text__tiktok,5.1858009361189765e-05,Random Forest
text__understands,5.184823720064156e-05,Random Forest
text__any help,5.183784257966338e-05,Random Forest
text__sales executive,5.1788957348570576e-05,Random Forest
text__the ai,5.175297144224067e-05,Random Forest
text__desired,5.172244353327332e-05,Random Forest
text__or more,5.171031093587567e-05,Random Forest
text__targeted,5.170569493161302e-05,Random Forest
text__fortune,5.1700303797285894e-05,Random Forest
text__regions,5.168081654218488e-05,Random Forest
text__problems and,5.167757555742606e-05,Random Forest
text__four,5.160886572581544e-05,Random Forest
text__context,5.1565118672866197e-05,Random Forest
text__high performing,5.1557541449662484e-05,Random Forest
text__shared,5.1535303962847155e-05,Random Forest
text__storage,5.1450865064107475e-05,Random Forest
text__embrace,5.1422000345393144e-05,Random Forest
text__requirements for,5.1403741751684796e-05,Random Forest
text__number,5.134099790537981e-05,Random Forest
text__hybrid,5.133031985505589e-05,Random Forest
text__enough,5.131795482437066e-05,Random Forest
text__client relationships,5.130508222483581e-05,Random Forest
text__workflow,5.124579694133073e-05,Random Forest
text__tool,5.1154066120775086e-05,Random Forest
text__strategies and,5.11314493603731e-05,Random Forest
text__industries,5.111870995889099e-05,Random Forest
text__show,5.1023399065584434e-05,Random Forest
text__company and,5.0995417562566394e-05,Random Forest
text__your personal,5.092676088000247e-05,Random Forest
text__the successful,5.089640597737475e-05,Random Forest
text__customer and,5.089151906365015e-05,Random Forest
text__creator,5.087198779940708e-05,Random Forest
text__communicator,5.086141409481976e-05,Random Forest
text__seamless,5.077526536708969e-05,Random Forest
text__identification,5.072925770857797e-05,Random Forest
text__time to,5.071760864434978e-05,Random Forest
text__confidentiality,5.067004072315786e-05,Random Forest
text__zone,5.063207064254766e-05,Random Forest
text__personal information,5.062113039820545e-05,Random Forest
text__advertising,5.0619115657841605e-05,Random Forest
text__resumes,5.061400248964907e-05,Random Forest
text__lead generation,5.0613252336043355e-05,Random Forest
text__therapeutic,5.05714987386961e-05,Random Forest
text__color national,5.054615434179871e-05,Random Forest
text__rapid,5.053949002307295e-05,Random Forest
text__serves as,5.052776915185675e-05,Random Forest
text__spending,5.047979522112096e-05,Random Forest
text__and decision,5.043786142575236e-05,Random Forest
text__and company,5.0379796260466884e-05,Random Forest
text__care and,5.0354968231352305e-05,Random Forest
text__to resolve,5.030666525001829e-05,Random Forest
text__another,5.022934045547723e-05,Random Forest
text__adapt,5.0206061878855996e-05,Random Forest
text__world class,5.0107321729174016e-05,Random Forest
text__washington,5.008473328963804e-05,Random Forest
text__spend,5.00503142497401e-05,Random Forest
text__connected,5.003854731950211e-05,Random Forest
text__inform,5.00133238954035e-05,Random Forest
text__and regulatory,5.001152903278589e-05,Random Forest
text__agreements,4.9986564377885916e-05,Random Forest
text__empowering,4.994614378787029e-05,Random Forest
text__to effectively,4.992143792089492e-05,Random Forest
text__for people,4.9884137565191936e-05,Random Forest
text__emea,4.983308494544303e-05,Random Forest
text__and optimize,4.97592442156621e-05,Random Forest
text__to move,4.972626474556775e-05,Random Forest
text__devops,4.971837552442957e-05,Random Forest
text__manager senior,4.9716480317144974e-05,Random Forest
text__selection,4.967181435278485e-05,Random Forest
text__database,4.965183836760058e-05,Random Forest
text__with minimal,4.964636986718164e-05,Random Forest
text__number of,4.9634628236798825e-05,Random Forest
text__output,4.959064381515515e-05,Random Forest
text__and cross,4.9580655968686944e-05,Random Forest
text__internal and,4.95728847178127e-05,Random Forest
text__with business,4.9532460685593215e-05,Random Forest
text__higher,4.949759161169767e-05,Random Forest
text__process improvement,4.947259487596804e-05,Random Forest
text__of contact,4.941689941646244e-05,Random Forest
text__event,4.936679844136598e-05,Random Forest
text__engine,4.935608827206978e-05,Random Forest
text__partners to,4.935319576330467e-05,Random Forest
text__friendly,4.933010456572076e-05,Random Forest
text__qualifications must,4.92845868647928e-05,Random Forest
text__bringing,4.927874883558032e-05,Random Forest
text__asset,4.927124007498031e-05,Random Forest
text__llm,4.922732816656907e-05,Random Forest
text__of people,4.9226034378033046e-05,Random Forest
text__occasional,4.9224497336244624e-05,Random Forest
text__campaigns,4.9100331444589874e-05,Random Forest
text__investigation,4.9091143458794053e-05,Random Forest
text__with experience,4.906901406325723e-05,Random Forest
text__organize,4.903825301762192e-05,Random Forest
text__inclusion,4.903357699086736e-05,Random Forest
text__organic,4.903279807118247e-05,Random Forest
text__agents,4.901884791349639e-05,Random Forest
text__customer support,4.901299878886992e-05,Random Forest
text__officer,4.894187750684488e-05,Random Forest
text__work to,4.892034468653595e-05,Random Forest
text__central,4.8864773356786737e-05,Random Forest
text__information about,4.8843334334718486e-05,Random Forest
text__with sales,4.884099396077351e-05,Random Forest
text__executing,4.883575614277455e-05,Random Forest
text__encouraged to,4.881181717858553e-05,Random Forest
text__levels of,4.8791554160094285e-05,Random Forest
text__and what,4.875259833028304e-05,Random Forest
text__response,4.8677611057076874e-05,Random Forest
text__software engineering,4.862082491694562e-05,Random Forest
text__candidate is,4.855951770342513e-05,Random Forest
text__and team,4.852227613523633e-05,Random Forest
text__orders,4.8498450593820125e-05,Random Forest
text__your experience,4.8444310930763916e-05,Random Forest
text__responsive,4.840989948685604e-05,Random Forest
text__role requires,4.83977592041355e-05,Random Forest
text__experience experience,4.8365717939861175e-05,Random Forest
text__still,4.825429217399749e-05,Random Forest
text__time zones,4.818748257732004e-05,Random Forest
text__vendor,4.8168474360629184e-05,Random Forest
text__presentation skills,4.8164176120301856e-05,Random Forest
text__pricing,4.8092678269704494e-05,Random Forest
text__of paid,4.804240515507332e-05,Random Forest
text__food,4.798876657800768e-05,Random Forest
text__enabled,4.798133795229441e-05,Random Forest
text__rare,4.7970844973725114e-05,Random Forest
text__la,4.785087233681521e-05,Random Forest
text__work across,4.7697609155632546e-05,Random Forest
text__technologies is,4.7585697131907397e-05,Random Forest
text__benchmark,4.749494869924606e-05,Random Forest
text__workforce,4.747892901258509e-05,Random Forest
text__and identify,4.7477226915420766e-05,Random Forest
text__into the,4.734808759525824e-05,Random Forest
text__do you,4.7310968229079004e-05,Random Forest
text__gcp,4.730455455935875e-05,Random Forest
text__preparing,4.726729072959394e-05,Random Forest
text__ein,4.7216236893116305e-05,Random Forest
text__registered,4.71839733845748e-05,Random Forest
text__makers,4.714907237910903e-05,Random Forest
text__salesforce,4.711469707879366e-05,Random Forest
text__all of,4.711052479613143e-05,Random Forest
text__periods,4.710703003916613e-05,Random Forest
text__speaking,4.708487719007451e-05,Random Forest
text__consultants,4.7067195382303085e-05,Random Forest
text__follow through,4.704007345102691e-05,Random Forest
text__authorization,4.701299771285554e-05,Random Forest
text__oncology,4.7001013842244374e-05,Random Forest
text__recurring,4.69195097526109e-05,Random Forest
text__should be,4.690699649874527e-05,Random Forest
text__in timely,4.687152771861273e-05,Random Forest
text__reconciliation,4.6858468487920235e-05,Random Forest
text__personnel,4.685541569445531e-05,Random Forest
text__that we,4.68547467025057e-05,Random Forest
text__collaborating with,4.684217889575322e-05,Random Forest
text__profit,4.6771856474472714e-05,Random Forest
text__will also,4.676900000627916e-05,Random Forest
text__next generation,4.6763810293575475e-05,Random Forest
text__north,4.675291047482267e-05,Random Forest
text__treatment,4.669975295465003e-05,Random Forest
text__adherence to,4.667103797687212e-05,Random Forest
text__controls,4.663564666992003e-05,Random Forest
text__sr,4.660516660789636e-05,Random Forest
text__supply chain,4.6543908309326365e-05,Random Forest
text__and account,4.6501909417571414e-05,Random Forest
text__members and,4.6452596936435776e-05,Random Forest
text__submission,4.644569370402185e-05,Random Forest
text__lead and,4.64137458809325e-05,Random Forest
text__willing,4.63908888869207e-05,Random Forest
text__york,4.6334265786572256e-05,Random Forest
text__particularly,4.627343660052704e-05,Random Forest
text__and building,4.6260561770463014e-05,Random Forest
text__has been,4.620690008863528e-05,Random Forest
text__cross functionally,4.616430613857498e-05,Random Forest
text__members to,4.615217442494439e-05,Random Forest
text__real time,4.614026050128559e-05,Random Forest
text__equity and,4.613197431222502e-05,Random Forest
text__aspects,4.61041776504333e-05,Random Forest
text__diverse and,4.60867709860388e-05,Random Forest
text__aspects of,4.604521240239833e-05,Random Forest
text__tooling,4.6044351273282714e-05,Random Forest
text__stakeholders to,4.602880695583598e-05,Random Forest
text__insights to,4.600778209244843e-05,Random Forest
text__reasonable accommodations,4.5985495330120156e-05,Random Forest
text__attorney,4.590728831412825e-05,Random Forest
text__service representative,4.582595055170327e-05,Random Forest
text__clinical trial,4.582592315182151e-05,Random Forest
text__however,4.582317763786427e-05,Random Forest
text__trials,4.58071003070997e-05,Random Forest
text__professional and,4.580282109800585e-05,Random Forest
text__energy,4.577061595997897e-05,Random Forest
text__the end,4.574421046994548e-05,Random Forest
text__management of,4.5725187279063046e-05,Random Forest
text__with internal,4.571963239578701e-05,Random Forest
text__the organization,4.571239647513302e-05,Random Forest
text__stakeholder,4.568301277883607e-05,Random Forest
text__program and,4.5592786401532496e-05,Random Forest
text__automate,4.556483570372679e-05,Random Forest
text__sustainable,4.553800566038961e-05,Random Forest
text__legally protected,4.5529591686957795e-05,Random Forest
text__1b,4.5306672373475896e-05,Random Forest
text__of new,4.529434689732284e-05,Random Forest
text__full stack,4.5118030390110666e-05,Random Forest
text__engineering teams,4.5110241776608134e-05,Random Forest
text__short term,4.505224016459257e-05,Random Forest
text__coach,4.503622422666307e-05,Random Forest
text__technical solutions,4.501427202035068e-05,Random Forest
text__labor,4.495645093526645e-05,Random Forest
text__the us,4.493930085501323e-05,Random Forest
text__of life,4.489030975452887e-05,Random Forest
text__venture,4.4887517886702495e-05,Random Forest
text__meta,4.481462391171703e-05,Random Forest
text__delivers,4.4789966551001224e-05,Random Forest
text__acumen,4.4780489453964183e-05,Random Forest
text__300,4.472101354474556e-05,Random Forest
text__service delivery,4.4686749062731e-05,Random Forest
text__compensation and,4.4655855076194135e-05,Random Forest
text__windows,4.4607027074349187e-05,Random Forest
text__au,4.456982847253148e-05,Random Forest
text__specifically,4.456126162651599e-05,Random Forest
text__litigation,4.454279229692375e-05,Random Forest
text__team the,4.4518060853491316e-05,Random Forest
text__information or,4.44592176574808e-05,Random Forest
text__capital,4.4452470805750445e-05,Random Forest
text__aus,4.44294951335596e-05,Random Forest
text__leaders and,4.4374908035992533e-05,Random Forest
text__with data,4.43602254835849e-05,Random Forest
text__stipend,4.4348496516781726e-05,Random Forest
text__peter thiel,4.433387713584332e-05,Random Forest
text__sales experience,4.432632480660979e-05,Random Forest
text__migration,4.4325507237649696e-05,Random Forest
text__id,4.43070822436078e-05,Random Forest
text__ai assisted,4.426716220854888e-05,Random Forest
text__cold,4.426593368595296e-05,Random Forest
text__with leading,4.425274594012427e-05,Random Forest
text__management skills,4.423484711172746e-05,Random Forest
text__and ensuring,4.4213277158120515e-05,Random Forest
text__and social,4.419820639238374e-05,Random Forest
text__commerce,4.418349308105001e-05,Random Forest
text__positioning,4.4151447414121754e-05,Random Forest
text__procedures and,4.4124840775270125e-05,Random Forest
text__represent,4.409742682922578e-05,Random Forest
text__records and,4.3896147315659435e-05,Random Forest
text__and client,4.3815248582324124e-05,Random Forest
text__continued,4.3798954789599864e-05,Random Forest
text__and well,4.375062701600254e-05,Random Forest
text__contractors,4.374047927609508e-05,Random Forest
text__teamwork,4.373978251960791e-05,Random Forest
text__centers,4.371812760889131e-05,Random Forest
text__explain,4.369721294297667e-05,Random Forest
categorical__experience_level_primary_Manager,4.3685140530178395e-05,Random Forest
text__team is,4.3674833682552296e-05,Random Forest
text__fee,4.3648261324682305e-05,Random Forest
text__due to,4.360282200430372e-05,Random Forest
text__conferences,4.358569705805257e-05,Random Forest
text__fast growing,4.351551812624521e-05,Random Forest
text__built on,4.3445302357398004e-05,Random Forest
text__contributing to,4.3429706366437314e-05,Random Forest
text__in all,4.334108613291728e-05,Random Forest
text__est,4.332380777466721e-05,Random Forest
text__and engineering,4.329534398271556e-05,Random Forest
text__with disability,4.328327897327693e-05,Random Forest
text__to enable,4.325290688888836e-05,Random Forest
text__and revenue,4.322880730169699e-05,Random Forest
text__dependent,4.3129160614511715e-05,Random Forest
text__as senior,4.312728152813298e-05,Random Forest
text__with product,4.312353644470952e-05,Random Forest
text__kpis,4.310284856525763e-05,Random Forest
text__10 years,4.3080176745461766e-05,Random Forest
text__and best,4.307357175548544e-05,Random Forest
text__team environment,4.306881404627409e-05,Random Forest
text__of team,4.304208645437134e-05,Random Forest
text__and reporting,4.303526315841275e-05,Random Forest
text__the broader,4.30218943006692e-05,Random Forest
text__platform information,4.292007506346504e-05,Random Forest
text__with engineering,4.290505672059049e-05,Random Forest
text__recommend,4.289399785556103e-05,Random Forest
text__execution of,4.282180133211698e-05,Random Forest
text__ai enabled,4.280203442506489e-05,Random Forest
text__and post,4.2787971676230195e-05,Random Forest
text__designers,4.2784050483643466e-05,Random Forest
text__mitigation,4.273304241726967e-05,Random Forest
text__typescript,4.2660713977052374e-05,Random Forest
text__living,4.265801167569258e-05,Random Forest
text__implementations,4.2646106074655723e-05,Random Forest
text__analyses,4.2637549290735576e-05,Random Forest
text__frontend,4.258405513352132e-05,Random Forest
text__develops,4.256082470511635e-05,Random Forest
text__multiple priorities,4.255417263624134e-05,Random Forest
text__that drive,4.24487263439844e-05,Random Forest
text__order to,4.2368172162326684e-05,Random Forest
text__high performance,4.231858229596548e-05,Random Forest
text__devices,4.231596318849864e-05,Random Forest
text__dorsey,4.220595127156313e-05,Random Forest
text__content and,4.219312676838532e-05,Random Forest
text__use ai,4.2121955008911665e-05,Random Forest
text__affirmative action,4.209020192273722e-05,Random Forest
text__cultural,4.208351708143979e-05,Random Forest
text__proficient in,4.2070914929411715e-05,Random Forest
text__identity and,4.206809255362462e-05,Random Forest
text__large scale,4.2038305140824995e-05,Random Forest
text__and working,4.203535179411964e-05,Random Forest
text__leadership to,4.190209175590801e-05,Random Forest
text__relationship management,4.187812707319113e-05,Random Forest
text__priorities and,4.1869339457426525e-05,Random Forest
text__lifestyle,4.183761966815787e-05,Random Forest
text__vision and,4.18216975099774e-05,Random Forest
text__of years,4.180478287290183e-05,Random Forest
text__scripts,4.17969621669957e-05,Random Forest
text__framework,4.1793596329231625e-05,Random Forest
text__total rewards,4.179251851576242e-05,Random Forest
text__the highest,4.1776000824480296e-05,Random Forest
text__vendors,4.176418762075847e-05,Random Forest
text__effectively with,4.168850425921051e-05,Random Forest
text__associates,4.168798565363559e-05,Random Forest
text__partnering with,4.164893478279518e-05,Random Forest
text__revenue cycle,4.162197208406046e-05,Random Forest
text__forms,4.1596878147929156e-05,Random Forest
text__data analytics,4.157496471735905e-05,Random Forest
text__innovate,4.152513121928013e-05,Random Forest
text__operations manager,4.1425032874150346e-05,Random Forest
text__governance,4.1396979595255114e-05,Random Forest
text__repeatable,4.137997233522933e-05,Random Forest
text__continue to,4.13777627887058e-05,Random Forest
text__master degree,4.137621429289559e-05,Random Forest
text__we value,4.135076248009421e-05,Random Forest
text__of relevant,4.1341140704557675e-05,Random Forest
text__go to,4.131016148661545e-05,Random Forest
text__dans,4.130853805648438e-05,Random Forest
text__inspire,4.1189631765927436e-05,Random Forest
text__combination of,4.111246170703959e-05,Random Forest
text__occasionally,4.1109995180843266e-05,Random Forest
text__ml,4.1073750914810345e-05,Random Forest
text__assisted,4.104982197565994e-05,Random Forest
text__prioritization,4.1004670752818525e-05,Random Forest
text__program manager,4.098501314725816e-05,Random Forest
text__challenges and,4.097664063239516e-05,Random Forest
text__backend development,4.088998787547201e-05,Random Forest
text__grant,4.085112920721807e-05,Random Forest
text__ii,4.075716626960095e-05,Random Forest
text__for candidates,4.0756144687478145e-05,Random Forest
text__on time,4.0735415448281546e-05,Random Forest
text__protocols,4.060373907970907e-05,Random Forest
text__maximize,4.059649154367558e-05,Random Forest
text__field or,4.0584823083686016e-05,Random Forest
text__datasets,4.053705529805143e-05,Random Forest
text__sales manager,4.048519988813169e-05,Random Forest
text__developers,4.0437406774467265e-05,Random Forest
text__your ai,4.043078236640715e-05,Random Forest
text__navigating,4.0427860801266216e-05,Random Forest
text__the candidate,4.0362833368593444e-05,Random Forest
text__to lead,4.035652777414215e-05,Random Forest
text__detailed,4.032260348278017e-05,Random Forest
text__sales director,4.0320264595340965e-05,Random Forest
text__competing,4.025512659291075e-05,Random Forest
text__enables,4.023120583369789e-05,Random Forest
text__interested in,4.021541551973473e-05,Random Forest
text__maintenance,4.017897289719246e-05,Random Forest
text__an ai,4.016091432802391e-05,Random Forest
text__accessibility,4.010416137326595e-05,Random Forest
text__interpret,4.008816925971431e-05,Random Forest
text__required experience,4.008398878794396e-05,Random Forest
text__data analysis,4.002475884619638e-05,Random Forest
text__privacy notice,4.0019614276750225e-05,Random Forest
text__and analytics,4.0007759072695696e-05,Random Forest
text__phase,3.996783706262561e-05,Random Forest
text__craft,3.995215584453646e-05,Random Forest
text__least years,3.9945584810232336e-05,Random Forest
text__thinking and,3.991459739223778e-05,Random Forest
text__considerations,3.9880073326659e-05,Random Forest
text__transfer,3.98241759241495e-05,Random Forest
text__loan,3.9823076412490886e-05,Random Forest
text__como,3.982042613692941e-05,Random Forest
text__items,3.981083961662093e-05,Random Forest
text__trust and,3.978791938840587e-05,Random Forest
text__clinical trials,3.974136118949271e-05,Random Forest
text__plans and,3.972899989054701e-05,Random Forest
text__and delivery,3.9700295307940864e-05,Random Forest
text__testing and,3.960830762299547e-05,Random Forest
text__from an,3.9604286911477055e-05,Random Forest
text__all levels,3.9594236311922e-05,Random Forest
text__partners and,3.958548924427347e-05,Random Forest
text__project manager,3.957626434070683e-05,Random Forest
text__release,3.9534406818887826e-05,Random Forest
text__types,3.948525860649257e-05,Random Forest
text__sense of,3.947698707627237e-05,Random Forest
text__and industry,3.9466595134294206e-05,Random Forest
text__not only,3.945487299784666e-05,Random Forest
text__much,3.9429424339617506e-05,Random Forest
text__and management,3.942853262283556e-05,Random Forest
text__for their,3.9405638119399206e-05,Random Forest
text__and creative,3.9320783909017075e-05,Random Forest
text__des,3.928239158784276e-05,Random Forest
text__involving,3.9257352676102495e-05,Random Forest
text__years experience,3.9212545609371414e-05,Random Forest
text__and review,3.918422780173979e-05,Random Forest
text__with customer,3.918141775331671e-05,Random Forest
text__von,3.915400737109186e-05,Random Forest
text__customer satisfaction,3.913966598296869e-05,Random Forest
text__collaboration with,3.911244715539697e-05,Random Forest
text__the status,3.908741660701163e-05,Random Forest
text__using ai,3.906607737222748e-05,Random Forest
text__maintain and,3.903889385839924e-05,Random Forest
text__landscape,3.902638075079971e-05,Random Forest
text__take ownership,3.8980301539501365e-05,Random Forest
text__role and,3.8970062158116905e-05,Random Forest
text__with cross,3.896894116903183e-05,Random Forest
text__duties and,3.895052072359979e-05,Random Forest
text__harassment,3.893580130131936e-05,Random Forest
text__arrangements,3.891522868473223e-05,Random Forest
text__executive leadership,3.88037906639422e-05,Random Forest
text__enablement,3.878050787427998e-05,Random Forest
text__trends and,3.8773107878270176e-05,Random Forest
text__ip,3.875408208552973e-05,Random Forest
text__funding,3.8696211642314666e-05,Random Forest
text__specialist senior,3.86926300048581e-05,Random Forest
text__net,3.867592010347659e-05,Random Forest
text__help us,3.8649004109965686e-05,Random Forest
text__stand,3.864074679293666e-05,Random Forest
text__entire,3.863769158299901e-05,Random Forest
text__and design,3.858027179711241e-05,Random Forest
text__metrics and,3.857618376787372e-05,Random Forest
text__and analytical,3.854337559066742e-05,Random Forest
text__regularly,3.8538087398681e-05,Random Forest
text__is highly,3.849070615352711e-05,Random Forest
text__work life,3.8472980141629094e-05,Random Forest
text__successful candidate,3.844290815254809e-05,Random Forest
text__study,3.840418389952001e-05,Random Forest
text__smarter,3.840357190311499e-05,Random Forest
text__to creating,3.83706683149595e-05,Random Forest
text__experience developing,3.836925278134774e-05,Random Forest
text__manages,3.834193940947374e-05,Random Forest
text__systems that,3.8331421031182855e-05,Random Forest
text__include benchmark,3.8270708908236093e-05,Random Forest
text__to find,3.826548085005589e-05,Random Forest
text__data quality,3.825560647613649e-05,Random Forest
text__interpretation,3.825123944764256e-05,Random Forest
text__note that,3.822643477609394e-05,Random Forest
text__engineer to,3.821174842525547e-05,Random Forest
text__work is,3.8169765356916996e-05,Random Forest
text__quickly and,3.814072083095574e-05,Random Forest
text__benchmark general,3.812878229769074e-05,Random Forest
text__cycles,3.807051115092658e-05,Random Forest
text__an impact,3.8027600667329414e-05,Random Forest
text__unable to,3.797318575161813e-05,Random Forest
text__clinical operations,3.796672330312714e-05,Random Forest
text__quality of,3.795035615190695e-05,Random Forest
text__performed,3.794735267188982e-05,Random Forest
text__advocate,3.79101769343315e-05,Random Forest
text__embedded,3.7875163575559665e-05,Random Forest
text__and accountability,3.7854989055296383e-05,Random Forest
text__sell,3.783216133266911e-05,Random Forest
text__the quality,3.780967965095097e-05,Random Forest
text__confidential,3.7782694045978124e-05,Random Forest
text__on site,3.776244738947726e-05,Random Forest
text__bi,3.772603244208123e-05,Random Forest
text__simple,3.767408743461421e-05,Random Forest
text__product engineering,3.764440191451457e-05,Random Forest
text__you ve,3.7639623313136745e-05,Random Forest
text__les,3.762744578361422e-05,Random Forest
text__connecting,3.758306505761489e-05,Random Forest
text__deploy,3.754467636647376e-05,Random Forest
text__several,3.752687508821471e-05,Random Forest
text__administrator,3.747113911134516e-05,Random Forest
text__board,3.7412304426264694e-05,Random Forest
text__assessments,3.7395274944396504e-05,Random Forest
text__github,3.7379090509306595e-05,Random Forest
text__to use,3.737291811823838e-05,Random Forest
text__enterprise sales,3.736652443981163e-05,Random Forest
text__sap,3.736622251429521e-05,Random Forest
text__400,3.732963805375213e-05,Random Forest
text__implementing,3.728076230717113e-05,Random Forest
text__work for,3.72483020125337e-05,Random Forest
text__right to,3.724298114318214e-05,Random Forest
text__as trusted,3.7221789513159387e-05,Random Forest
text__speak,3.713309273973652e-05,Random Forest
text__align with,3.7132917163709396e-05,Random Forest
text__applications and,3.7057196418489974e-05,Random Forest
text__peter,3.705039670750131e-05,Random Forest
text__amazon,3.694938673364064e-05,Random Forest
text__motion,3.691980456670076e-05,Random Forest
text__daily please,3.6908122229590754e-05,Random Forest
text__marketing manager,3.6879537512178685e-05,Random Forest
text__studies,3.684043514352803e-05,Random Forest
text__re not,3.683579523202487e-05,Random Forest
text__audiences,3.682744843810913e-05,Random Forest
text__that may,3.682318989072938e-05,Random Forest
text__application steps,3.6766598846578405e-05,Random Forest
text__escalate,3.6708478153661964e-05,Random Forest
text__deep expertise,3.66822497108947e-05,Random Forest
text__help or,3.661175249022671e-05,Random Forest
text__decisions and,3.658514806697491e-05,Random Forest
text__with senior,3.6548649610367136e-05,Random Forest
text__technical support,3.651146840646538e-05,Random Forest
text__is looking,3.649084721219634e-05,Random Forest
text__and close,3.6468563129124654e-05,Random Forest
text__areas of,3.6370107124707e-05,Random Forest
text__employer all,3.630278743278397e-05,Random Forest
text__represents,3.628826924953123e-05,Random Forest
text__economics,3.6266249079250296e-05,Random Forest
text__and systems,3.618775433359187e-05,Random Forest
text__with other,3.613544438095539e-05,Random Forest
text__inc,3.6128226141182634e-05,Random Forest
text__delivery and,3.612292552093841e-05,Random Forest
text__combine,3.6069438754397604e-05,Random Forest
text__and integration,3.6044786341676454e-05,Random Forest
text__we build,3.604431211912305e-05,Random Forest
text__ideal for,3.5929495210086555e-05,Random Forest
text__hospital,3.5839615090417687e-05,Random Forest
text__grade,3.581053732828165e-05,Random Forest
text__spark,3.578009821144524e-05,Random Forest
text__reusable,3.577554563397888e-05,Random Forest
text__relationships and,3.577207669166838e-05,Random Forest
text__stack developer,3.575809476891423e-05,Random Forest
text__intended,3.574689180006349e-05,Random Forest
text__and production,3.574595198243927e-05,Random Forest
text__strategist,3.567619321097849e-05,Random Forest
text__engineering data,3.564962806742816e-05,Random Forest
text__behind,3.554721092120173e-05,Random Forest
text__to align,3.5500899660339555e-05,Random Forest
text__and translate,3.546638471900511e-05,Random Forest
text__ux,3.542762519588029e-05,Random Forest
text__quickbooks,3.5394446120901844e-05,Random Forest
text__support of,3.53357427620761e-05,Random Forest
text__everything we,3.532064255686682e-05,Random Forest
text__engineer developer,3.529444943023121e-05,Random Forest
text__the core,3.525815229627837e-05,Random Forest
text__modernization,3.525455408191053e-05,Random Forest
text__search,3.524718251615925e-05,Random Forest
text__ai to,3.5227901072638e-05,Random Forest
text__erfahrung,3.5215452502386555e-05,Random Forest
text__ai ml,3.521326439463216e-05,Random Forest
text__pro,3.514572763317887e-05,Random Forest
text__barriers,3.511440599506221e-05,Random Forest
text__support your,3.505574775595009e-05,Random Forest
text__respond to,3.502863103980299e-05,Random Forest
text__house,3.499658007162005e-05,Random Forest
text__business outcomes,3.496182175594417e-05,Random Forest
text__looks,3.4951759116387796e-05,Random Forest
text__in production,3.479369404271519e-05,Random Forest
text__ecommerce,3.477253316286373e-05,Random Forest
text__nurse,3.4753558304334944e-05,Random Forest
text__fraud,3.4751213672931846e-05,Random Forest
text__legacy,3.4743676655184e-05,Random Forest
text__of sales,3.471470767633354e-05,Random Forest
text__is also,3.469846424708366e-05,Random Forest
text__billion,3.464602139816171e-05,Random Forest
text__skills including,3.4484844818272166e-05,Random Forest
text__counseling,3.433982462526825e-05,Random Forest
text__the way,3.425096942195718e-05,Random Forest
text__executive level,3.4250483938765145e-05,Random Forest
text__and personal,3.4201658534588426e-05,Random Forest
text__to their,3.4187147487806984e-05,Random Forest
text__demonstrate,3.4178063050901336e-05,Random Forest
text__finance and,3.415001024276804e-05,Random Forest
text__ll have,3.412656589892011e-05,Random Forest
text__analytics and,3.4121161728892655e-05,Random Forest
text__analysts,3.395085693611151e-05,Random Forest
text__internship,3.395026328424887e-05,Random Forest
text__oder,3.394385218727179e-05,Random Forest
text__that the,3.393235694256866e-05,Random Forest
text__and new,3.386935627863659e-05,Random Forest
text__functionally,3.3845826221030054e-05,Random Forest
text__assignments,3.383094236057426e-05,Random Forest
text__agentic,3.380680242871226e-05,Random Forest
text__payroll,3.3709359229908995e-05,Random Forest
text__to evaluate,3.365600292974845e-05,Random Forest
text__trading,3.3645253878297055e-05,Random Forest
text__with focus,3.363799779574837e-05,Random Forest
text__judgment and,3.3609051696249464e-05,Random Forest
text__especially,3.359537924510673e-05,Random Forest
text__milestones,3.350201014251301e-05,Random Forest
text__hospitality,3.349629408222605e-05,Random Forest
text__perform the,3.348524431423708e-05,Random Forest
text__elevate,3.347379001348418e-05,Random Forest
text__to this,3.345687555478585e-05,Random Forest
text__seek,3.341837583708067e-05,Random Forest
text__findings,3.3406702124058274e-05,Random Forest
text__smooth,3.337414123426358e-05,Random Forest
text__sales operations,3.335784367758694e-05,Random Forest
text__regulations and,3.325813134555401e-05,Random Forest
text__measure,3.322869998691616e-05,Random Forest
text__infrastructure and,3.311406726015306e-05,Random Forest
text__integrity and,3.309830483317452e-05,Random Forest
text__and market,3.3082547543000346e-05,Random Forest
text__information systems,3.307357214040095e-05,Random Forest
text__in der,3.303705517510852e-05,Random Forest
text__trial,3.299032128451308e-05,Random Forest
text__management experience,3.296007408446259e-05,Random Forest
text__our business,3.2916387517397574e-05,Random Forest
text__vous,3.290615949498628e-05,Random Forest
text__six,3.2867521901318565e-05,Random Forest
text__statements,3.282176687317606e-05,Random Forest
text__trade,3.277548363117483e-05,Random Forest
text__support our,3.276950963853618e-05,Random Forest
text__our work,3.27503634188979e-05,Random Forest
text__network of,3.2739400296682757e-05,Random Forest
text__an employee,3.268417486900626e-05,Random Forest
text__preferably,3.265548282948825e-05,Random Forest
text__new business,3.259787227686549e-05,Random Forest
text__contracting,3.2571024741400806e-05,Random Forest
text__contributor,3.254959640157777e-05,Random Forest
text__machine learning,3.25246161511181e-05,Random Forest
text__reference,3.2448985465951516e-05,Random Forest
text__book,3.241194712825826e-05,Random Forest
text__productive,3.238802033804692e-05,Random Forest
text__environmental,3.238401570418437e-05,Random Forest
text__qualifications years,3.2375220109334745e-05,Random Forest
text__collect,3.236270237921119e-05,Random Forest
text__practices and,3.232606168847463e-05,Random Forest
text__owner,3.2215038964943355e-05,Random Forest
text__click,3.216547560142675e-05,Random Forest
text__scripting,3.214115028689348e-05,Random Forest
text__hast,3.212776435934949e-05,Random Forest
text__un,3.2068311971888405e-05,Random Forest
text__extensive,3.204062487030678e-05,Random Forest
text__list,3.2002079474868956e-05,Random Forest
text__that support,3.195544656386062e-05,Random Forest
text__quantitative,3.19156792480113e-05,Random Forest
text__appointments,3.187196781828532e-05,Random Forest
text__personally,3.185741999467138e-05,Random Forest
text__liaison,3.1792884505783927e-05,Random Forest
text__medicine,3.1752486531281575e-05,Random Forest
text__departments,3.174642114863881e-05,Random Forest
text__mortgage,3.1745441359581995e-05,Random Forest
text__professional growth,3.171423807004584e-05,Random Forest
text__api,3.167296884285458e-05,Random Forest
categorical__broad_category_Healthcare,3.16430718717667e-05,Random Forest
text__mentorship,3.1631533238564885e-05,Random Forest
text__completion of,3.162120072515163e-05,Random Forest
text__medical affairs,3.1526677801018934e-05,Random Forest
text__giving,3.151887567108172e-05,Random Forest
text__to solve,3.145318480142324e-05,Random Forest
text__approval,3.13429086710576e-05,Random Forest
text__belonging,3.13412973100947e-05,Random Forest
categorical__broad_category_Operations,3.1339580963240805e-05,Random Forest
text__staffing,3.133831362716216e-05,Random Forest
text__programming,3.132915446570531e-05,Random Forest
text__the field,3.132780715725269e-05,Random Forest
text__and take,3.125327199827673e-05,Random Forest
text__proficiency with,3.121762349143256e-05,Random Forest
text__the product,3.1214725258579595e-05,Random Forest
text__alignment with,3.1105219880064285e-05,Random Forest
text__participates,3.106301043312985e-05,Random Forest
text__ci cd,3.102849979265987e-05,Random Forest
text__angelo,3.1000455805094604e-05,Random Forest
text__solving and,3.0978821204986364e-05,Random Forest
text__matching,3.0964758454214666e-05,Random Forest
text__integrating,3.095550080526818e-05,Random Forest
text__counsel,3.083796052267989e-05,Random Forest
text__root,3.082232744805412e-05,Random Forest
text__instagram,3.078313432887499e-05,Random Forest
text__cd,3.0752519782519495e-05,Random Forest
text__editing,3.0738878302082806e-05,Random Forest
text__experience preferred,3.0658157307279457e-05,Random Forest
text__and cost,3.0643435274334986e-05,Random Forest
text__empowered,3.060617147878143e-05,Random Forest
text__identifies,3.052201788331811e-05,Random Forest
text__new york,3.0516741569304746e-05,Random Forest
text__comply,3.0507429657868855e-05,Random Forest
text__machine,3.041452129104464e-05,Random Forest
text__hired,3.038013333935591e-05,Random Forest
text__credit,3.0378605189736672e-05,Random Forest
text__risk management,3.034097999063603e-05,Random Forest
text__then,3.029470136643691e-05,Random Forest
text__data center,3.025628828198441e-05,Random Forest
text__scalability,3.0249748079453758e-05,Random Forest
text__defense,3.021446343113696e-05,Random Forest
text__annotation,3.0175755284875758e-05,Random Forest
text__to communicate,3.0153514250094166e-05,Random Forest
text__with and,3.0081273086431068e-05,Random Forest
categorical__broad_category_Customer Service,3.0075186122244108e-05,Random Forest
text__security and,3.001383872616398e-05,Random Forest
text__conducting,2.9974266543179487e-05,Random Forest
text__human resources,2.9957607577869294e-05,Random Forest
text__you and,2.9835306902829452e-05,Random Forest
text__sustainability,2.97773888801013e-05,Random Forest
text__job mercor,2.9750956496991757e-05,Random Forest
text__product development,2.972356234185098e-05,Random Forest
text__explore,2.9685315078272525e-05,Random Forest
text__sponsor,2.9665498342148134e-05,Random Forest
text__working closely,2.9658380295342217e-05,Random Forest
text__of product,2.9638197815142955e-05,Random Forest
text__pour,2.951286845817129e-05,Random Forest
text__and content,2.9478725731498918e-05,Random Forest
text__telehealth,2.9380989461621957e-05,Random Forest
text__engineer ai,2.9351591804904192e-05,Random Forest
text__more information,2.9323383358492242e-05,Random Forest
text__and collaborate,2.932033711698826e-05,Random Forest
text__internal stakeholders,2.9316466271182457e-05,Random Forest
text__ci,2.927776931702158e-05,Random Forest
text__whole,2.9265490730714424e-05,Random Forest
text__ll work,2.9244751840446525e-05,Random Forest
text__status disability,2.9231070591506868e-05,Random Forest
text__chief,2.9199627824241325e-05,Random Forest
text__validation,2.9011831512190893e-05,Random Forest
text__curriculum,2.8984502272149493e-05,Random Forest
text__compensation package,2.892813036245572e-05,Random Forest
text__of clinical,2.8912226479643125e-05,Random Forest
text__campaign,2.8855365698492712e-05,Random Forest
text__along,2.88212036416884e-05,Random Forest
text__apply to,2.8812168481147915e-05,Random Forest
text__low,2.872731256419468e-05,Random Forest
text__equivalent experience,2.870881412181255e-05,Random Forest
text__services to,2.868912158462617e-05,Random Forest
text__incidents,2.8685550269745013e-05,Random Forest
text__and documentation,2.862956564504224e-05,Random Forest
text__deals,2.8594536646935587e-05,Random Forest
text__an accommodation,2.857843556001972e-05,Random Forest
text__travel to,2.857819229091793e-05,Random Forest
text__protection,2.846942732419478e-05,Random Forest
text__stories,2.8396597002665677e-05,Random Forest
text__it and,2.8347307566866146e-05,Random Forest
text__et,2.8346815764717386e-05,Random Forest
text__worked,2.8331747007509805e-05,Random Forest
text__recovery,2.8322220325095334e-05,Random Forest
text__warehouse,2.8258242860944327e-05,Random Forest
text__affairs,2.8194060896387177e-05,Random Forest
text__cyber,2.8150341612678405e-05,Random Forest
text__oversight,2.8076537337166705e-05,Random Forest
text__audience,2.80378706131682e-05,Random Forest
text__designing and,2.795519835532251e-05,Random Forest
text__compliance and,2.7858464385811306e-05,Random Forest
text__minimal,2.771727764416268e-05,Random Forest
text__and infrastructure,2.768263136340451e-05,Random Forest
text__vp,2.7682626430560036e-05,Random Forest
text__ps our,2.7671435762591606e-05,Random Forest
text__in san,2.7645739035922734e-05,Random Forest
text__aware,2.7639800562176396e-05,Random Forest
text__pride,2.76266363407813e-05,Random Forest
text__impact and,2.7617336190823427e-05,Random Forest
text__creed,2.757941184412036e-05,Random Forest
text__kind,2.752010809117928e-05,Random Forest
text__em,2.7433881464362496e-05,Random Forest
text__forecast,2.7416707070228945e-05,Random Forest
text__manual,2.7367176580621623e-05,Random Forest
text__cause,2.736442903656824e-05,Random Forest
text__resilience,2.7215496684932193e-05,Random Forest
text__ups,2.7139986100640778e-05,Random Forest
text__mindset with,2.708563618790469e-05,Random Forest
text__roi,2.705173681343621e-05,Random Forest
text__defining,2.700970487341449e-05,Random Forest
text__inventory,2.6924009645367375e-05,Random Forest
text__and apply,2.6923734557841653e-05,Random Forest
text__outcomes and,2.6920277035622226e-05,Random Forest
text__ai driven,2.6918712530767426e-05,Random Forest
text__equitable,2.688677507010329e-05,Random Forest
text__delivery of,2.683513296504423e-05,Random Forest
text__cloud native,2.677904824616458e-05,Random Forest
text__contact us,2.6768321179668458e-05,Random Forest
text__kunden,2.6762859105633694e-05,Random Forest
text__patient care,2.6762555128335426e-05,Random Forest
text__interpreter,2.6733018358094074e-05,Random Forest
text__and security,2.672619220520483e-05,Random Forest
text__transform,2.671720293570849e-05,Random Forest
text__and modern,2.6670755370530266e-05,Random Forest
text__market and,2.6600956526041234e-05,Random Forest
text__define and,2.652325160565758e-05,Random Forest
text__stack engineer,2.650853340104614e-05,Random Forest
text__solutions architect,2.644627323894626e-05,Random Forest
text__eine,2.6443935102173297e-05,Random Forest
text__strong experience,2.6412583201332544e-05,Random Forest
text__ceo,2.6401164386106747e-05,Random Forest
text__change management,2.6393874965117265e-05,Random Forest
text__combines,2.6242151625735165e-05,Random Forest
text__sie,2.6232342613537166e-05,Random Forest
text__proposals,2.618431249892289e-05,Random Forest
text__operational excellence,2.6172265382400726e-05,Random Forest
text__and commercial,2.6157701070214137e-05,Random Forest
text__to obtain,2.6147802383226138e-05,Random Forest
text__and risk,2.6142490025265382e-05,Random Forest
text__engineer senior,2.602949901658167e-05,Random Forest
text__required years,2.5939182732052153e-05,Random Forest
text__systems engineer,2.59245582248682e-05,Random Forest
text__supervisor,2.5919364782010852e-05,Random Forest
text__surface,2.5912362089741883e-05,Random Forest
text__strive to,2.587949704981568e-05,Random Forest
text__product design,2.5847854276997644e-05,Random Forest
text__architect,2.582650408584782e-05,Random Forest
text__unit,2.5823883838910744e-05,Random Forest
text__platform and,2.5787210331400363e-05,Random Forest
text__experience leading,2.5759459584869874e-05,Random Forest
text__data engineering,2.563058308593351e-05,Random Forest
text__regulatory compliance,2.5628604605934514e-05,Random Forest
text__in house,2.5551517544638378e-05,Random Forest
text__owns,2.5466879643145457e-05,Random Forest
text__customers to,2.541505587138573e-05,Random Forest
text__strong knowledge,2.5255796781160078e-05,Random Forest
text__sector,2.5235229353576497e-05,Random Forest
text__procurement,2.5209492479928652e-05,Random Forest
text__dich,2.5188545829570344e-05,Random Forest
text__commitments,2.5188360266087816e-05,Random Forest
text__head of,2.517829279398802e-05,Random Forest
text__and ongoing,2.5132307034860748e-05,Random Forest
text__business stakeholders,2.5123346744562614e-05,Random Forest
text__from our,2.509039811412644e-05,Random Forest
text__connects elite,2.506824314306248e-05,Random Forest
text__that improve,2.496988477167223e-05,Random Forest
text__institutions,2.496856713944734e-05,Random Forest
text__partner closely,2.4964040537921178e-05,Random Forest
text__and driving,2.4939561824451134e-05,Random Forest
text__the director,2.4913733247415517e-05,Random Forest
text__referrals,2.4807601794212388e-05,Random Forest
text__champion,2.4787327102143035e-05,Random Forest
text__required for,2.474977108927381e-05,Random Forest
text__auf,2.4727810561654376e-05,Random Forest
text__implementation and,2.4705922710735937e-05,Random Forest
text__ist,2.4699110893484782e-05,Random Forest
text__they need,2.4651206802840923e-05,Random Forest
text__with team,2.4609938338244908e-05,Random Forest
text__situations,2.456795725864369e-05,Random Forest
text__und,2.4418089859579168e-05,Random Forest
text__orchestration,2.441273655349104e-05,Random Forest
text__gtm,2.4397398190556744e-05,Random Forest
text__pharma,2.43147868848477e-05,Random Forest
text__claude,2.431073286227083e-05,Random Forest
text__development experience,2.430027775553868e-05,Random Forest
text__scientist,2.429811747851204e-05,Random Forest
text__investigate,2.4146773616997362e-05,Random Forest
text__erp,2.395006888327175e-05,Random Forest
text__usa,2.3884083028383082e-05,Random Forest
text__advise,2.38412541879188e-05,Random Forest
text__stability,2.374091904773073e-05,Random Forest
text__documented,2.373151982147546e-05,Random Forest
text__customer facing,2.3728612711360107e-05,Random Forest
text__requirements into,2.360302565106763e-05,Random Forest
text__sets,2.3589705340785792e-05,Random Forest
text__civil,2.3578270236333128e-05,Random Forest
text__checks,2.3566849148133425e-05,Random Forest
text__establish and,2.3545926358312313e-05,Random Forest
text__mercor connects,2.353951165819793e-05,Random Forest
text__across teams,2.351525965880469e-05,Random Forest
text__hubspot,2.3414455948917307e-05,Random Forest
text__performance metrics,2.3400198016298572e-05,Random Forest
text__frameworks and,2.3347675907316697e-05,Random Forest
text__version,2.3306023068956755e-05,Random Forest
text__assist in,2.3244339504830668e-05,Random Forest
text__fundamentals,2.3220478448619778e-05,Random Forest
text__den,2.319852428319261e-05,Random Forest
text__credentialing,2.3198050532770114e-05,Random Forest
text__constraints,2.3133677153751244e-05,Random Forest
text__of data,2.3124126046985743e-05,Random Forest
text__non technical,2.3005064051875404e-05,Random Forest
text__answer,2.2994869046103283e-05,Random Forest
text__formal,2.293029604692476e-05,Random Forest
text__in which,2.2921956424297822e-05,Random Forest
text__you want,2.2876111419166146e-05,Random Forest
text__president,2.2777713995347904e-05,Random Forest
text__physician,2.264889452111961e-05,Random Forest
text__js,2.2450165957909646e-05,Random Forest
text__supply,2.243953504988656e-05,Random Forest
text__organizational and,2.237912650948986e-05,Random Forest
text__broad,2.2318263409009643e-05,Random Forest
text__working on,2.2258913358459238e-05,Random Forest
text__die,2.2175335012476023e-05,Random Forest
text__enrollment,2.205035775679106e-05,Random Forest
text__architectural,2.2025621721066343e-05,Random Forest
text__configuration,2.202404304787203e-05,Random Forest
text__and implementation,2.2021225572519917e-05,Random Forest
text__estate,2.202109101567708e-05,Random Forest
text__clearance,2.1967361396950186e-05,Random Forest
text__the power,2.1761087287355983e-05,Random Forest
text__copy,2.167723744305006e-05,Random Forest
text__troubleshooting,2.160538818666023e-05,Random Forest
text__node js,2.156340259694282e-05,Random Forest
text__sales account,2.151846146719073e-05,Random Forest
text__architecture and,2.147315386232633e-05,Random Forest
text__teammates,2.1472152597905385e-05,Random Forest
text__women,2.1407869844228574e-05,Random Forest
text__statistical,2.1396723349560327e-05,Random Forest
text__teaching,2.1325075494218637e-05,Random Forest
text__growth marketing,2.1309760983298517e-05,Random Forest
text__usage,2.1300267310939208e-05,Random Forest
text__payer,2.127100131751886e-05,Random Forest
text__often,2.121916390357873e-05,Random Forest
text__scraping,2.1218416764460588e-05,Random Forest
text__possess,2.1153769184150786e-05,Random Forest
text__as you,2.1023952912823314e-05,Random Forest
text__concept,2.0961600033084215e-05,Random Forest
text__open source,2.0951399683357333e-05,Random Forest
text__category,2.0920883801882224e-05,Random Forest
text__product strategy,2.0886251823154285e-05,Random Forest
text__customer engagement,2.0873413387871025e-05,Random Forest
text__translating,2.0838061833357824e-05,Random Forest
text__jira,2.0830338627333827e-05,Random Forest
text__product marketing,2.082357908014437e-05,Random Forest
text__reporting to,2.0807705650095416e-05,Random Forest
text__builder,2.0797666159240527e-05,Random Forest
text__volunteer,2.07080506932083e-05,Random Forest
text__skills in,2.0706815969193137e-05,Random Forest
text__advisory,2.0622257460843443e-05,Random Forest
text__dein,2.0553732361150854e-05,Random Forest
text__in data,2.050011387375274e-05,Random Forest
text__designer,2.0488105894989254e-05,Random Forest
text__the compensation,2.0472326496474703e-05,Random Forest
text__product management,2.045642219853865e-05,Random Forest
text__core values,2.0443386769981582e-05,Random Forest
text__our core,2.0387437229968254e-05,Random Forest
text__business objectives,2.0349774940837372e-05,Random Forest
text__accommodation to,2.030017484519616e-05,Random Forest
text__onsite,2.0287629164348198e-05,Random Forest
text__sources,2.020778360593859e-05,Random Forest
text__zones,2.003138018063779e-05,Random Forest
text__information technology,2.0023927269772815e-05,Random Forest
text__offs,1.9921621738499268e-05,Random Forest
text__lifelancer,1.9882405892486607e-05,Random Forest
text__utilization,1.9862096805388183e-05,Random Forest
text__netsuite,1.9830644779341394e-05,Random Forest
text__connectivity,1.979286569011655e-05,Random Forest
text__rights,1.972682986241613e-05,Random Forest
text__data engineer,1.962362576537132e-05,Random Forest
text__regulatory requirements,1.9620108454171417e-05,Random Forest
text__outside of,1.961062764427127e-05,Random Forest
text__diagnostic,1.956393864080479e-05,Random Forest
text__sourcing,1.955526703246546e-05,Random Forest
text__business intelligence,1.952380283218603e-05,Random Forest
text__client success,1.9500424290156706e-05,Random Forest
text__oral,1.9495122328719158e-05,Random Forest
text__nicht,1.9491640796954934e-05,Random Forest
text__builds,1.9480150883878057e-05,Random Forest
text__the employee,1.9431375146603758e-05,Random Forest
text__understand the,1.930523409912725e-05,Random Forest
text__kubernetes,1.9283903922440487e-05,Random Forest
text__buying,1.9220167332412787e-05,Random Forest
text__and emerging,1.916498658320721e-05,Random Forest
text__rules,1.9163122458711993e-05,Random Forest
text__and cloud,1.9131906420547757e-05,Random Forest
text__fair chance,1.9110960035248728e-05,Random Forest
text__azure,1.909172215641617e-05,Random Forest
text__work we,1.903784041757659e-05,Random Forest
text__file,1.898481611052502e-05,Random Forest
text__success manager,1.8891824722849365e-05,Random Forest
text__winning,1.8869587205310813e-05,Random Forest
text__você,1.8866271834132385e-05,Random Forest
text__manage the,1.8749110729064284e-05,Random Forest
text__click here,1.873531263667883e-05,Random Forest
text__scrum,1.8708728531162234e-05,Random Forest
text__experimentation,1.85870505759755e-05,Random Forest
text__applied,1.8573131887866483e-05,Random Forest
text__to building,1.855667279751893e-05,Random Forest
text__node,1.8529330462844645e-05,Random Forest
text__incident,1.847938710859421e-05,Random Forest
text__licensing,1.8479223061175488e-05,Random Forest
text__transportation,1.846282166571713e-05,Random Forest
text__auditor,1.8443826467892603e-05,Random Forest
text__architectures,1.8430512841565795e-05,Random Forest
categorical__broad_category_Human Resources,1.8388098431420086e-05,Random Forest
text__cd pipelines,1.8303561345949464e-05,Random Forest
categorical__experience_level_primary_Director,1.8284017463902557e-05,Random Forest
text__als,1.8258024356409305e-05,Random Forest
text__your team,1.824893815468518e-05,Random Forest
text__es,1.8213568017872274e-05,Random Forest
text__java,1.8012562144078062e-05,Random Forest
text__pages,1.7982424185315947e-05,Random Forest
text__studio,1.79358444950541e-05,Random Forest
text__and user,1.7925565490764063e-05,Random Forest
text__desirable,1.7897004061876905e-05,Random Forest
categorical__broad_category_Education,1.7877822507229543e-05,Random Forest
text__have access,1.779904698945124e-05,Random Forest
text__and system,1.774160209325627e-05,Random Forest
text__analyzing,1.773925856375756e-05,Random Forest
text__we ll,1.7698645431714323e-05,Random Forest
text__regulatory affairs,1.765685401600412e-05,Random Forest
text__visits,1.7651540335121574e-05,Random Forest
text__audits,1.7641117589510133e-05,Random Forest
text__power bi,1.7623400288362292e-05,Random Forest
text__pipelines,1.7583265522171742e-05,Random Forest
categorical__broad_category_Legal,1.75820493635112e-05,Random Forest
text__über,1.7570838882227205e-05,Random Forest
text__engineers and,1.756526604801458e-05,Random Forest
text__relations,1.7556534298445805e-05,Random Forest
text__engineering senior,1.7543113967940548e-05,Random Forest
text__arbeiten,1.7495219265299447e-05,Random Forest
text__contact center,1.7473504855599207e-05,Random Forest
text__triage,1.7408715702737296e-05,Random Forest
text__transaction,1.738539151992938e-05,Random Forest
text__wir,1.7344622971538686e-05,Random Forest
text__organized and,1.7308189998075996e-05,Random Forest
text__docker,1.7306172054020814e-05,Random Forest
text__data management,1.7292739547547323e-05,Random Forest
text__the technical,1.7268440293627e-05,Random Forest
text__ui,1.7201790240909937e-05,Random Forest
text__founder,1.7133238223100358e-05,Random Forest
text__money,1.7107658031679023e-05,Random Forest
text__we operate,1.7095800801853277e-05,Random Forest
text__initiatives and,1.7049231926473864e-05,Random Forest
text__the essential,1.7024565434495505e-05,Random Forest
text__to accelerate,1.699229103037756e-05,Random Forest
categorical__broad_category_Marketing,1.6860204511217942e-05,Random Forest
text__business analyst,1.6824109516615798e-05,Random Forest
text__activation,1.6757121300540144e-05,Random Forest
text__server,1.6743222493567494e-05,Random Forest
text__and scale,1.6742894365742334e-05,Random Forest
text__access and,1.6711633893853823e-05,Random Forest
text__workday,1.6711216190003924e-05,Random Forest
text__strong relationships,1.6688229446888833e-05,Random Forest
text__to define,1.6647035726796747e-05,Random Forest
text__de la,1.6559645575901956e-05,Random Forest
text__and delivering,1.653507302209989e-05,Random Forest
text__zero,1.646495014413095e-05,Random Forest
text__quota,1.627858292131062e-05,Random Forest
text__revenue growth,1.6274244621303615e-05,Random Forest
text__databricks,1.6226688768377328e-05,Random Forest
text__unsolicited,1.620310596734693e-05,Random Forest
text__measurement,1.620180851714562e-05,Random Forest
text__game,1.6128954308420443e-05,Random Forest
text__comparable,1.608356502276935e-05,Random Forest
text__program management,1.608158337043043e-05,Random Forest
categorical__broad_category_Other,1.6059727137737734e-05,Random Forest
text__and innovation,1.60559884391104e-05,Random Forest
text__and its,1.6025760179425043e-05,Random Forest
text__submissions,1.6005820545175867e-05,Random Forest
text__queries,1.595569635050603e-05,Random Forest
text__senior software,1.5803321082485965e-05,Random Forest
text__senior manager,1.5740044284350257e-05,Random Forest
text__specifications,1.556639867083248e-05,Random Forest
text__zu,1.5551657744930106e-05,Random Forest
text__and analysis,1.5473986594857757e-05,Random Forest
text__account manager,1.54725763497772e-05,Random Forest
text__seo,1.5455276289851756e-05,Random Forest
text__pharmacy,1.5424810141002233e-05,Random Forest
text__dem,1.5387023467935505e-05,Random Forest
text__team lead,1.5373466769595543e-05,Random Forest
text__data into,1.5269847274404837e-05,Random Forest
text__senior director,1.517888143265047e-05,Random Forest
text__product manager,1.5019253923702563e-05,Random Forest
text__marketplace,1.500777877606852e-05,Random Forest
text__reviewer,1.4950398505651434e-05,Random Forest
text__linux,1.4647730991347958e-05,Random Forest
text__strategic account,1.462283253693116e-05,Random Forest
text__funnel,1.458407145897653e-05,Random Forest
text__generative,1.4565952468799144e-05,Random Forest
text__generative ai,1.4465178836621094e-05,Random Forest
text__dir,1.4268814304892943e-05,Random Forest
text__primarily,1.4249809820198322e-05,Random Forest
text__to customer,1.4130924377926161e-05,Random Forest
text__je,1.400941956211565e-05,Random Forest
text__risk and,1.4002649316640043e-05,Random Forest
text__ship,1.387040966971519e-05,Random Forest
text__analyst senior,1.3724203693166644e-05,Random Forest
text__infrastructure as,1.3603154268542895e-05,Random Forest
text__discussions,1.3559721571956034e-05,Random Forest
text__complex technical,1.353142646679901e-05,Random Forest
text__and operations,1.3476978826317416e-05,Random Forest
text__enhancements,1.3389178966851428e-05,Random Forest
text__rn,1.3317632930030689e-05,Random Forest
text__electrical,1.3317078658435944e-05,Random Forest
text__digital transformation,1.327433991083149e-05,Random Forest
text__hardware,1.325870829733859e-05,Random Forest
text__development manager,1.3245228894460436e-05,Random Forest
text__to business,1.323916751249622e-05,Random Forest
text__einem,1.3044209068976149e-05,Random Forest
text__our commitment,1.3043319939805494e-05,Random Forest
text__terraform,1.3029714041417458e-05,Random Forest
text__and time,1.3027184034630999e-05,Random Forest
text__developer senior,1.297718753164465e-05,Random Forest
text__platform engineering,1.2884287719479075e-05,Random Forest
text__practitioner,1.2736460012157074e-05,Random Forest
text__für,1.2702768940031041e-05,Random Forest
text__technician,1.2680092985873528e-05,Random Forest
text__wie,1.2656221444059276e-05,Random Forest
text__pre sales,1.2558058132600192e-05,Random Forest
text__mapping,1.2430551163208516e-05,Random Forest
text__premium,1.2394791680139568e-05,Random Forest
text__mid level,1.2378473293977341e-05,Random Forest
text__root cause,1.2283651664207176e-05,Random Forest
text__der,1.2280182777697863e-05,Random Forest
text__work effectively,1.2229268259620161e-05,Random Forest
text__bist,1.2199875409875238e-05,Random Forest
text__enterprise account,1.2166204014198888e-05,Random Forest
text__intelligent,1.2103112347055537e-05,Random Forest
text__and governance,1.2096225643308258e-05,Random Forest
text__we use,1.2080040492521545e-05,Random Forest
text__and access,1.2000261308093748e-05,Random Forest
text__editor,1.1938511291922624e-05,Random Forest
text__instructional,1.1930187585100339e-05,Random Forest
text__gather,1.1864479260419365e-05,Random Forest
text__side,1.1783756815490864e-05,Random Forest
text__teck,1.1560183767079187e-05,Random Forest
text__ou,1.155676874973361e-05,Random Forest
text__advocacy,1.1513874195474906e-05,Random Forest
text__the design,1.1480258725142966e-05,Random Forest
text__supplier,1.120910510157171e-05,Random Forest
text__experience designing,1.1135726364759065e-05,Random Forest
text__science or,1.1117789434459301e-05,Random Forest
categorical__experience_level_primary_Executive,1.1035817075878823e-05,Random Forest
text__senior data,1.1030026906642297e-05,Random Forest
text__unsere,1.0945048948201432e-05,Random Forest
text__ambiguity,1.0881240215951976e-05,Random Forest
text__du,1.0812880685899884e-05,Random Forest
text__manager sales,1.0656797943144967e-05,Random Forest
text__auch,1.0468229619459325e-05,Random Forest
text__vice,1.0463480739850119e-05,Random Forest
text__fundraising,1.0460189614900138e-05,Random Forest
text__director director,1.0256015898003974e-05,Random Forest
text__apps,1.0246394387403542e-05,Random Forest
text__resolving,1.0215547684556403e-05,Random Forest
text__bei,1.009990423307386e-05,Random Forest
text__governance and,1.0061463938137863e-05,Random Forest
text__im,9.90506807427493e-06,Random Forest
text__apis and,9.785386954692591e-06,Random Forest
text__platform engineer,9.708368021986984e-06,Random Forest
text__information security,9.700565748948393e-06,Random Forest
text__consultant senior,9.686991110810645e-06,Random Forest
text__cloud security,9.48221316090964e-06,Random Forest
text__desenvolvimento,9.22920413945178e-06,Random Forest
text__deine,9.19980111087831e-06,Random Forest
text__bei uns,9.159504956574669e-06,Random Forest
text__costs,9.133403937517255e-06,Random Forest
text__and stakeholder,9.111731774153029e-06,Random Forest
text__dependencies,9.003167527545996e-06,Random Forest
text__claim,8.987171730546059e-06,Random Forest
text__manufacturing,8.934981855287197e-06,Random Forest
text__and on,8.838024631369968e-06,Random Forest
text__will lead,8.817797175773203e-06,Random Forest
text__deployments,8.588897000983827e-06,Random Forest
text__mit,8.57824611837198e-06,Random Forest
text__front end,8.524235529408663e-06,Random Forest
text__regulated,8.475551594223086e-06,Random Forest
text__detection,8.412005530085782e-06,Random Forest
text__zur,8.406552773820372e-06,Random Forest
text__storytelling,8.381364593501784e-06,Random Forest
text__peer,8.357861113252662e-06,Random Forest
text__security engineer,8.24741322710726e-06,Random Forest
categorical__broad_category_Finance,8.199810391004352e-06,Random Forest
text__precision,8.181084698520267e-06,Random Forest
text__over time,8.100177429812772e-06,Random Forest
text__engineering team,7.738002007317016e-06,Random Forest
text__shipping,7.7237053449081e-06,Random Forest
text__senior full,7.542841160387826e-06,Random Forest
text__conviction,7.507509234809214e-06,Random Forest
text__en,7.474764185659553e-06,Random Forest
text__recruiters,7.368908498168597e-06,Random Forest
text__vice president,7.299639881900235e-06,Random Forest
text__workshops,7.19920539527849e-06,Random Forest
text__data governance,7.027212772132726e-06,Random Forest
text__software developer,7.005716669949355e-06,Random Forest
text__uns,6.916612313505638e-06,Random Forest
text__el,6.7222187540898785e-06,Random Forest
text__cloud infrastructure,6.663716976693014e-06,Random Forest
text__and automation,6.541953816193055e-06,Random Forest
text__proposal,6.534421864943787e-06,Random Forest
text__incident response,6.430246711077546e-06,Random Forest
text__configure,6.378305855494568e-06,Random Forest
text__tuning,6.230788462756275e-06,Random Forest
text__na,6.159630057091258e-06,Random Forest
text__as code,6.116205405035525e-06,Random Forest
text__servicenow,5.923992995988351e-06,Random Forest
text__guiding,5.766967654692698e-06,Random Forest
text__architects,5.6765567664819246e-06,Random Forest
text__workloads,5.607383770888931e-06,Random Forest
text__deployed,5.603263361383566e-06,Random Forest
text__face,5.57660393197419e-06,Random Forest
text__soluções,5.551343180630443e-06,Random Forest
text__data analyst,5.444039032326035e-06,Random Forest
text__nutrition,5.117695114366814e-06,Random Forest
text__senior product,5.048711230011105e-06,Random Forest
text__365,4.849671784359076e-06,Random Forest
text__sind,4.827431862323902e-06,Random Forest
text__underwriting,4.726836367190002e-06,Random Forest
text__devops engineer,4.725248359675227e-06,Random Forest
text__backend engineer,4.60820165227687e-06,Random Forest
text__remediation,4.549291787473878e-06,Random Forest
text__financial reporting,4.2669653760866e-06,Random Forest
text__accountant,3.94038979412335e-06,Random Forest
text__gitlab,3.706181502266909e-06,Random Forest
text__will play,3.5903103501749045e-06,Random Forest
text__threat,3.4354692583464344e-06,Random Forest
text__con,3.318506235622491e-06,Random Forest
text__ads,3.1822108157389953e-06,Random Forest
text__music,2.9013064492129255e-06,Random Forest
text__instructor,2.8818716474562747e-06,Random Forest
text__os,2.8172179778625694e-06,Random Forest
text__gartner,2.624025703352002e-06,Random Forest
text__experiência,2.242025614506046e-06,Random Forest
text__sowie,2.125994217027234e-06,Random Forest
text__por,1.8148287146478315e-06,Random Forest
text__une,1.4019830817086363e-06,Random Forest
categorical__broad_category_Product,9.784485605570857e-07,Random Forest
text__iam,9.713525372879605e-07,Random Forest
text__dados,8.890860030267547e-07,Random Forest
text__avec,7.095011957468894e-07,Random Forest
text__accenture,6.891517636159568e-07,Random Forest
text__senior ai,5.097567476014686e-07,Random Forest
text__conhecimento,4.1132484753189515e-07,Random Forest
text__oracle,3.739550933044106e-09,Random Forest
text__capabilities and,0.0,Random Forest
categorical__broad_category_Design,0.0,Random Forest
text__samsara,0.0,Random Forest
text__paid media,0.0,Random Forest
text__clinical data,0.0,Random Forest
text__actuarial,0.0,Random Forest
text__writer,0.0,Random Forest
text__ia,0.0,Random Forest
text__distributed systems,0.0,Random Forest
text__humana,0.0,Random Forest
text__ai engineer,0.0,Random Forest
text__range,0.022303758189082146,XGBoost
numeric__description_length,0.010815246030688286,XGBoost
text__and,0.010504384525120258,XGBoost
text__accepted,0.009732690639793873,XGBoost
text__freelance,0.009523523040115833,XGBoost
text__for this,0.009401810355484486,XGBoost
text__range of,0.00870430190116167,XGBoost
text__hourly,0.0061915223486721516,XGBoost
text__competitive salary,0.004773643333464861,XGBoost
text__000,0.004685353487730026,XGBoost
text__compensation,0.00467365887016058,XGBoost
text__hour,0.0042565385811030865,XGBoost
text__salary,0.003720202250406146,XGBoost
text__task,0.0034316000528633595,XGBoost
text__factors,0.0032782547641545534,XGBoost
numeric__skill_count,0.002950332360342145,XGBoost
text__present,0.0027772746980190277,XGBoost
text__competitive compensation,0.0027539804577827454,XGBoost
text__months,0.002598666353151202,XGBoost
text__medical dental,0.0024579528253525496,XGBoost
text__up to,0.002430410822853446,XGBoost
text__pay range,0.002400100464001298,XGBoost
numeric__publish_age_days,0.0023370084818452597,XGBoost
text__dental,0.002293657511472702,XGBoost
text__offer competitive,0.002280846470966935,XGBoost
text__compensation and,0.0022792869713157415,XGBoost
text__healthy,0.00227652071043849,XGBoost
text__application process,0.0022753130178898573,XGBoost
text__benefits,0.002265144372358918,XGBoost
text__401k,0.0022156727500259876,XGBoost
text__pass,0.0021710311993956566,XGBoost
text__salary range,0.0021198238246142864,XGBoost
text__how you,0.002077818848192692,XGBoost
text__hiring process,0.0020678171422332525,XGBoost
text__customer needs,0.0020650255028158426,XGBoost
text__and you,0.0020415864419192076,XGBoost
text__the united,0.001992062432691455,XGBoost
numeric__description_structure_count,0.0019842979963868856,XGBoost
text__including the,0.0019455597503110766,XGBoost
text__00,0.001943093491718173,XGBoost
text__desk,0.001936939312145114,XGBoost
text__automation,0.001925168209709227,XGBoost
text__across teams,0.0019238163949921727,XGBoost
text__please,0.0019130065338686109,XGBoost
text__apply,0.0018580005271360278,XGBoost
text__of our,0.001802378916181624,XGBoost
text__sensitive,0.001794553711079061,XGBoost
text__cold,0.0017855134792625904,XGBoost
text__america,0.001780100865289569,XGBoost
text__trading,0.0017734939465299249,XGBoost
text__pay,0.0017706211656332016,XGBoost
text__may,0.0017699702875688672,XGBoost
text__qualification,0.0017677312716841698,XGBoost
text__customer service,0.0017586691537871957,XGBoost
text__and inclusive,0.0017490298487246037,XGBoost
text__usd,0.0017395977629348636,XGBoost
text__international,0.0016631883336231112,XGBoost
text__targets,0.0016563365934416652,XGBoost
text__geographic,0.0016540753422304988,XGBoost
text__simple,0.0016434761928394437,XGBoost
text__defining,0.0016337045235559344,XGBoost
text__based on,0.0016070681158453226,XGBoost
text__veterans,0.0016002925112843513,XGBoost
text__customer experience,0.0015986529178917408,XGBoost
text__for people,0.0015722576063126326,XGBoost
text__startup,0.001571040484122932,XGBoost
text__the opportunity,0.0015554564306512475,XGBoost
text__and an,0.0015474234241992235,XGBoost
text__free,0.0015331635950133204,XGBoost
text__paid parental,0.001532724592834711,XGBoost
text__the next,0.001520336139947176,XGBoost
numeric__description_word_count,0.0015162554336711764,XGBoost
text__at least,0.0014786894898861647,XGBoost
text__in your,0.0014444229891523719,XGBoost
text__is remote,0.001437919563613832,XGBoost
text__our clients,0.001433778670616448,XGBoost
text__comfortable,0.0014222890604287386,XGBoost
text__risks,0.0014195068506523967,XGBoost
text__business operations,0.0014187406050041318,XGBoost
text__california,0.0014133697841316462,XGBoost
text__specialized,0.0013960240175947547,XGBoost
text__college,0.0013939255150035024,XGBoost
text__we provide,0.0013937122421339154,XGBoost
text__prospect,0.0013847772497683764,XGBoost
text__range for,0.001372601487673819,XGBoost
text__visa,0.001365107367746532,XGBoost
text__member,0.0013509347336366773,XGBoost
text__qualifications,0.0013458608882501721,XGBoost
text__at all,0.0013377179857343435,XGBoost
text__and paid,0.0013240182306617498,XGBoost
text__want to,0.001292010652832687,XGBoost
text__closing,0.0012752743205055594,XGBoost
text__two,0.0012699791695922613,XGBoost
text__time off,0.0012593453284353018,XGBoost
text__reflects,0.0012543416814878583,XGBoost
text__go,0.001254005474038422,XGBoost
text__20,0.001252568792551756,XGBoost
text__global,0.0012520928867161274,XGBoost
text__must have,0.001222712337039411,XGBoost
text__client facing,0.0012213543523102999,XGBoost
text__systems and,0.001217657350935042,XGBoost
text__not limited,0.0012116598663851619,XGBoost
text__as required,0.0011983676813542843,XGBoost
text__used,0.0011968697654083371,XGBoost
text__fast paced,0.001194308395497501,XGBoost
text__protected by,0.001193353091366589,XGBoost
text__innovative,0.0011876784265041351,XGBoost
text__work from,0.0011866543209180236,XGBoost
text__401,0.001170892035588622,XGBoost
text__is leading,0.0011702518677338958,XGBoost
text__assist with,0.0011625855695456266,XGBoost
text__all employees,0.001151849515736103,XGBoost
text__per,0.0011467165313661098,XGBoost
text__states,0.0011435678461566567,XGBoost
text__degree or,0.0011405375553295016,XGBoost
text__services and,0.0011301134945824742,XGBoost
text__uk,0.0011290721595287323,XGBoost
text__experience,0.0011224375339224935,XGBoost
text__app,0.0011143044102936983,XGBoost
text__ll do,0.0011127903126180172,XGBoost
text__founder,0.0011030425084754825,XGBoost
text__absence,0.001102624461054802,XGBoost
text__earn,0.0010979757644236088,XGBoost
text__role for,0.0010969857685267925,XGBoost
text__race color,0.0010901875793933868,XGBoost
text__models,0.0010853350395336747,XGBoost
text__senior director,0.00108458218164742,XGBoost
text__and customer,0.0010817021830007434,XGBoost
text__compensation range,0.001080893212929368,XGBoost
text__incentives,0.0010794807458296418,XGBoost
text__bachelor degree,0.0010773096000775695,XGBoost
text__additional,0.0010762001620605588,XGBoost
text__across multiple,0.0010761655867099762,XGBoost
text__recruiter,0.001075097476132214,XGBoost
text__to contribute,0.0010748450877144933,XGBoost
numeric__location_restriction_count,0.0010712809162214398,XGBoost
text__generation,0.0010673538781702518,XGBoost
text__genetic information,0.0010630876058712602,XGBoost
text__20 30,0.001060939161106944,XGBoost
text__against,0.0010598773369565606,XGBoost
text__respond,0.0010566165437921882,XGBoost
text__policies,0.0010505304671823978,XGBoost
text__tasks and,0.0010371159296482801,XGBoost
text__consistent with,0.0010323681635782123,XGBoost
text__guide,0.0010294069070369005,XGBoost
text__to provide,0.0010273541556671262,XGBoost
text__dental and,0.0010261529823765159,XGBoost
text__head,0.0010199646931141615,XGBoost
text__globally,0.0010195786599069834,XGBoost
text__remote work,0.0010181013494729996,XGBoost
text__to understand,0.001017401460558176,XGBoost
text__suite,0.0010151495225727558,XGBoost
text__application,0.0010139575460925698,XGBoost
text__channels,0.0010133470641449094,XGBoost
text__our company,0.001012530061416328,XGBoost
text__reviewing,0.0010124770924448967,XGBoost
text__total,0.0010049743577837944,XGBoost
text__specialists,0.0010016494197770953,XGBoost
text__act,0.0009995332220569253,XGBoost
text__make difference,0.0009986351942643523,XGBoost
text__education experience,0.0009946150239557028,XGBoost
text__show,0.0009930799715220928,XGBoost
text__process,0.0009920881129801273,XGBoost
text__urgency,0.000990142929367721,XGBoost
text__that values,0.000986318220384419,XGBoost
text__et,0.0009858874836936593,XGBoost
text__hipaa,0.0009795761434361339,XGBoost
text__architecture,0.0009792791679501534,XGBoost
text__executive,0.0009781550616025925,XGBoost
text__must,0.0009776325896382332,XGBoost
text__looks,0.0009774991776794195,XGBoost
text__serve as,0.0009772437624633312,XGBoost
text__and is,0.0009769172174856067,XGBoost
text__opportunity,0.0009752093465067446,XGBoost
text__talented,0.0009688346181064844,XGBoost
text__type full,0.0009576354059390724,XGBoost
categorical__broad_category_Customer Service,0.0009571394766680896,XGBoost
text__people to,0.0009521186002530158,XGBoost
text__state,0.0009508721414022148,XGBoost
text__campaigns,0.0009492294630035758,XGBoost
text__partnerships,0.0009474767139181495,XGBoost
text__work in,0.0009456192492507398,XGBoost
text__account management,0.0009361162665300071,XGBoost
text__keeping,0.0009342534467577934,XGBoost
text__and industry,0.0009329062304459512,XGBoost
text__leads,0.0009324064012616873,XGBoost
text__and it,0.0009295240743085742,XGBoost
text__development representative,0.0009289337904192507,XGBoost
text__long,0.0009286318090744317,XGBoost
text__solutions for,0.000926886685192585,XGBoost
text__opportunity for,0.000923524668905884,XGBoost
text__countries,0.0009224581881426275,XGBoost
text__mortgage,0.0009204827947542071,XGBoost
text__and responsibilities,0.0009173297439701855,XGBoost
text__world,0.000916404474992305,XGBoost
text__decisions and,0.0009156057494692504,XGBoost
text__genetic,0.0009156024898402393,XGBoost
text__san,0.000914921285584569,XGBoost
text__an experienced,0.0009126624208875,XGBoost
text__assistant,0.0009089306113310158,XGBoost
text__world class,0.0009079427109099925,XGBoost
text__approaches,0.0009066695347428322,XGBoost
text__the world,0.0009041286539286375,XGBoost
text__consideration for,0.0009003579034470022,XGBoost
text__interact,0.0008972873329184949,XGBoost
text__marital,0.0008942410349845886,XGBoost
text__coach,0.0008919128449633718,XGBoost
text__tech,0.0008907195297069848,XGBoost
text__company that,0.0008895327337086201,XGBoost
text__well being,0.0008887824951671064,XGBoost
text__culture and,0.0008884993148967624,XGBoost
text__ve,0.0008868607110343874,XGBoost
text__exceptional,0.0008814162574708462,XGBoost
text__this is,0.0008812141604721546,XGBoost
text__for you,0.0008783430093899369,XGBoost
text__virtual,0.0008778044139035046,XGBoost
text__500,0.0008769588312134147,XGBoost
text__reach,0.0008747283718548715,XGBoost
text__deliverables,0.0008740685880184174,XGBoost
text__capacity,0.0008739905897527933,XGBoost
text__receive,0.0008735037408769131,XGBoost
text__understand and,0.0008734155562706292,XGBoost
text__law,0.0008704409701749682,XGBoost
text__paid,0.0008693457930348814,XGBoost
text__our benefits,0.0008680852479301393,XGBoost
text__billing,0.0008658948936499655,XGBoost
text__position is,0.0008617655839771032,XGBoost
text__means,0.0008580676512792706,XGBoost
text__week,0.0008576544933021069,XGBoost
text__hr,0.0008575813844799995,XGBoost
text__not be,0.0008557697292417288,XGBoost
text__with us,0.0008554828236810863,XGBoost
text__serve,0.0008532539941370487,XGBoost
text__markets,0.0008529904880560935,XGBoost
text__sound,0.0008527637692168355,XGBoost
text__200,0.0008513614302501082,XGBoost
text__contribute to,0.0008476614020764828,XGBoost
text__at scale,0.0008449846063740551,XGBoost
text__define,0.0008440538076683879,XGBoost
text__thrive in,0.0008437073556706309,XGBoost
text__role and,0.0008399491780437529,XGBoost
text__qualifications bachelor,0.0008388315327465534,XGBoost
text__you to,0.0008385502151213586,XGBoost
text__aligned with,0.000837645202409476,XGBoost
text__11,0.0008365644025616348,XGBoost
text__head of,0.000836241350043565,XGBoost
text__national origin,0.0008342972141690552,XGBoost
text__cv,0.0008338190382346511,XGBoost
text__care,0.0008311372948810458,XGBoost
text__do you,0.0008310842094942927,XGBoost
text__context,0.000829620286822319,XGBoost
text__recognized,0.0008271879050880671,XGBoost
text__through our,0.0008250848622992635,XGBoost
text__and make,0.0008243736810982227,XGBoost
text__organization,0.0008203858160413802,XGBoost
text__your resume,0.000819418637547642,XGBoost
text__without regard,0.0008176136179827154,XGBoost
text__optimize,0.0008172091329470277,XGBoost
text__scalable,0.0008169724023900926,XGBoost
text__offers,0.000815634848549962,XGBoost
text__from you,0.0008150057401508093,XGBoost
text__broad,0.0008143187733367085,XGBoost
text__consistently,0.0008141449652612209,XGBoost
text__or,0.0008105458691716194,XGBoost
text__emea,0.0008085216977633536,XGBoost
text__immediate,0.0008079615072347224,XGBoost
text__director of,0.0008077792008407414,XGBoost
text__united states,0.0008076942758634686,XGBoost
text__voice,0.0008075059740804136,XGBoost
text__by our,0.0008066880982369184,XGBoost
text__job related,0.000806390424259007,XGBoost
text__requirements,0.0008058000239543617,XGBoost
text__sales,0.0008053036872297525,XGBoost
text__over,0.0008041417459025979,XGBoost
text__you do,0.0008040794054977596,XGBoost
text__time and,0.0008031657780520618,XGBoost
text__create,0.0008022154215723276,XGBoost
text__improvements,0.0008017657091841102,XGBoost
text__way,0.0007991697639226913,XGBoost
text__university,0.0007989208097569644,XGBoost
text__100 remote,0.0007987119606696069,XGBoost
text__will help,0.0007965653203427792,XGBoost
text__skills ability,0.0007959980284795165,XGBoost
text__verification,0.0007954246248118579,XGBoost
text__authorized,0.0007940692594274879,XGBoost
text__of your,0.0007936973124742508,XGBoost
text__record of,0.0007933045853860676,XGBoost
text__officer,0.0007902650977484882,XGBoost
text__testing,0.0007896606111899018,XGBoost
text__of experience,0.0007894281879998744,XGBoost
text__goals,0.0007883586222305894,XGBoost
text__truly,0.000787317578215152,XGBoost
text__text,0.0007865953375585377,XGBoost
text__significant,0.0007862693164497614,XGBoost
text__recruiting,0.000786176067776978,XGBoost
text__sales development,0.0007859324687160552,XGBoost
text__teammates,0.0007857776945456862,XGBoost
text__factors including,0.000785422045737505,XGBoost
text__entry,0.0007842977647669613,XGBoost
text__with disability,0.0007831239490769804,XGBoost
text__accelerate,0.000780908449087292,XGBoost
text__outputs,0.0007805862696841359,XGBoost
text__workforce,0.0007799896993674338,XGBoost
text__marketing and,0.0007782324682921171,XGBoost
text__you need,0.0007767172646708786,XGBoost
text__decision makers,0.0007751284865662456,XGBoost
text__at the,0.0007738839485682547,XGBoost
text__once,0.0007732071680948138,XGBoost
text__and inclusion,0.0007722486625425518,XGBoost
text__solving,0.000769679551012814,XGBoost
text__au,0.0007687241886742413,XGBoost
text__prioritize,0.0007687165634706616,XGBoost
text__scientific,0.000767612480558455,XGBoost
text__ai research,0.0007660535629838705,XGBoost
text__proven experience,0.0007651853957213461,XGBoost
text__opportunities to,0.0007642675191164017,XGBoost
text__über,0.0007641050033271313,XGBoost
text__vision and,0.0007640832918696105,XGBoost
text__depending,0.0007629953324794769,XGBoost
text__health,0.0007628637249581516,XGBoost
text__set,0.0007625076686963439,XGBoost
text__basis,0.0007599683594889939,XGBoost
text__class,0.0007591471658088267,XGBoost
text__exchange,0.0007576493662782013,XGBoost
text__am,0.0007548982976004481,XGBoost
text__preferably,0.0007535970071330667,XGBoost
text__provided,0.0007521755178458989,XGBoost
text__fluent,0.0007485646638087928,XGBoost
text__center,0.0007469058036804199,XGBoost
text__real time,0.0007461884524673223,XGBoost
text__materials,0.0007453609141521156,XGBoost
text__the,0.0007437028689309955,XGBoost
text__contractor,0.0007429880788549781,XGBoost
text__base,0.0007427016971632838,XGBoost
text__we re,0.0007420920301228762,XGBoost
text__subject,0.0007416146690957248,XGBoost
text__must be,0.0007409456302411854,XGBoost
text__submit,0.0007405118667520583,XGBoost
text__race,0.0007392801926471293,XGBoost
text__third,0.0007381003233604133,XGBoost
text__record,0.0007376158609986305,XGBoost
text__development manager,0.0007373245316557586,XGBoost
text__strong communication,0.0007362135802395642,XGBoost
text__capture,0.000736077141482383,XGBoost
text__clients and,0.0007353390101343393,XGBoost
text__was,0.0007353356922976673,XGBoost
text__from home,0.0007331258384510875,XGBoost
text__integrating,0.0007321911980397999,XGBoost
text__vision,0.0007310172659344971,XGBoost
text__doing,0.0007305842009373009,XGBoost
text__agencies,0.0007301847799681127,XGBoost
text__15,0.0007296602707356215,XGBoost
text__platforms,0.0007289471104741096,XGBoost
text__participation,0.0007278744014911354,XGBoost
text__frameworks,0.0007272267830558121,XGBoost
text__in,0.0007271771901287138,XGBoost
text__level of,0.0007244725711643696,XGBoost
text__policy,0.0007241801358759403,XGBoost
text__insurance,0.0007228998583741486,XGBoost
text__but,0.0007227391470223665,XGBoost
text__information and,0.0007216843659989536,XGBoost
text__linkedin,0.0007206820882856846,XGBoost
text__support and,0.0007190520409494638,XGBoost
text__shaping,0.0007183016277849674,XGBoost
text__writing,0.0007182623376138508,XGBoost
text__offering,0.0007142500835470855,XGBoost
text__follow,0.0007137946668080986,XGBoost
text__la,0.0007133034523576498,XGBoost
text__are an,0.0007112109451554716,XGBoost
text__most,0.0007103371899574995,XGBoost
text__conversation,0.0007095570908859372,XGBoost
text__activities and,0.000708938401658088,XGBoost
text__techniques,0.0007076725596562028,XGBoost
text__guidelines,0.0007057117763906717,XGBoost
text__professionalism,0.0007052861037664115,XGBoost
text__reviews,0.0007047431427054107,XGBoost
text__based,0.0007044337107799947,XGBoost
text__fast growing,0.0007023685029707849,XGBoost
text__preferred,0.0007018229807727039,XGBoost
text__pace,0.0007015496375970542,XGBoost
text__tools and,0.0007013630238361657,XGBoost
text__candidates,0.0007001148187555373,XGBoost
text__pm,0.0006995953153818846,XGBoost
text__train,0.0006968406960368156,XGBoost
text__ceo,0.0006958660087548196,XGBoost
text__leader,0.0006946719367988408,XGBoost
text__sales executive,0.0006939868326298892,XGBoost
text__only,0.0006932700634934008,XGBoost
text__copy,0.0006922525935806334,XGBoost
text__programs,0.000692083325702697,XGBoost
text__leading,0.0006900617154315114,XGBoost
text__ist,0.0006892997771501541,XGBoost
text__exposure to,0.0006875023827888072,XGBoost
text__property,0.000687061867211014,XGBoost
text__ensuring,0.0006860993453301489,XGBoost
text__hear,0.0006857249536551535,XGBoost
text__plus,0.0006852785591036081,XGBoost
text__results,0.0006849245401099324,XGBoost
text__identify and,0.0006847672630101442,XGBoost
text__subject to,0.0006836752290837467,XGBoost
text__open to,0.0006832219660282135,XGBoost
text__background in,0.0006830065976828337,XGBoost
text__engineering,0.0006830035126768053,XGBoost
text__be required,0.000680783239658922,XGBoost
text__looking for,0.0006804789882153273,XGBoost
text__offer,0.0006804231088608503,XGBoost
text__supportive,0.0006802960997447371,XGBoost
text__party,0.0006796373054385185,XGBoost
text__desirable,0.0006788779865019023,XGBoost
text__needs of,0.000678833806887269,XGBoost
text__to create,0.0006779182003811002,XGBoost
text__wide range,0.0006778680835850537,XGBoost
text__detail,0.0006776793743483722,XGBoost
text__are you,0.0006772847264073789,XGBoost
text__involving,0.000676373892929405,XGBoost
text__closely with,0.0006759148673154414,XGBoost
text__power,0.0006758507806807756,XGBoost
text__end to,0.0006740652024745941,XGBoost
text__applications,0.0006740233511663973,XGBoost
numeric__experience_year_min,0.0006738958181813359,XGBoost
text__passion for,0.0006733238697052002,XGBoost
text__feel,0.0006720027304254472,XGBoost
text__credit,0.0006716754869557917,XGBoost
text__peer,0.0006704413681291044,XGBoost
text__back,0.0006699486984871328,XGBoost
text__prior,0.0006690277950838208,XGBoost
text__plan,0.0006685162079520524,XGBoost
text__50,0.0006669553113169968,XGBoost
text__collaboratively,0.0006632371805608273,XGBoost
text__game,0.0006586283561773598,XGBoost
text__job,0.0006575547740794718,XGBoost
text__english,0.0006566090742126107,XGBoost
text__friday,0.0006565572111867368,XGBoost
text__passion,0.0006561673944815993,XGBoost
text__health and,0.0006558528984896839,XGBoost
text__work across,0.0006553329876624048,XGBoost
text__coordinator,0.0006547186058014631,XGBoost
text__duties,0.0006542631308548152,XGBoost
text__with strong,0.000652870221529156,XGBoost
text__provides,0.0006521294708363712,XGBoost
text__leadership to,0.0006515143904834986,XGBoost
text__part,0.0006505664787255228,XGBoost
text__mindset,0.0006503653712570667,XGBoost
text__disease,0.0006499583250842988,XGBoost
text__disability,0.0006495403940789402,XGBoost
text__erfahrung,0.0006488451035693288,XGBoost
text__and execute,0.0006485452177003026,XGBoost
text__skilled,0.0006482201861217618,XGBoost
text__associate,0.0006474613910540938,XGBoost
text__inside,0.0006448852363973856,XGBoost
text__as well,0.00064448470948264,XGBoost
text__and experiences,0.0006444751634262502,XGBoost
text__800,0.0006431916262954473,XGBoost
text__10,0.0006426727049984038,XGBoost
text__mid,0.0006408662302419543,XGBoost
text__local laws,0.0006406301399692893,XGBoost
text__such as,0.0006392092909663916,XGBoost
text__shift,0.0006366953602991998,XGBoost
text__you want,0.0006365564186125994,XGBoost
text__document,0.0006355030345730484,XGBoost
text__native,0.0006353026255965233,XGBoost
text__senior,0.0006347057642415166,XGBoost
text__cycle,0.0006343810819089413,XGBoost
text__consistent,0.0006343536078929901,XGBoost
text__patients,0.0006326959701254964,XGBoost
text__and in,0.0006322483532130718,XGBoost
text__month,0.000632060575298965,XGBoost
text__onboarding,0.0006319944513961673,XGBoost
text__interested,0.0006312498589977622,XGBoost
text__leader in,0.000631180068012327,XGBoost
text__risks and,0.0006295511266216636,XGBoost
text__performing,0.0006290449528023601,XGBoost
text__working in,0.0006281422101892531,XGBoost
text__google,0.0006264345720410347,XGBoost
text__owning,0.0006260281661525369,XGBoost
text__trainer,0.0006260017398744822,XGBoost
text__referral,0.0006256704218685627,XGBoost
text__bonus,0.0006251908489502966,XGBoost
text__who,0.0006234209868125618,XGBoost
text__use ai,0.0006233119056560099,XGBoost
text__and have,0.0006228646379895508,XGBoost
text__deliver,0.0006223105592653155,XGBoost
text__excel,0.0006222547963261604,XGBoost
text__files,0.0006217436166480184,XGBoost
text__in english,0.0006213999586179852,XGBoost
text__line,0.0006212693406268954,XGBoost
text__real,0.0006202802178449929,XGBoost
text__workers,0.0006200862117111683,XGBoost
text__health insurance,0.0006191290449351072,XGBoost
text__leadership,0.0006189963896758854,XGBoost
text__with our,0.0006184298545122147,XGBoost
text__coordinate with,0.0006183721125125885,XGBoost
text__businesses,0.000618190155364573,XGBoost
text__support to,0.0006176246097311378,XGBoost
text__the interview,0.0006174643058329821,XGBoost
text__actionable,0.0006150917615741491,XGBoost
text__prospecting,0.000615041411947459,XGBoost
text__pharma,0.0006143288919702172,XGBoost
text__resources,0.0006139178294688463,XGBoost
text__system,0.000613819865975529,XGBoost
text__location,0.0006135095027275383,XGBoost
text__grow and,0.0006134808645583689,XGBoost
text__email,0.000612950068898499,XGBoost
text__as an,0.0006129262037575245,XGBoost
text__overall,0.0006126072257757187,XGBoost
text__exciting,0.000612594245467335,XGBoost
text__qualified applicants,0.0006125227082520723,XGBoost
text__role in,0.0006117077427916229,XGBoost
text__language,0.0006116916192695498,XGBoost
text__us to,0.0006115250289440155,XGBoost
text__test,0.0006099430611357093,XGBoost
text__fair chance,0.0006098572630435228,XGBoost
text__and professional,0.0006097997538745403,XGBoost
text__services to,0.0006088947411626577,XGBoost
text__ai assisted,0.0006085799541324377,XGBoost
text__committed to,0.000608552829362452,XGBoost
text__accounts,0.000608437170740217,XGBoost
text__currently,0.0006083095213398337,XGBoost
text__you will,0.0006080811144784093,XGBoost
text__employee,0.0006079673185013235,XGBoost
text__date,0.0006071173120290041,XGBoost
text__mental health,0.0006054638070054352,XGBoost
text__part of,0.00060503144050017,XGBoost
text__disabilities,0.0006048130453564227,XGBoost
text__expectations,0.0006046585040166974,XGBoost
text__how,0.0006033222307451069,XGBoost
text__modernization,0.0006022843881510198,XGBoost
text__understanding of,0.0006022253655828536,XGBoost
text__qualified,0.0006011183722876012,XGBoost
text__enabled,0.0006008715135976672,XGBoost
text__to hear,0.0005989749333821237,XGBoost
text__encouraged to,0.0005989428609609604,XGBoost
text__better,0.0005982843576930463,XGBoost
text__consistency,0.0005975087406113744,XGBoost
text__setup,0.0005974125815555453,XGBoost
text__of data,0.000597264850512147,XGBoost
text__support the,0.0005970729398541152,XGBoost
text__generate,0.0005967761389911175,XGBoost
text__seeking,0.0005961151327937841,XGBoost
text__updates,0.0005957470857538283,XGBoost
text__competencies,0.0005949590704403818,XGBoost
text__may be,0.000594866753090173,XGBoost
text__representative,0.000594577519223094,XGBoost
text__providing,0.0005944659351371229,XGBoost
text__between,0.0005942551069892943,XGBoost
text__verbal,0.0005937835667282343,XGBoost
text__professional development,0.0005929387989453971,XGBoost
text__experience is,0.0005924023571424186,XGBoost
text__evaluate,0.0005923951976001263,XGBoost
text__not,0.0005906684673391283,XGBoost
text__benefits and,0.0005905202124267817,XGBoost
text__12,0.0005899012321606278,XGBoost
text__performance based,0.0005897937808185816,XGBoost
text__out of,0.0005892745102755725,XGBoost
text__cross functional,0.0005891417386010289,XGBoost
text__relationships,0.0005874641938135028,XGBoost
text__productivity,0.0005870928871445358,XGBoost
text__regional,0.0005862780963070691,XGBoost
text__advise,0.0005848266300745308,XGBoost
text__direct,0.0005835923948325217,XGBoost
text__bank,0.0005823217798024416,XGBoost
text__and implementation,0.0005817122873850167,XGBoost
text__notes,0.0005814864998683333,XGBoost
text__sind,0.0005811951123178005,XGBoost
text__excellence,0.0005801884108223021,XGBoost
text__bilingual,0.0005796178011223674,XGBoost
text__play,0.000579026120249182,XGBoost
text__fostering,0.0005788428825326264,XGBoost
text__to manage,0.0005782003863714635,XGBoost
text__short,0.0005779144121333957,XGBoost
text__logic,0.0005774087621830404,XGBoost
text__call,0.0005759436753578484,XGBoost
text__connect,0.0005749714327976108,XGBoost
text__environment with,0.0005749233532696962,XGBoost
text__variety,0.00057397031923756,XGBoost
text__best practices,0.0005739621119573712,XGBoost
text__more than,0.000573790050111711,XGBoost
text__and ai,0.0005737370229326189,XGBoost
text__remote,0.0005734444130212069,XGBoost
text__api,0.0005728644318878651,XGBoost
text__portfolio,0.0005720650078728795,XGBoost
text__physician,0.000570811505895108,XGBoost
text__of new,0.0005699648754671216,XGBoost
text__experience required,0.0005698801251128316,XGBoost
text__being,0.0005695990985259414,XGBoost
text__company match,0.0005694487481378019,XGBoost
text__age,0.000569435185752809,XGBoost
text__ai driven,0.0005693261628039181,XGBoost
text__opportunity to,0.0005684683565050364,XGBoost
text__description,0.0005682377959601581,XGBoost
text__appropriate,0.0005667000659741461,XGBoost
text__including,0.0005662572802975774,XGBoost
text__avec,0.0005645292112603784,XGBoost
text__arrangements,0.0005644906777888536,XGBoost
text__support for,0.0005639352020807564,XGBoost
text__stakeholders,0.0005638404982164502,XGBoost
text__to detail,0.0005638357833959162,XGBoost
text__skill,0.0005622489261440933,XGBoost
text__remotely,0.0005610927473753691,XGBoost
text__production,0.000559157517272979,XGBoost
text__design,0.0005589029751718044,XGBoost
text__its,0.0005584215396083891,XGBoost
text__agency,0.0005576477269642055,XGBoost
text__para,0.0005567907355725765,XGBoost
text__developing,0.0005554406670853496,XGBoost
text__core,0.0005546972970478237,XGBoost
text__excellent,0.0005545126623474061,XGBoost
text__proven ability,0.0005543481092900038,XGBoost
text__join,0.0005539421690627933,XGBoost
text__where,0.0005531007773242891,XGBoost
text__60,0.0005530936177819967,XGBoost
text__with clients,0.0005520718987099826,XGBoost
text__believe in,0.0005515926168300211,XGBoost
text__eeo,0.0005515424418263137,XGBoost
text__actual,0.0005515307420864701,XGBoost
text__why,0.0005515043158084154,XGBoost
text__confidentiality,0.0005509339971467853,XGBoost
text__is to,0.0005504617001861334,XGBoost
text__build,0.0005504217115230858,XGBoost
text__director,0.0005498810787685215,XGBoost
text__and timely,0.0005494526703841984,XGBoost
text__innovation,0.0005490268231369555,XGBoost
text__education,0.0005471848999150097,XGBoost
text__families,0.0005471466574817896,XGBoost
text__entry level,0.0005469357129186392,XGBoost
text__and help,0.0005467128939926624,XGBoost
text__others,0.000546701718121767,XGBoost
text__each,0.0005466397269628942,XGBoost
text__assigned,0.0005464390851557255,XGBoost
text__optimization,0.000545350369066,XGBoost
text__plans,0.0005450082826428115,XGBoost
text__they are,0.0005445766728371382,XGBoost
text__expertise and,0.0005439255037344992,XGBoost
text__job summary,0.00054305320372805,XGBoost
text__and or,0.0005427766591310501,XGBoost
text__collection,0.0005413880571722984,XGBoost
text__to our,0.0005405728588812053,XGBoost
text__launch,0.0005393222090788186,XGBoost
text__transformation,0.000538546999450773,XGBoost
text__years of,0.0005383511888794601,XGBoost
text__goals and,0.0005380343063734472,XGBoost
text__revenue,0.0005372204468585551,XGBoost
text__levels of,0.0005369241698645055,XGBoost
text__patterns,0.0005364152020774782,XGBoost
text__records,0.00053624645806849,XGBoost
text__hybrid,0.0005361652583815157,XGBoost
text__is plus,0.0005349605926312506,XGBoost
text__vendor,0.000534439051989466,XGBoost
text__80,0.0005341877113096416,XGBoost
text__toward,0.0005340531934052706,XGBoost
text__ad,0.0005338974297046661,XGBoost
text__with other,0.000533300160896033,XGBoost
text__the sales,0.0005323172663338482,XGBoost
text__from,0.0005321766366250813,XGBoost
text__diversity and,0.0005315985181368887,XGBoost
text__delivery,0.000531040015630424,XGBoost
text__access to,0.0005305997328832746,XGBoost
text__satisfaction,0.0005304059013724327,XGBoost
text__and solutions,0.0005299694603309035,XGBoost
text__across,0.0005292248679324985,XGBoost
text__wie,0.0005285025108605623,XGBoost
text__handle,0.0005283175851218402,XGBoost
text__communications,0.0005283138016238809,XGBoost
text__los,0.0005273788701742887,XGBoost
text__for an,0.0005273381248116493,XGBoost
text__professional,0.0005272887065075338,XGBoost
text__responsibility,0.000526757794432342,XGBoost
text__drug,0.0005267200758680701,XGBoost
text__functionally,0.0005265233339741826,XGBoost
text__100,0.0005254892748780549,XGBoost
text__integrity and,0.0005241780891083181,XGBoost
text__service,0.0005240406608209014,XGBoost
text__web,0.0005232502007856965,XGBoost
text__understand,0.0005231512477621436,XGBoost
text__daily,0.0005220394232310355,XGBoost
text__to complete,0.000521748443134129,XGBoost
text__chain,0.0005204955232329667,XGBoost
text__proven,0.0005204629269428551,XGBoost
text__resume,0.0005195452831685543,XGBoost
text__accessible,0.0005191337550058961,XGBoost
text__dem,0.0005187865463085473,XGBoost
text__makers,0.0005178888095542789,XGBoost
text__any,0.0005178144201636314,XGBoost
text__has,0.0005172655801288784,XGBoost
text__with experience,0.0005141295841895044,XGBoost
text__and business,0.000513711420353502,XGBoost
text__and managing,0.0005135834217071533,XGBoost
text__agreements,0.0005132945370860398,XGBoost
text__agent,0.0005132333026267588,XGBoost
text__manager to,0.000513208971824497,XGBoost
text__united,0.0005129110068082809,XGBoost
text__start,0.0005128368502482772,XGBoost
text__communities,0.0005124958115629852,XGBoost
text__als,0.0005113825900480151,XGBoost
text__company we,0.0005107695469632745,XGBoost
text__utilize,0.0005104912561364472,XGBoost
text__able,0.0005097155226394534,XGBoost
text__partners,0.0005096975946798921,XGBoost
text__the appropriate,0.0005095406086184084,XGBoost
text__value,0.0005092276260256767,XGBoost
text__unique,0.0005091405473649502,XGBoost
text__calls,0.0005086945602670312,XGBoost
text__un,0.0005085497396066785,XGBoost
text__encouraged,0.0005079645197838545,XGBoost
text__of customer,0.0005070031620562077,XGBoost
text__driven by,0.0005063220742158592,XGBoost
text__similar,0.0005062340060248971,XGBoost
text__is an,0.0005041977856308222,XGBoost
text__flexibility,0.0005030517349950969,XGBoost
text__permanent,0.0005029920721426606,XGBoost
text__be able,0.0005019490490667522,XGBoost
text__communication,0.0005017901421524584,XGBoost
text__meta,0.0005010448512621224,XGBoost
text__market,0.0005006734863854945,XGBoost
text__account,0.0005003815167583525,XGBoost
text__just,0.00049864366883412,XGBoost
text__business development,0.0004985808045603335,XGBoost
text__privacy notice,0.0004970193840563297,XGBoost
text__that,0.0004970035515725613,XGBoost
text__timely,0.0004960084334015846,XGBoost
text__and regulatory,0.0004960003425367177,XGBoost
text__to,0.000495732412673533,XGBoost
text__minimum,0.0004957140772603452,XGBoost
text__kunden,0.0004955997574143112,XGBoost
text__federal,0.0004952335148118436,XGBoost
text__team that,0.000494281412102282,XGBoost
text__religion,0.0004932748270221055,XGBoost
text__phone,0.0004918660270050168,XGBoost
text__framework,0.0004915743484161794,XGBoost
text__project management,0.0004915408208034933,XGBoost
text__to apply,0.0004912305739708245,XGBoost
text__the application,0.0004911147407256067,XGBoost
text__top,0.0004910439602099359,XGBoost
text__available,0.000490442558657378,XGBoost
text__about our,0.0004900903441011906,XGBoost
text__and grow,0.0004898305051028728,XGBoost
text__well as,0.0004893165896646678,XGBoost
text__some,0.0004887717659585178,XGBoost
text__structure,0.0004881706554442644,XGBoost
text__written and,0.0004879729822278023,XGBoost
text__partnering with,0.00048723877989687026,XGBoost
text__grade,0.0004871833079960197,XGBoost
text__fast,0.0004859229957219213,XGBoost
text__civil,0.00048582209274172783,XGBoost
text__banking,0.00048553728265687823,XGBoost
text__proud,0.00048515628441236913,XGBoost
text__office,0.00048452080227434635,XGBoost
text__workspace,0.0004842747584916651,XGBoost
text__book,0.00048411262105219066,XGBoost
text__de,0.0004839586326852441,XGBoost
text__and procedures,0.00048387525021098554,XGBoost
text__changes,0.00048382242675870657,XGBoost
text__du,0.0004835623549297452,XGBoost
text__machine learning,0.00048220829921774566,XGBoost
text__location remote,0.00048187427455559373,XGBoost
text__improve,0.00048166909255087376,XGBoost
text__you can,0.0004816281725652516,XGBoost
text__look,0.00048152735689654946,XGBoost
text__industry,0.00048133026575669646,XGBoost
text__dich,0.00048084399895742536,XGBoost
text__developer senior,0.00048068180331029,XGBoost
text__environment,0.0004804209165740758,XGBoost
text__meet,0.00048034320934675634,XGBoost
text__processing,0.00047947067650966346,XGBoost
text__and improve,0.0004792101099155843,XGBoost
text__manager,0.00047901703510433435,XGBoost
text__structures,0.0004786252975463867,XGBoost
text__final,0.00047810605610720813,XGBoost
text__infrastructure,0.00047792226541787386,XGBoost
text__product,0.00047761216410435736,XGBoost
text__with the,0.0004772754036821425,XGBoost
text__future,0.00047619230463169515,XGBoost
text__organizational,0.00047519642976112664,XGBoost
text__commitment to,0.0004743396712001413,XGBoost
text__judgment,0.00047375261783599854,XGBoost
text__sales sales,0.00047344103222712874,XGBoost
text__previous,0.0004727451305370778,XGBoost
text__partner with,0.00047252990771085024,XGBoost
text__role we,0.00047251718933694065,XGBoost
text__teams to,0.0004718936397694051,XGBoost
text__we welcome,0.00047145626740530133,XGBoost
text__backend,0.00047140815877355635,XGBoost
text__family,0.0004713769012596458,XGBoost
text__financial,0.00047078236821107566,XGBoost
text__decisions,0.0004706633626483381,XGBoost
text__performance and,0.0004701444413512945,XGBoost
text__both,0.0004695836396422237,XGBoost
text__employment,0.0004691532230935991,XGBoost
text__work at,0.00046861584996804595,XGBoost
text__environment that,0.0004683186998590827,XGBoost
text__from the,0.0004679574922192842,XGBoost
text__and delivery,0.0004676659591495991,XGBoost
text__impactful,0.00046722774277441204,XGBoost
text__directly,0.0004665910091716796,XGBoost
text__documents,0.00046649895375594497,XGBoost
text__what,0.00046640209620818496,XGBoost
text__skills,0.0004658113175537437,XGBoost
text__weekly,0.0004655894299503416,XGBoost
text__content and,0.00046534434659406543,XGBoost
text__does not,0.0004647544410545379,XGBoost
text__during the,0.00046462149475701153,XGBoost
text__potential,0.00046415795804932714,XGBoost
text__400,0.00046357823885045946,XGBoost
text__upon,0.0004634955548681319,XGBoost
text__ein,0.0004632498021237552,XGBoost
text__the compensation,0.00046317445230670273,XGBoost
text__does,0.00046276417560875416,XGBoost
text__enterprises,0.00046238306094892323,XGBoost
text__to the,0.00046216079499572515,XGBoost
text__shape,0.00046211082371883094,XGBoost
text__practice,0.0004614879726432264,XGBoost
text__request,0.00046148174442350864,XGBoost
text__primary,0.00046094920253381133,XGBoost
text__motivated,0.00046091852709650993,XGBoost
text__alignment,0.00046003531315363944,XGBoost
text__vacation,0.00045902663259766996,XGBoost
text__needs,0.0004574682388920337,XGBoost
text__to do,0.00045728826080448925,XGBoost
text__ai,0.0004572067118715495,XGBoost
numeric__experience_year_max,0.00045714754378423095,XGBoost
text__analysis,0.0004571100580506027,XGBoost
text__area,0.00045675295405089855,XGBoost
text__gender,0.00045673013664782047,XGBoost
text__monday,0.00045664599747397006,XGBoost
text__hear from,0.00045640961616300046,XGBoost
text__be considered,0.0004560466040857136,XGBoost
text__commitment,0.0004556055646389723,XGBoost
text__clients,0.00045519653940573335,XGBoost
text__delivering,0.0004546321288216859,XGBoost
text__data quality,0.0004542257229331881,XGBoost
text__open,0.00045404466800391674,XGBoost
text__inclusive,0.000453881366411224,XGBoost
text__docker,0.0004536410851869732,XGBoost
text__you re,0.00045288127148523927,XGBoost
text__all aspects,0.00045208551455289125,XGBoost
text__protocols,0.0004516539629548788,XGBoost
text__procedures,0.00045145105104893446,XGBoost
text__led,0.00045059050898998976,XGBoost
text__during,0.00045004693674854934,XGBoost
text__independently,0.0004493833112064749,XGBoost
text__practices,0.00044926145346835256,XGBoost
text__interactions,0.00044849817641079426,XGBoost
text__maintains,0.000447949772933498,XGBoost
text__growth and,0.0004478291957639158,XGBoost
text__york,0.0004478178161662072,XGBoost
text__art,0.00044714545947499573,XGBoost
text__culture,0.0004466586688067764,XGBoost
text__like,0.0004460521158762276,XGBoost
text__online,0.00044570857426151633,XGBoost
text__package,0.0004453964065760374,XGBoost
text__sense,0.0004444211954250932,XGBoost
text__write,0.00044423711369745433,XGBoost
text__software engineer,0.00044410635018721223,XGBoost
text__familiarity,0.0004429331747815013,XGBoost
text__committed,0.00044289400102570653,XGBoost
text__software engineering,0.00044268430792726576,XGBoost
text__participate,0.0004421065968926996,XGBoost
text__up,0.0004409212851896882,XGBoost
text__focused,0.0004401305632200092,XGBoost
text__development and,0.0004400928446557373,XGBoost
text__ground,0.00043991365237161517,XGBoost
text__level,0.00043978969915769994,XGBoost
text__regulatory compliance,0.000439382012700662,XGBoost
text__and content,0.00043919411837123334,XGBoost
text__hands on,0.0004387263034004718,XGBoost
text__program,0.00043864132021553814,XGBoost
text__with all,0.0004377295554149896,XGBoost
text__why join,0.0004372831026557833,XGBoost
text__person,0.00043700222158804536,XGBoost
text__operates,0.00043670801096595824,XGBoost
text__them,0.00043668897706083953,XGBoost
text__that is,0.000436432717833668,XGBoost
text__im,0.0004363135085441172,XGBoost
text__while,0.00043610663851723075,XGBoost
text__the job,0.00043567357352003455,XGBoost
text__you bring,0.00043564505176618695,XGBoost
text__help,0.00043543687206692994,XGBoost
text__roles,0.0004352593969088048,XGBoost
text__problem,0.00043490767711773515,XGBoost
text__and lead,0.0004347817739471793,XGBoost
text__proficient,0.00043422653106972575,XGBoost
text__effectiveness,0.000433961336966604,XGBoost
text__accuracy,0.0004338654107414186,XGBoost
text__best,0.00043357396498322487,XGBoost
text__group,0.0004335054836701602,XGBoost
text__est,0.00043337844545021653,XGBoost
text__monitoring,0.0004328967188484967,XGBoost
text__our people,0.00043214400648139417,XGBoost
text__fully,0.0004321163578424603,XGBoost
text__gender identity,0.0004314215329941362,XGBoost
text__digital,0.00043135974556207657,XGBoost
text__creativity,0.00043113945866934955,XGBoost
text__rules,0.0004311304655857384,XGBoost
text__national,0.00042983744060620666,XGBoost
text__fluency,0.0004298155545257032,XGBoost
text__an ai,0.0004284523893147707,XGBoost
text__passionate,0.00042819345253519714,XGBoost
text__flexible spending,0.00042785590630955994,XGBoost
text__students,0.0004277772968634963,XGBoost
text__great,0.00042741699144244194,XGBoost
text__through,0.00042681311606429517,XGBoost
text__find,0.00042673363350331783,XGBoost
text__moving,0.0004266947216819972,XGBoost
text__training,0.0004265310999471694,XGBoost
text__reports to,0.00042634145938791335,XGBoost
text__establish,0.00042563164606690407,XGBoost
text__relevant,0.0004256231477484107,XGBoost
text__this position,0.0004254313535057008,XGBoost
text__building,0.0004251012287568301,XGBoost
text__our commitment,0.0004249868215993047,XGBoost
text__objectives,0.0004244456940796226,XGBoost
text__network of,0.0004241576243657619,XGBoost
text__practices and,0.00042381457751616836,XGBoost
text__the right,0.0004236396052874625,XGBoost
text__within,0.00042360342922620475,XGBoost
text__problem solving,0.00042338407365605235,XGBoost
text__or equivalent,0.000422910088673234,XGBoost
text__workload,0.00042224040953442454,XGBoost
text__salesforce,0.000422097829869017,XGBoost
text__advanced,0.0004220074333716184,XGBoost
text__personal,0.00042114261304959655,XGBoost
text__you are,0.0004211166233289987,XGBoost
text__prompt,0.00042103283340111375,XGBoost
text__employees are,0.0004208424361422658,XGBoost
text__region,0.000420091615524143,XGBoost
text__deine,0.00041991600301116705,XGBoost
text__our customers,0.0004194189968984574,XGBoost
text__marketing,0.0004189542669337243,XGBoost
text__role is,0.0004181465192232281,XGBoost
text__us at,0.00041733618127182126,XGBoost
text__around,0.00041729985969141126,XGBoost
text__purchase,0.0004171679320279509,XGBoost
text__knowledge of,0.0004162246477790177,XGBoost
text__integrations,0.0004160554672125727,XGBoost
text__of any,0.00041603934369049966,XGBoost
text__discovery,0.00041543718543834984,XGBoost
text__capabilities,0.0004154235648456961,XGBoost
text__the position,0.00041538849472999573,XGBoost
text__the company,0.0004151569737587124,XGBoost
text__home,0.00041497996426187456,XGBoost
text__become,0.0004147693398408592,XGBoost
text__platform,0.00041438761400058866,XGBoost
text__software,0.0004143579863011837,XGBoost
text__resolving,0.00041412399150431156,XGBoost
text__growth,0.00041342907934449613,XGBoost
text__of paid,0.0004124579136259854,XGBoost
text__ambiguity,0.0004124196129851043,XGBoost
text__skills and,0.00041234251693822443,XGBoost
text__year,0.00041027451516129076,XGBoost
text__to deliver,0.00041016063187271357,XGBoost
text__community,0.0004100075748283416,XGBoost
text__recommendations,0.0004097449127584696,XGBoost
text__distribution,0.00040958457975648344,XGBoost
text__auf,0.0004092040762770921,XGBoost
text__implement,0.0004086874832864851,XGBoost
text__anywhere,0.00040860078297555447,XGBoost
text__conduct,0.0004082074447069317,XGBoost
text__javascript,0.00040788098704069853,XGBoost
text__responsible for,0.0004072642477694899,XGBoost
text__in der,0.0004070419818162918,XGBoost
text__europe,0.00040668912697583437,XGBoost
text__fullstack,0.0004062020452693105,XGBoost
text__run,0.0004061752406414598,XGBoost
text__regularly,0.000405559956561774,XGBoost
text__standard,0.00040506376535631716,XGBoost
text__teaching,0.0004039991181343794,XGBoost
text__monitor,0.0004037886392325163,XGBoost
text__our values,0.0004022556822746992,XGBoost
text__vary,0.0004013975849375129,XGBoost
text__einem,0.00040122022619470954,XGBoost
text__projects,0.00040117569733411074,XGBoost
text__overview,0.00040116559830494225,XGBoost
text__concepts,0.0004010663542430848,XGBoost
text__clinical research,0.0004010395205114037,XGBoost
text__reduce,0.0004001919587608427,XGBoost
text__position,0.0004001318011432886,XGBoost
text__and related,0.0003997160238213837,XGBoost
text__workflow,0.0003992081037722528,XGBoost
text__early,0.0003988486423622817,XGBoost
text__while maintaining,0.0003983330971095711,XGBoost
text__sick,0.00039831837057136,XGBoost
text__color religion,0.0003982243943028152,XGBoost
text__through the,0.00039725590613670647,XGBoost
text__quarterly,0.00039714062586426735,XGBoost
text__project,0.0003969832032453269,XGBoost
text__standards,0.0003965343930758536,XGBoost
text__workplace,0.0003964943462051451,XGBoost
text__emerging,0.0003964728966820985,XGBoost
text__complex,0.0003958094457630068,XGBoost
text__here,0.0003952707629650831,XGBoost
text__we are,0.00039513350930064917,XGBoost
text__problems and,0.0003947789373341948,XGBoost
text__accept,0.00039457541424781084,XGBoost
text__or similar,0.0003941958420909941,XGBoost
text__erp,0.00039401845424436033,XGBoost
text__selection,0.0003939188609365374,XGBoost
text__ideas,0.0003933849511668086,XGBoost
text__throughout,0.0003927226352971047,XGBoost
text__der,0.0003921320603694767,XGBoost
text__you ll,0.00039204905624501407,XGBoost
categorical__experience_level_primary_Mid-Level,0.0003919423616025597,XGBoost
text__analytical,0.0003916356945410371,XGBoost
text__employers,0.00039163100882433355,XGBoost
text__future of,0.0003908432845491916,XGBoost
text__manage,0.0003904083860106766,XGBoost
text__efficient,0.0003898013092111796,XGBoost
text__strongly,0.0003897912974935025,XGBoost
text__and follow,0.00038977275835350156,XGBoost
text__will be,0.0003896079433616251,XGBoost
text__off,0.00038885223329998553,XGBoost
text__social,0.0003888227220159024,XGBoost
text__spending,0.00038829355617053807,XGBoost
text__work,0.0003882616583723575,XGBoost
text__helps,0.0003880260919686407,XGBoost
text__preferred qualifications,0.0003879247233271599,XGBoost
text__contribute,0.0003878262941725552,XGBoost
text__com,0.000387719803256914,XGBoost
text__transparent,0.0003871752414852381,XGBoost
text__to drive,0.0003871748340316117,XGBoost
text__compliance with,0.00038695198600180447,XGBoost
text__all of,0.000386319647077471,XGBoost
text__operations,0.00038622645661234856,XGBoost
text__long term,0.000385491264751181,XGBoost
text__competitive,0.0003854400129057467,XGBoost
text__other,0.0003853655362036079,XGBoost
text__you,0.00038489053258672357,XGBoost
text__support,0.00038486497942358255,XGBoost
text__issues,0.00038455784670077264,XGBoost
text__accordance,0.0003838762058876455,XGBoost
text__diversity,0.00038370455149561167,XGBoost
text__proactive,0.0003830457280855626,XGBoost
text__rapidly,0.00038288297946564853,XGBoost
text__integrity,0.0003825997409876436,XGBoost
text__to be,0.0003818776458501816,XGBoost
text__about,0.00038058849168010056,XGBoost
text__what we,0.00038051343290135264,XGBoost
text__talent,0.0003799023979809135,XGBoost
text__influence,0.00037973769940435886,XGBoost
text__build and,0.0003795633092522621,XGBoost
text__supporting,0.0003793164505623281,XGBoost
text__roi,0.00037930175312794745,XGBoost
text__for our,0.00037871371023356915,XGBoost
text__increase,0.0003784264554269612,XGBoost
text__individuals,0.0003783301799558103,XGBoost
text__managers,0.00037763675209134817,XGBoost
text__living,0.0003772768541239202,XGBoost
text__documentation,0.0003772730706259608,XGBoost
text__technologies,0.0003767174493987113,XGBoost
text__communication skills,0.0003764278662856668,XGBoost
text__auch,0.00037633132888004184,XGBoost
text__career,0.0003757621452677995,XGBoost
text__ms,0.00037506496300920844,XGBoost
text__supervision,0.00037466883077286184,XGBoost
text__collaborating,0.0003744472051039338,XGBoost
text__day,0.0003743476700037718,XGBoost
text__the recruitment,0.0003739280509762466,XGBoost
text__members,0.00037379603600129485,XGBoost
text__focus on,0.0003737247025128454,XGBoost
text__experts,0.0003733804333023727,XGBoost
text__and optimize,0.0003732832265086472,XGBoost
text__please note,0.00037327714380808175,XGBoost
text__veteran status,0.0003731029573827982,XGBoost
text__will,0.0003723269619513303,XGBoost
text__security,0.0003718114458024502,XGBoost
text__want,0.0003714459598995745,XGBoost
text__identity and,0.0003708936565089971,XGBoost
text__everyone,0.0003705087583512068,XGBoost
text__patient care,0.00037011076346971095,XGBoost
text__microsoft office,0.00037010537926107645,XGBoost
text__devops,0.00036992895184084773,XGBoost
text__and the,0.0003693426842801273,XGBoost
text__understanding,0.00036846540751866996,XGBoost
text__completion,0.0003684033581521362,XGBoost
text__modeling,0.00036794471088796854,XGBoost
text__and platform,0.00036739869392476976,XGBoost
text__junior,0.0003671694139484316,XGBoost
text__are encouraged,0.0003671176382340491,XGBoost
text__employer,0.00036699260817840695,XGBoost
text__use,0.0003668988647405058,XGBoost
text__when you,0.00036666798405349255,XGBoost
text__schedules,0.00036607225774787366,XGBoost
text__large scale,0.0003659504873212427,XGBoost
text__interaction,0.000365387269994244,XGBoost
text__mental,0.0003646807454060763,XGBoost
text__into,0.00036453179200179875,XGBoost
text__status,0.00036378626828081906,XGBoost
text__required qualifications,0.00036378143704496324,XGBoost
text__technical,0.000363273749826476,XGBoost
text__transparency,0.0003629546845331788,XGBoost
text__full time,0.00036252886638976634,XGBoost
text__depth,0.00036168904625810683,XGBoost
text__saas,0.00036167848156765103,XGBoost
text__cross,0.00036164370249025524,XGBoost
text__escalation,0.00036149448715150356,XGBoost
text__than,0.0003609790583141148,XGBoost
text__assistance,0.00036052963696420193,XGBoost
text__can,0.00036020384868606925,XGBoost
text__000 usd,0.00035974744241684675,XGBoost
text__review,0.00035947802825830877,XGBoost
text__team and,0.00035933038452640176,XGBoost
text__da,0.0003591621352825314,XGBoost
text__consultant,0.0003591281420085579,XGBoost
text__successfully,0.00035900797229260206,XGBoost
text__assessments,0.0003584905352909118,XGBoost
text__identifying,0.00035826177918352187,XGBoost
text__have,0.00035806730738840997,XGBoost
text__provide,0.0003567395906429738,XGBoost
text__sciences,0.00035646194010041654,XGBoost
text__characteristic protected,0.0003559069591574371,XGBoost
text__depending on,0.00035575259244069457,XGBoost
text__to ensure,0.0003551628324203193,XGBoost
text__rate,0.00035467371344566345,XGBoost
text__intended,0.0003543570637702942,XGBoost
text__ready,0.00035405755625106394,XGBoost
text__five,0.00035396142629906535,XGBoost
text__this role,0.0003531462571118027,XGBoost
text__issues and,0.00035286013735458255,XGBoost
text__familiarity with,0.000352804345311597,XGBoost
text__clear,0.00035231729270890355,XGBoost
text__days,0.0003515934804454446,XGBoost
text__in fast,0.0003514162381179631,XGBoost
text__contributions,0.0003512504626996815,XGBoost
text__partnership,0.00035121088149026036,XGBoost
text__with,0.00035115148057229817,XGBoost
text__are the,0.0003511038958095014,XGBoost
text__certifications,0.00035102598485536873,XGBoost
text__all,0.00035070491139777005,XGBoost
text__due to,0.0003506227512843907,XGBoost
text__strong,0.00035060461959801614,XGBoost
text__execution,0.00035039716749452055,XGBoost
text__the team,0.00035026881960220635,XGBoost
text__legal,0.0003502233885228634,XGBoost
text__rewards,0.0003500379098113626,XGBoost
text__vary based,0.0003499086305964738,XGBoost
text__previous experience,0.00034985877573490143,XGBoost
text__to have,0.0003498386649880558,XGBoost
text__your work,0.00034947783569805324,XGBoost
text__life,0.0003493331605568528,XGBoost
text__providers,0.00034887113724835217,XGBoost
text__protected,0.0003488000074867159,XGBoost
text__specialist senior,0.0003485359775368124,XGBoost
text__work environment,0.0003481562889646739,XGBoost
text__von,0.00034788716584444046,XGBoost
text__are,0.000347564578987658,XGBoost
text__situations,0.00034715255605988204,XGBoost
text__required,0.00034660633536987007,XGBoost
text__for,0.0003465952177066356,XGBoost
text__identity,0.0003465796762611717,XGBoost
text__been,0.00034582833177410066,XGBoost
text__questions and,0.0003454682882875204,XGBoost
text__navigate,0.0003453037643339485,XGBoost
text__least,0.00034521278575994074,XGBoost
text__responsive,0.00034497142769396305,XGBoost
text__effective,0.0003447096096351743,XGBoost
text__reporting,0.0003445749753154814,XGBoost
text__specialist ai,0.00034427150967530906,XGBoost
text__quality and,0.0003440943837631494,XGBoost
text__co,0.0003433641395531595,XGBoost
text__opportunity employer,0.0003427453339099884,XGBoost
text__accountable for,0.00034238092484883964,XGBoost
text__create and,0.0003421772853471339,XGBoost
text__paid time,0.0003419348504394293,XGBoost
text__engineer,0.0003418579581193626,XGBoost
text__schedule,0.00034118167241103947,XGBoost
text__basic,0.0003411759389564395,XGBoost
text__une,0.0003394580271560699,XGBoost
text__remote role,0.00033942118170671165,XGBoost
text__degree in,0.00033937973785214126,XGBoost
text__products and,0.00033873028587549925,XGBoost
text__are passionate,0.00033852417254820466,XGBoost
text__approved,0.0003384269366506487,XGBoost
text__commercial,0.00033808144507929683,XGBoost
text__by,0.0003379973932169378,XGBoost
text__tools,0.0003378814726602286,XGBoost
text__organizations,0.0003377186949364841,XGBoost
text__end,0.00033766438718885183,XGBoost
text__communication and,0.0003376004460733384,XGBoost
text__mentoring,0.0003358697285875678,XGBoost
text__strategies,0.0003356123634148389,XGBoost
text__no,0.00033535261172801256,XGBoost
text__comprehensive,0.00033529161009937525,XGBoost
text__multiple,0.0003352166386321187,XGBoost
text__presence,0.00033510191133245826,XGBoost
text__via,0.0003348951868247241,XGBoost
text__is,0.00033412728225812316,XGBoost
text__on experience,0.0003328554448671639,XGBoost
text__give,0.0003326359437778592,XGBoost
text__and maintain,0.0003316740330774337,XGBoost
text__systems,0.0003314690256956965,XGBoost
text__senior data,0.00033129032817669213,XGBoost
text__as the,0.000330992101226002,XGBoost
text__principles,0.00033093159436248243,XGBoost
text__role,0.00033087600604631007,XGBoost
text__it,0.0003307860461063683,XGBoost
text__evidence,0.00033071445068344474,XGBoost
text__human,0.00033021371928043664,XGBoost
text__demands,0.0003292180481366813,XGBoost
text__experience and,0.00032895844196900725,XGBoost
text__such,0.00032890832517296076,XGBoost
text__tests,0.00032856481266207993,XGBoost
text__ability,0.00032798119354993105,XGBoost
text__time,0.00032783392816782,XGBoost
text__term,0.000327757210470736,XGBoost
text__are committed,0.0003273738257121295,XGBoost
text__integrated,0.0003260544326622039,XGBoost
text__leveraging,0.0003259843506384641,XGBoost
text__zones,0.0003258568758610636,XGBoost
text__at,0.00032581837149336934,XGBoost
text__lead,0.00032538428786210716,XGBoost
text__effectively,0.0003253418835811317,XGBoost
text__decision,0.0003245496773160994,XGBoost
text__expertise in,0.0003243510436732322,XGBoost
text__expertise to,0.0003241446684114635,XGBoost
text__with company,0.00032392938737757504,XGBoost
text__responsibilities,0.00032380595803260803,XGBoost
text__chance,0.00032283138716593385,XGBoost
text__management,0.00032281927997246385,XGBoost
text__genuine,0.00032247192575596273,XGBoost
text__model,0.00032194776576943696,XGBoost
text__dynamic,0.000321894243825227,XGBoost
text__perform,0.00032189389457926154,XGBoost
text__accurate,0.00032184249721467495,XGBoost
text__needed,0.00032168012694455683,XGBoost
text__efficiently,0.0003216684272047132,XGBoost
text__it is,0.0003211831208318472,XGBoost
text__and create,0.0003209926071576774,XGBoost
text__without,0.0003206862311344594,XGBoost
text__how to,0.0003204093954991549,XGBoost
text__hiring,0.00032026704866439104,XGBoost
text__and long,0.0003202600928489119,XGBoost
text__current,0.000319984566885978,XGBoost
text__learning,0.0003177060279995203,XGBoost
text__professionals,0.00031728966860100627,XGBoost
text__journey,0.00031725422013550997,XGBoost
text__stay,0.0003161276690661907,XGBoost
text__highly,0.0003159407642669976,XGBoost
text__on the,0.0003153745783492923,XGBoost
text__we work,0.00031530397245660424,XGBoost
text__creating,0.00031522882636636496,XGBoost
text__je,0.000314799981424585,XGBoost
text__feedback to,0.00031431205570697784,XGBoost
text__data management,0.00031415445846505463,XGBoost
text__friendly,0.00031405885238200426,XGBoost
text__experience in,0.00031401831074617803,XGBoost
text__internal stakeholders,0.00031342252623289824,XGBoost
text__ll be,0.00031294775544665754,XGBoost
text__the role,0.0003126698429696262,XGBoost
text__performance,0.0003119513567071408,XGBoost
text__re,0.00031148831476457417,XGBoost
text__ability to,0.00031145260436460376,XGBoost
text__tasks,0.000310391653329134,XGBoost
text__products,0.000309303606627509,XGBoost
text__an equal,0.0003078872978221625,XGBoost
text__related,0.0003070038801524788,XGBoost
text__possible,0.00030657503521069884,XGBoost
text__assisted,0.0003056174027733505,XGBoost
text__identify,0.0003051769745070487,XGBoost
text__keep,0.0003047130012419075,XGBoost
text__those,0.00030447219614870846,XGBoost
text__an,0.000303727516438812,XGBoost
text__strategy,0.000303087814245373,XGBoost
text__largest,0.00030304506071843207,XGBoost
text__eligible,0.0003024115867447108,XGBoost
text__pipeline,0.0003022176097147167,XGBoost
text__and verbal,0.0003021533484570682,XGBoost
text__more,0.000302088912576437,XGBoost
text__team you,0.000301419262541458,XGBoost
text__thinking,0.0003010844229720533,XGBoost
text__for each,0.0003010631480719894,XGBoost
text__25,0.0003008140774909407,XGBoost
text__people,0.00030075691756792367,XGBoost
text__direction,0.0003004131722263992,XGBoost
text__focus,0.00030037478427402675,XGBoost
text__development,0.0003002082521561533,XGBoost
text__as assigned,0.00029992000781930983,XGBoost
text__space,0.0002993016969412565,XGBoost
text__in any,0.00029927334981039166,XGBoost
text__improvement,0.000299201812595129,XGBoost
text__cloud native,0.0002988599881064147,XGBoost
text__veteran,0.0002984238672070205,XGBoost
text__challenges,0.000297277671052143,XGBoost
text__work with,0.0002969524939544499,XGBoost
text__learn,0.0002964340092148632,XGBoost
text__these,0.00029624829767271876,XGBoost
text__delivery of,0.00029610065394081175,XGBoost
text__accurately,0.0002944158622995019,XGBoost
text__clinical,0.00029419298516586423,XGBoost
text__um,0.0002941660932265222,XGBoost
text__this,0.00029354196158237755,XGBoost
text__to shape,0.00029339504544623196,XGBoost
text__track,0.0002931936760433018,XGBoost
text__conversion,0.0002923753927461803,XGBoost
text__state or,0.0002921837440226227,XGBoost
text__planning,0.00029152235947549343,XGBoost
text__healthcare,0.0002905972069129348,XGBoost
text__seek,0.0002901668194681406,XGBoost
text__deployment,0.00029008547426201403,XGBoost
text__client,0.0002896604419220239,XGBoost
text__experienced,0.00028819157159887254,XGBoost
text__we do,0.0002875598147511482,XGBoost
text__typically,0.0002873158373404294,XGBoost
text__administration,0.000287048751488328,XGBoost
text__domain,0.00028606082196347415,XGBoost
text__search,0.000286017544567585,XGBoost
text__engage,0.00028598803328350186,XGBoost
text__outbound,0.00028581407968886197,XGBoost
text__next,0.0002857284271158278,XGBoost
text__work closely,0.0002847776922862977,XGBoost
text__what makes,0.0002845721610356122,XGBoost
text__environments,0.0002844896516762674,XGBoost
text__do not,0.00028412879328243434,XGBoost
text__positive,0.0002836065541487187,XGBoost
text__to improve,0.00028354470850899816,XGBoost
text__visual,0.00028252953779883683,XGBoost
text__make,0.0002821517991833389,XGBoost
text__2026,0.00028154096798971295,XGBoost
text__impact,0.00028039567405357957,XGBoost
text__teams,0.00028001415194012225,XGBoost
text__ll,0.00027952014352194965,XGBoost
text__abilities,0.00027827784651890397,XGBoost
text__medical,0.0002781928633339703,XGBoost
text__to help,0.0002770645951386541,XGBoost
text__our,0.00027648324612528086,XGBoost
text__applicants,0.0002763900556601584,XGBoost
text__when,0.0002758932823780924,XGBoost
text__drives,0.00027379716630093753,XGBoost
text__customers,0.000273796176770702,XGBoost
text__focused on,0.0002732871798798442,XGBoost
text__enable,0.000273007492069155,XGBoost
text__which,0.0002726158418226987,XGBoost
text__insight,0.0002725169761106372,XGBoost
text__reasonable,0.0002723132784012705,XGBoost
text__we,0.0002714751462917775,XGBoost
text__meetings,0.00027043084264732897,XGBoost
text__enterprise,0.00026955202338285744,XGBoost
text__stack,0.0002694709983188659,XGBoost
text__to join,0.0002693764981813729,XGBoost
text__to race,0.00026854960015043616,XGBoost
text__using,0.00026831537252292037,XGBoost
text__include,0.0002680818142835051,XGBoost
text__full,0.000267897907178849,XGBoost
text__opportunities for,0.0002675058785825968,XGBoost
text__work independently,0.00026748902746476233,XGBoost
text__expertise,0.00026714318664744496,XGBoost
text__employees,0.00026691140374168754,XGBoost
text__degree,0.00026689592050388455,XGBoost
text__develop,0.0002667471708264202,XGBoost
text__brands,0.00026642263401299715,XGBoost
text__orientation gender,0.00026586762396618724,XGBoost
text__risk,0.00026532672927714884,XGBoost
text__maintain,0.0002620554296299815,XGBoost
text__success,0.0002615681441966444,XGBoost
text__volume,0.0002614731783978641,XGBoost
text__solutions and,0.00026142981369048357,XGBoost
text__about the,0.00026117038214579225,XGBoost
text__believe,0.0002610975061543286,XGBoost
text__creative,0.00026078184600919485,XGBoost
text__specialist,0.0002607539645396173,XGBoost
text__patient,0.0002586582850199193,XGBoost
text__utilization,0.00025863907649181783,XGBoost
text__department,0.00025807495694607496,XGBoost
text__team of,0.00025781436124816537,XGBoost
text__our team,0.00025746491155587137,XGBoost
text__science,0.0002562440640758723,XGBoost
text__required to,0.00025508072576485574,XGBoost
text__looking,0.00025453956914134324,XGBoost
text__every,0.0002544365997891873,XGBoost
text__be the,0.0002542187285143882,XGBoost
text__quality,0.0002533875813242048,XGBoost
text__contact center,0.0002524253213778138,XGBoost
text__technology,0.00025232581538148224,XGBoost
text__approach,0.00025155054754577577,XGBoost
text__offered,0.00025146646657958627,XGBoost
text__reviewer,0.00024918359122239053,XGBoost
text__our employees,0.0002489251783117652,XGBoost
text__own,0.00024865666637197137,XGBoost
text__to work,0.0002480330294929445,XGBoost
text__your,0.000247440388193354,XGBoost
text__contract,0.0002470672770868987,XGBoost
text__re looking,0.00024699349887669086,XGBoost
text__be,0.00024675458553247154,XGBoost
text__customer,0.00024672693689353764,XGBoost
text__self,0.00024670970742590725,XGBoost
text__policies and,0.0002460675605107099,XGBoost
text__team,0.0002437192597426474,XGBoost
text__creator,0.0002428742009215057,XGBoost
text__case,0.00024220079649239779,XGBoost
text__they,0.0002421910030534491,XGBoost
text__us,0.00024217662576120347,XGBoost
text__equal opportunity,0.00024206764646805823,XGBoost
text__and well,0.0002413869515294209,XGBoost
text__aus,0.0002412785543128848,XGBoost
text__data,0.0002408994478173554,XGBoost
text__of the,0.00024068870698101819,XGBoost
text__or support,0.0002390535082668066,XGBoost
text__will not,0.00023832022270653397,XGBoost
text__benchmark,0.00023809954291209579,XGBoost
text__balance,0.00023777707247063518,XGBoost
text__structured,0.0002376262127654627,XGBoost
text__kpis,0.0002373600727878511,XGBoost
text__aligned,0.00023728988890070468,XGBoost
text__years,0.00023710478853899986,XGBoost
text__solutions,0.00023675216652918607,XGBoost
text__key,0.00023635628167539835,XGBoost
text__construction,0.00023525638971477747,XGBoost
text__grow,0.00023439718643203378,XGBoost
text__maintaining,0.00023397964832838625,XGBoost
text__now,0.0002339627535548061,XGBoost
text__within the,0.00023385960957966745,XGBoost
text__activities,0.0002327869151486084,XGBoost
text__their,0.0002322233485756442,XGBoost
text__as,0.00023063519620336592,XGBoost
text__and new,0.0002305408997926861,XGBoost
text__acquisition,0.00023037087521515787,XGBoost
text__join our,0.00022952303697820753,XGBoost
text__and data,0.00022922802600078285,XGBoost
text__reviewed,0.00022883959172759205,XGBoost
text__execute,0.000228614779189229,XGBoost
text__computer,0.0002283604262629524,XGBoost
text__to develop,0.000227637734496966,XGBoost
text__driven,0.00022716740204486996,XGBoost
text__to meet,0.00022703247668687254,XGBoost
text__sell,0.00022665341384708881,XGBoost
text__finance,0.00022649865422863513,XGBoost
text__collaborate with,0.00022579272626899183,XGBoost
text__to take,0.00022427021758630872,XGBoost
text__für,0.00022387287754099816,XGBoost
text__managing,0.00022359292779583484,XGBoost
text__determine,0.00022325491590891033,XGBoost
text__us and,0.00022056634770706296,XGBoost
text__solution,0.00022028620878700167,XGBoost
text__knowledge and,0.00021967738575767726,XGBoost
text__get,0.00021916873811278492,XGBoost
text__coverage,0.00021902153093833476,XGBoost
text__dedicated,0.00021866941824555397,XGBoost
text__defined,0.00021830534387845546,XGBoost
text__business,0.00021779029339086264,XGBoost
text__knowledge,0.00021766370628029108,XGBoost
text__customer and,0.00021707365522161126,XGBoost
text__independently and,0.00021593502606265247,XGBoost
text__comfort,0.000214712432352826,XGBoost
text__wellness,0.0002135123941116035,XGBoost
text__need,0.0002134162641596049,XGBoost
text__evaluation,0.00021250413556117564,XGBoost
text__type,0.00021245195239316672,XGBoost
text__handling,0.00021198776084929705,XGBoost
text__research,0.0002114052331307903,XGBoost
text__hands,0.00020939901878591627,XGBoost
text__brand,0.0002091219212161377,XGBoost
text__high,0.00020885617414023727,XGBoost
text__opportunities,0.0002088231995003298,XGBoost
text__information,0.00020808051340281963,XGBoost
text__in the,0.00020630628569051623,XGBoost
text__spoken,0.00020521382975857705,XGBoost
text__feedback,0.00020466178830247372,XGBoost
text__per week,0.0002036605728790164,XGBoost
text__mission,0.0002036458463408053,XGBoost
text__workflows,0.0002005932474276051,XGBoost
text__established,0.00020028851577080786,XGBoost
text__to support,0.00020011828746646643,XGBoost
text__hours,0.00019996875198557973,XGBoost
text__in an,0.0001997408107854426,XGBoost
text__active,0.00019837571016978472,XGBoost
text__ownership,0.00019671369227580726,XGBoost
text__contact,0.0001964822440641001,XGBoost
text__drive,0.00019576866179704666,XGBoost
text__employees and,0.0001949383586179465,XGBoost
text__dedicated to,0.00019476581655908376,XGBoost
text__proactively,0.00019437623268458992,XGBoost
text__analysis and,0.00019410665845498443,XGBoost
text__staff,0.00019309944764245301,XGBoost
text__or other,0.00019242243433836848,XGBoost
text__lifecycle,0.00019228177552577108,XGBoost
text__below,0.00019176390196662396,XGBoost
text__to build,0.00019152855384163558,XGBoost
text__do,0.00019135877664666623,XGBoost
text__bachelor,0.00019028193491976708,XGBoost
text__details,0.0001900064235087484,XGBoost
text__professionally,0.0001894332526717335,XGBoost
text__equity,0.00018859720148611814,XGBoost
text__requirements and,0.0001885951787699014,XGBoost
text__closely,0.0001880737254396081,XGBoost
text__first,0.00018603380885906518,XGBoost
text__physical,0.00018600588373374194,XGBoost
text__and other,0.00018502703460399061,XGBoost
text__specific,0.00018457935948390514,XGBoost
text__working,0.00018428573093842715,XGBoost
text__engaging,0.00018344548880122602,XGBoost
text__generated,0.0001833303685998544,XGBoost
text__se,0.00018306296260561794,XGBoost
text__high level,0.0001816009753383696,XGBoost
text__internal,0.00018021906726062298,XGBoost
text__know,0.0001799442252377048,XGBoost
text__if,0.00017982716963160783,XGBoost
text__field,0.0001784362830221653,XGBoost
text__inclusion,0.00017780286725610495,XGBoost
text__initiatives,0.00017725415818858892,XGBoost
text__responsible,0.00017650326481088996,XGBoost
text__security and,0.0001752516982378438,XGBoost
text__of,0.0001745564950397238,XGBoost
text__approach to,0.00017247811774723232,XGBoost
text__across the,0.0001712729863356799,XGBoost
text__exposure,0.00017100773402489722,XGBoost
text__engineers,0.0001709902862785384,XGBoost
text__specifications,0.00017045899585355073,XGBoost
text__experience with,0.00017012700845953077,XGBoost
text__able to,0.00017004449910018593,XGBoost
text__hire,0.00016825170314405113,XGBoost
text__are not,0.000168030324857682,XGBoost
text__reliable,0.00016789810615591705,XGBoost
text__so,0.00016787296044640243,XGBoost
text__who we,0.00016712829528842121,XGBoost
text__successful,0.00016693626821506768,XGBoost
text__one,0.00016686710296198726,XGBoost
text__proficient in,0.00016616446373518556,XGBoost
text__share,0.00016550091095268726,XGBoost
text__diverse,0.00016526853141840547,XGBoost
text__change,0.00016503392544109374,XGBoost
text__equal employment,0.00016499448975082487,XGBoost
text__collaborate,0.00016280626005027443,XGBoost
text__implementation,0.00016083812806755304,XGBoost
text__questions,0.00015957500727381557,XGBoost
text__product and,0.00015953066758811474,XGBoost
text__company,0.00015901583537925035,XGBoost
text__ensure,0.00015740386152174324,XGBoost
categorical__broad_category_Engineering,0.0001557682262500748,XGBoost
text__functional,0.00015535735292360187,XGBoost
text__clearly,0.0001544909318909049,XGBoost
text__secure,0.0001535508199594915,XGBoost
text__jobs,0.00015322068065870553,XGBoost
text__collaboration,0.00015244504902511835,XGBoost
text__fit,0.0001517487980891019,XGBoost
text__bist,0.00015015422832220793,XGBoost
text__hast,0.00014996840036474168,XGBoost
text__regarding,0.00014935560466255993,XGBoost
text__equal,0.0001491214643465355,XGBoost
text__heart,0.00014621499576605856,XGBoost
text__annotation,0.0001457605540053919,XGBoost
text__que,0.00014568080950994045,XGBoost
text__le,0.00014526411541737616,XGBoost
text__efficiency,0.0001442499487893656,XGBoost
text__values,0.0001439742190996185,XGBoost
text__translate,0.00014249802916310728,XGBoost
text__content,0.00014185473264660686,XGBoost
text__evolving,0.00014079062384553254,XGBoost
text__de la,0.00013975214096717536,XGBoost
text__communicate,0.00013892386050429195,XGBoost
text__problems,0.00013721417053602636,XGBoost
text__complete,0.0001360012247459963,XGBoost
text__and access,0.00013357814168557525,XGBoost
text__also,0.00013272279466036707,XGBoost
text__microsoft,0.0001313168031629175,XGBoost
text__sexual,0.0001299114228459075,XGBoost
text__engagements,0.0001297127892030403,XGBoost
text__for the,0.00012869559577666223,XGBoost
text__track record,0.0001284037862205878,XGBoost
text__in our,0.0001281822769669816,XGBoost
text__any other,0.00012805956066586077,XGBoost
text__essential,0.00012653833255171776,XGBoost
text__den,0.00012621350469999015,XGBoost
text__is global,0.00012575088476296514,XGBoost
text__company with,0.00012529402738437057,XGBoost
text__developer,0.00012482231250032783,XGBoost
text__partner,0.00012441581930033863,XGBoost
text__equivalent,0.00012186817184556276,XGBoost
text__compliance,0.00012117630831198767,XGBoost
text__written,0.00011952711793128401,XGBoost
text__continuous improvement,0.00011743577488232404,XGBoost
text__of employment,0.00011664530757116154,XGBoost
text__processes,0.00011635528062470257,XGBoost
text__well,0.00011626504419837147,XGBoost
text__travel,0.00011573332449188456,XGBoost
text__bring,0.00011143881420139223,XGBoost
text__or related,0.00011054195056203753,XGBoost
text__management and,0.00010736349213402718,XGBoost
text__new,0.00010629758617142215,XGBoost
text__experiences,0.00010629652388161048,XGBoost
text__troubleshoot,0.00010584144183667377,XGBoost
text__integration,0.00010578561341390014,XGBoost
text__uses,0.00010465184459462762,XGBoost
text__solutions that,0.00010181256220676005,XGBoost
text__move,0.00010163991100853309,XGBoost
text__and identify,9.902059537125751e-05,XGBoost
text__applicable,9.597334428690374e-05,XGBoost
text__base salary,9.524747292743996e-05,XGBoost
text__take,9.265434346161783e-05,XGBoost
text__or any,8.479097596136853e-05,XGBoost
text__flexible,8.415143383899704e-05,XGBoost
text__skills with,8.317346510011703e-05,XGBoost
text__job description,7.957511115819216e-05,XGBoost
text__experiência,7.917526090750471e-05,XGBoost
text__what you,7.787404319969937e-05,XGBoost
text__develop and,7.467980321962386e-05,XGBoost
text__access,7.167054718593135e-05,XGBoost
text__operational excellence,6.871245568618178e-05,XGBoost
text__candidate,6.618196493946016e-05,XGBoost
text__annual,6.578632746823132e-05,XGBoost
text__analytics,6.562481576111168e-05,XGBoost
text__one of,6.472638051491231e-05,XGBoost
text__is not,6.30496142548509e-05,XGBoost
text__services,6.234271131688729e-05,XGBoost
text__expert,6.219073111424223e-05,XGBoost
text__leadership and,6.182998913573101e-05,XGBoost
text__engineer senior,6.13529555266723e-05,XGBoost
text__leave,5.732907811761834e-05,XGBoost
text__coaching,5.347494516172446e-05,XGBoost
text__deadlines,5.308301842887886e-05,XGBoost
text__collaborative,4.939992868457921e-05,XGBoost
text__win,4.9137470341520384e-05,XGBoost
text__intelligence,4.6141438360791653e-05,XGBoost
text__guidance,4.327771603129804e-05,XGBoost
text__minimum years,4.2682506318669766e-05,XGBoost
text__awareness,4.211843406665139e-05,XGBoost
text__coding,4.042235013912432e-05,XGBoost
text__das,3.807462053373456e-05,XGBoost
text__together,3.7602610973408446e-05,XGBoost
text__higher,3.543066850397736e-05,XGBoost
text__and build,3.494280099403113e-05,XGBoost
text__working with,3.1136016332311556e-05,XGBoost
text__sales representative,2.8050497348885983e-05,XGBoost
text__and best,2.431647590128705e-05,XGBoost
text__orientation,1.9698070900631137e-05,XGBoost
text__applicant,1.894724482554011e-05,XGBoost
text__if you,1.8775770513457246e-05,XGBoost
text__follow up,1.650909507588949e-05,XGBoost
text__matter,1.2494461770984344e-05,XGBoost
text__point,1.2461748156056274e-05,XGBoost
text__considered,1.0035843843070325e-05,XGBoost
text__actuarial,0.0,XGBoost
text__tools to,0.0,XGBoost
text__qualifications years,0.0,XGBoost
text__total rewards,0.0,XGBoost
text__quality standards,0.0,XGBoost
text__qualifications must,0.0,XGBoost
text__proposal,0.0,XGBoost
text__quality assurance,0.0,XGBoost
text__300,0.0,XGBoost
text__tools such,0.0,XGBoost
text__you don,0.0,XGBoost
text__proposals,0.0,XGBoost
text__promotion,0.0,XGBoost
text__qualify,0.0,XGBoost
text__30,0.0,XGBoost
text__tooling,0.0,XGBoost
text__quantitative,0.0,XGBoost
text__you like,0.0,XGBoost
text__willingness to,0.0,XGBoost
text__years in,0.0,XGBoost
text__you have,0.0,XGBoost
text__quality of,0.0,XGBoost
text__protection,0.0,XGBoost
text__willingness,0.0,XGBoost
text__qualifications experience,0.0,XGBoost
text__transfer,0.0,XGBoost
text__provider,0.0,XGBoost
text__willing,0.0,XGBoost
text__transform,0.0,XGBoost
text__transforming,0.0,XGBoost
text__transition,0.0,XGBoost
text__proven track,0.0,XGBoost
text__protected status,0.0,XGBoost
text__translating,0.0,XGBoost
categorical__experience_level_primary_Entry-Level,0.0,XGBoost
text__transportation,0.0,XGBoost
text__protected veteran,0.0,XGBoost
text__travel to,0.0,XGBoost
text__treatment,0.0,XGBoost
text__trends,0.0,XGBoost
text__proud to,0.0,XGBoost
text__trends and,0.0,XGBoost
text__triage,0.0,XGBoost
text__trials,0.0,XGBoost
text__will work,0.0,XGBoost
text__protocol,0.0,XGBoost
text__actually,0.0,XGBoost
text__troubleshooting,0.0,XGBoost
text__transactions,0.0,XGBoost
text__30 mins,0.0,XGBoost
text__tracking,0.0,XGBoost
text__prospective,0.0,XGBoost
text__true,0.0,XGBoost
text__trade,0.0,XGBoost
text__activity,0.0,XGBoost
text__qa,0.0,XGBoost
text__python,0.0,XGBoost
text__trial,0.0,XGBoost
text__prospects,0.0,XGBoost
text__public,0.0,XGBoost
text__transaction,0.0,XGBoost
text__traditional,0.0,XGBoost
text__pto,0.0,XGBoost
text__ps our,0.0,XGBoost
text__ps,0.0,XGBoost
text__you and,0.0,XGBoost
text__willing to,0.0,XGBoost
text__protect,0.0,XGBoost
text__training and,0.0,XGBoost
text__queries,0.0,XGBoost
text__purpose,0.0,XGBoost
categorical__broad_category_Design,0.0,XGBoost
text__tool,0.0,XGBoost
text__writer,0.0,XGBoost
text__to enhance,0.0,XGBoost
text__regardless of,0.0,XGBoost
text__to equal,0.0,XGBoost
text__regardless,0.0,XGBoost
text__regard to,0.0,XGBoost
text__regard,0.0,XGBoost
text__to evaluate,0.0,XGBoost
text__to find,0.0,XGBoost
text__to get,0.0,XGBoost
text__reflect,0.0,XGBoost
text__refine,0.0,XGBoost
text__to grow,0.0,XGBoost
text__referrals,0.0,XGBoost
text__winning,0.0,XGBoost
text__quickbooks,0.0,XGBoost
text__reference,0.0,XGBoost
text__to identify,0.0,XGBoost
text__red,0.0,XGBoost
text__recurring,0.0,XGBoost
text__to influence,0.0,XGBoost
text__recruitment process,0.0,XGBoost
text__recruitment,0.0,XGBoost
text__across all,0.0,XGBoost
text__recruiters,0.0,XGBoost
text__to keep,0.0,XGBoost
text__across our,0.0,XGBoost
text__recovery,0.0,XGBoost
text__records and,0.0,XGBoost
text__to end,0.0,XGBoost
text__to enable,0.0,XGBoost
text__to effectively,0.0,XGBoost
text__to design,0.0,XGBoost
text__to change,0.0,XGBoost
text__relationship management,0.0,XGBoost
text__world leading,0.0,XGBoost
text__relationship building,0.0,XGBoost
text__relationship,0.0,XGBoost
text__relations,0.0,XGBoost
text__related to,0.0,XGBoost
text__related field,0.0,XGBoost
text__reimbursement,0.0,XGBoost
text__to communicate,0.0,XGBoost
text__to creating,0.0,XGBoost
text__to customer,0.0,XGBoost
text__regulatory requirements,0.0,XGBoost
text__to date,0.0,XGBoost
text__regulatory affairs,0.0,XGBoost
text__regulatory,0.0,XGBoost
text__regulations and,0.0,XGBoost
text__regulations,0.0,XGBoost
text__regulated,0.0,XGBoost
text__worldwide,0.0,XGBoost
text__to day,0.0,XGBoost
text__would,0.0,XGBoost
text__regular,0.0,XGBoost
text__to define,0.0,XGBoost
text__registered,0.0,XGBoost
text__wir,0.0,XGBoost
text__regions,0.0,XGBoost
text__to know,0.0,XGBoost
text__to lead,0.0,XGBoost
text__to learn,0.0,XGBoost
text__re not,0.0,XGBoost
text__to succeed,0.0,XGBoost
text__re building,0.0,XGBoost
text__to their,0.0,XGBoost
text__rather than,0.0,XGBoost
text__to this,0.0,XGBoost
text__rather,0.0,XGBoost
text__rates,0.0,XGBoost
text__promote,0.0,XGBoost
text__rare,0.0,XGBoost
text__to translate,0.0,XGBoost
text__to travel,0.0,XGBoost
text__rapid,0.0,XGBoost
text__365,0.0,XGBoost
text__ranges,0.0,XGBoost
text__actions,0.0,XGBoost
text__to us,0.0,XGBoost
text__activation,0.0,XGBoost
text__to use,0.0,XGBoost
text__to your,0.0,XGBoost
text__race religion,0.0,XGBoost
text__today,0.0,XGBoost
text__years experience,0.0,XGBoost
text__actively,0.0,XGBoost
text__together we,0.0,XGBoost
text__quota,0.0,XGBoost
text__quickly and,0.0,XGBoost
text__quickly,0.0,XGBoost
text__to solve,0.0,XGBoost
text__to resolve,0.0,XGBoost
text__to maintain,0.0,XGBoost
text__reach out,0.0,XGBoost
text__to make,0.0,XGBoost
text__windows,0.0,XGBoost
text__reconciliation,0.0,XGBoost
text__to market,0.0,XGBoost
text__recommend,0.0,XGBoost
text__act as,0.0,XGBoost
text__recognize,0.0,XGBoost
text__recognition,0.0,XGBoost
text__receive consideration,0.0,XGBoost
text__action,0.0,XGBoost
text__to move,0.0,XGBoost
text__reasonable accommodations,0.0,XGBoost
text__to obtain,0.0,XGBoost
text__reasonable accommodation,0.0,XGBoost
text__to operate,0.0,XGBoost
text__real world,0.0,XGBoost
text__to participate,0.0,XGBoost
text__real estate,0.0,XGBoost
text__to perform,0.0,XGBoost
text__ready to,0.0,XGBoost
text__40,0.0,XGBoost
text__written communication,0.0,XGBoost
text__readiness,0.0,XGBoost
text__read,0.0,XGBoost
text__to providing,0.0,XGBoost
text__react,0.0,XGBoost
text__to ps,0.0,XGBoost
text__to thrive,0.0,XGBoost
text__professional growth,0.0,XGBoost
text__projects and,0.0,XGBoost
text__point of,0.0,XGBoost
text__visit,0.0,XGBoost
text__portfolio of,0.0,XGBoost
text__visits,0.0,XGBoost
text__por,0.0,XGBoost
text__você,0.0,XGBoost
text__whole,0.0,XGBoost
categorical__broad_category_Other,0.0,XGBoost
text__your experience,0.0,XGBoost
text__volunteer,0.0,XGBoost
text__vous,0.0,XGBoost
text__adapt,0.0,XGBoost
text__vp,0.0,XGBoost
text__points,0.0,XGBoost
categorical__broad_category_Operations,0.0,XGBoost
text__trust,0.0,XGBoost
text__your own,0.0,XGBoost
text__warehouse,0.0,XGBoost
text__please contact,0.0,XGBoost
text__please complete,0.0,XGBoost
text__please check,0.0,XGBoost
text__addition,0.0,XGBoost
text__player,0.0,XGBoost
text__your personal,0.0,XGBoost
text__platforms and,0.0,XGBoost
text__washington,0.0,XGBoost
categorical__broad_category_Marketing,0.0,XGBoost
text__ways,0.0,XGBoost
text__platform information,0.0,XGBoost
text__vision technologies,0.0,XGBoost
text__adam angelo,0.0,XGBoost
text__positioning,0.0,XGBoost
text__vision insurance,0.0,XGBoost
text__verbal communication,0.0,XGBoost
text__precision,0.0,XGBoost
text__pre sales,0.0,XGBoost
text__pre,0.0,XGBoost
text__verify,0.0,XGBoost
text__practitioner,0.0,XGBoost
text__version,0.0,XGBoost
text__very,0.0,XGBoost
text__000 00,0.0,XGBoost
text__vice,0.0,XGBoost
text__practical,0.0,XGBoost
text__vice president,0.0,XGBoost
text__powerpoint,0.0,XGBoost
text__powered,0.0,XGBoost
text__power bi,0.0,XGBoost
text__your career,0.0,XGBoost
text__pour,0.0,XGBoost
text__video,0.0,XGBoost
text__view,0.0,XGBoost
text__posting,0.0,XGBoost
text__post,0.0,XGBoost
categorical__broad_category_Sales,0.0,XGBoost
categorical__broad_category_Product,0.0,XGBoost
text__visibility,0.0,XGBoost
text__possess,0.0,XGBoost
text__wide,0.0,XGBoost
text__positions,0.0,XGBoost
text__platform engineering,0.0,XGBoost
text__we also,0.0,XGBoost
text__platform engineer,0.0,XGBoost
text__we serve,0.0,XGBoost
text__peter,0.0,XGBoost
text__we use,0.0,XGBoost
text__perspectives,0.0,XGBoost
text__personnel,0.0,XGBoost
text__we value,0.0,XGBoost
text__we ve,0.0,XGBoost
text__we want,0.0,XGBoost
text__whether,0.0,XGBoost
text__we will,0.0,XGBoost
text__personally,0.0,XGBoost
text__personalized,0.0,XGBoost
text__website,0.0,XGBoost
text__personal information,0.0,XGBoost
categorical__broad_category_Human Resources,0.0,XGBoost
text__weeks,0.0,XGBoost
text__welcome,0.0,XGBoost
text__perks,0.0,XGBoost
text__periods,0.0,XGBoost
text__period,0.0,XGBoost
text__zu,0.0,XGBoost
categorical__broad_category_Healthcare,0.0,XGBoost
text__performs,0.0,XGBoost
text__zur,0.0,XGBoost
text__performed,0.0,XGBoost
text__performance metrics,0.0,XGBoost
text__wellbeing,0.0,XGBoost
text__where everyone,0.0,XGBoost
text__peter thiel,0.0,XGBoost
categorical__broad_category_Legal,0.0,XGBoost
text__platform and,0.0,XGBoost
text__zone,0.0,XGBoost
text__your skills,0.0,XGBoost
text__we believe,0.0,XGBoost
text__your team,0.0,XGBoost
text__plans and,0.0,XGBoost
text__we build,0.0,XGBoost
text__who is,0.0,XGBoost
text__planning and,0.0,XGBoost
text__we can,0.0,XGBoost
text__plan with,0.0,XGBoost
text__plan and,0.0,XGBoost
text__we encourage,0.0,XGBoost
text__place to,0.0,XGBoost
text__place,0.0,XGBoost
text__we have,0.0,XGBoost
text__who can,0.0,XGBoost
text__pipelines,0.0,XGBoost
text__we help,0.0,XGBoost
text__yourself,0.0,XGBoost
text__zero,0.0,XGBoost
text__we ll,0.0,XGBoost
text__who are,0.0,XGBoost
text__we love,0.0,XGBoost
text__phase,0.0,XGBoost
text__we offer,0.0,XGBoost
text__pharmacy,0.0,XGBoost
text__pharmaceutical,0.0,XGBoost
text__we operate,0.0,XGBoost
text__verbal and,0.0,XGBoost
text__preferred experience,0.0,XGBoost
text__venture,0.0,XGBoost
text__professional experience,0.0,XGBoost
text__professional and,0.0,XGBoost
text__1b,0.0,XGBoost
text__will play,0.0,XGBoost
text__unable,0.0,XGBoost
text__unable to,0.0,XGBoost
text__und,0.0,XGBoost
text__under,0.0,XGBoost
text__productive,0.0,XGBoost
text__18,0.0,XGBoost
text__product strategy,0.0,XGBoost
text__understand the,0.0,XGBoost
text__understands,0.0,XGBoost
text__underwriting,0.0,XGBoost
text__product marketing,0.0,XGBoost
text__product manager,0.0,XGBoost
text__product management,0.0,XGBoost
text__unit,0.0,XGBoost
text__product engineering,0.0,XGBoost
text__product development,0.0,XGBoost
text__product design,0.0,XGBoost
text__160,0.0,XGBoost
text__produce,0.0,XGBoost
text__procurement,0.0,XGBoost
text__150,0.0,XGBoost
text__uns,0.0,XGBoost
text__processes and,0.0,XGBoost
text__process takes,0.0,XGBoost
categorical__experience_level_primary_Director,0.0,XGBoost
text__relationships and,0.0,XGBoost
text__process improvement,0.0,XGBoost
text__professional services,0.0,XGBoost
text__trust and,0.0,XGBoost
text__project manager,0.0,XGBoost
text__trusted,0.0,XGBoost
text__tuition,0.0,XGBoost
text__will receive,0.0,XGBoost
text__prohibits,0.0,XGBoost
text__progress,0.0,XGBoost
text__programs and,0.0,XGBoost
text__tuition reimbursement,0.0,XGBoost
text__programming,0.0,XGBoost
text__program manager,0.0,XGBoost
text__tuning,0.0,XGBoost
text__you may,0.0,XGBoost
text__program management,0.0,XGBoost
text__program and,0.0,XGBoost
text__turn,0.0,XGBoost
text__profit,0.0,XGBoost
text__profile,0.0,XGBoost
text__will provide,0.0,XGBoost
text__type contract,0.0,XGBoost
text__proficiency with,0.0,XGBoost
text__types,0.0,XGBoost
text__proficiency in,0.0,XGBoost
text__proficiency,0.0,XGBoost
text__typescript,0.0,XGBoost
text__typical,0.0,XGBoost
text__ui,0.0,XGBoost
text__process please,0.0,XGBoost
text__process and,0.0,XGBoost
text__pregnancy,0.0,XGBoost
text__your application,0.0,XGBoost
text__using ai,0.0,XGBoost
text__principal,0.0,XGBoost
text__utilizing,0.0,XGBoost
text__ux,0.0,XGBoost
text__primarily,0.0,XGBoost
text__pride,0.0,XGBoost
text__pricing,0.0,XGBoost
text__va,0.0,XGBoost
text__valid,0.0,XGBoost
text__validate,0.0,XGBoost
text__validation,0.0,XGBoost
text__valuable,0.0,XGBoost
text__value and,0.0,XGBoost
text__pressure,0.0,XGBoost
text__president,0.0,XGBoost
text__presentations,0.0,XGBoost
text__presentation skills,0.0,XGBoost
text__valued,0.0,XGBoost
text__presentation,0.0,XGBoost
text__adam,0.0,XGBoost
text__preparing,0.0,XGBoost
text__variety of,0.0,XGBoost
text__various,0.0,XGBoost
text__vendors,0.0,XGBoost
text__prepare,0.0,XGBoost
text__preparation,0.0,XGBoost
text__premium,0.0,XGBoost
text__will also,0.0,XGBoost
text__prior experience,0.0,XGBoost
text__unsere,0.0,XGBoost
text__priorities,0.0,XGBoost
text__unsolicited,0.0,XGBoost
text__acumen,0.0,XGBoost
text__until,0.0,XGBoost
text__you ve,0.0,XGBoost
text__procedures and,0.0,XGBoost
text__will lead,0.0,XGBoost
text__update,0.0,XGBoost
categorical__broad_category_Finance,0.0,XGBoost
text__will have,0.0,XGBoost
text__upload,0.0,XGBoost
text__upload resume,0.0,XGBoost
text__ups,0.0,XGBoost
text__usa,0.0,XGBoost
text__usage,0.0,XGBoost
text__pro,0.0,XGBoost
text__private,0.0,XGBoost
text__will do,0.0,XGBoost
text__use cases,0.0,XGBoost
text__privacy,0.0,XGBoost
text__priority,0.0,XGBoost
text__use of,0.0,XGBoost
text__10 years,0.0,XGBoost
text__user,0.0,XGBoost
text__prioritization,0.0,XGBoost
text__users,0.0,XGBoost
text__priorities and,0.0,XGBoost
text__your ai,0.0,XGBoost
categorical__experience_level_primary_Executive,0.0,XGBoost
text__reporting to,0.0,XGBoost
text__relationships with,0.0,XGBoost
categorical__broad_category_Data Science,0.0,XGBoost
text__according,0.0,XGBoost
text__should be,0.0,XGBoost
text__should,0.0,XGBoost
text__work effectively,0.0,XGBoost
text__tailored,0.0,XGBoost
text__short term,0.0,XGBoost
text__work experience,0.0,XGBoost
text__work for,0.0,XGBoost
text__take ownership,0.0,XGBoost
text__takes,0.0,XGBoost
text__takes 20,0.0,XGBoost
text__shipping,0.0,XGBoost
text__ship,0.0,XGBoost
text__sharing,0.0,XGBoost
text__targeted,0.0,XGBoost
text__with focus,0.0,XGBoost
text__taking,0.0,XGBoost
text__shared,0.0,XGBoost
text__talent acquisition,0.0,XGBoost
categorical__experience_level_primary_Senior,0.0,XGBoost
text__shape the,0.0,XGBoost
text__talent with,0.0,XGBoost
text__sexual orientation,0.0,XGBoost
text__sex sexual,0.0,XGBoost
text__academic,0.0,XGBoost
text__sex national,0.0,XGBoost
text__target,0.0,XGBoost
text__sex,0.0,XGBoost
text__systems that,0.0,XGBoost
text__systems engineer,0.0,XGBoost
text__side,0.0,XGBoost
text__sie,0.0,XGBoost
text__skills excellent,0.0,XGBoost
text__supply chain,0.0,XGBoost
text__accommodations,0.0,XGBoost
text__support of,0.0,XGBoost
text__support our,0.0,XGBoost
text__support reach,0.0,XGBoost
text__work and,0.0,XGBoost
text__support specialist,0.0,XGBoost
text__with minimal,0.0,XGBoost
text__with leading,0.0,XGBoost
text__six,0.0,XGBoost
text__support your,0.0,XGBoost
text__sites,0.0,XGBoost
text__supported,0.0,XGBoost
text__site,0.0,XGBoost
text__single,0.0,XGBoost
text__with internal,0.0,XGBoost
text__with high,0.0,XGBoost
text__supports,0.0,XGBoost
text__sure,0.0,XGBoost
text__since,0.0,XGBoost
text__simultaneously,0.0,XGBoost
text__surface,0.0,XGBoost
text__sustainability,0.0,XGBoost
text__sustainable,0.0,XGBoost
text__accenture,0.0,XGBoost
text__accordance with,0.0,XGBoost
text__several,0.0,XGBoost
text__setting,0.0,XGBoost
text__term disability,0.0,XGBoost
text__technical talent,0.0,XGBoost
text__with engineering,0.0,XGBoost
text__accountability,0.0,XGBoost
text__team the,0.0,XGBoost
text__team to,0.0,XGBoost
text__senior ai,0.0,XGBoost
text__teams and,0.0,XGBoost
text__work location,0.0,XGBoost
text__teamwork,0.0,XGBoost
text__technical and,0.0,XGBoost
text__technical solutions,0.0,XGBoost
text__send,0.0,XGBoost
text__selling,0.0,XGBoost
text__technical support,0.0,XGBoost
text__technician,0.0,XGBoost
text__sets,0.0,XGBoost
text__self motivated,0.0,XGBoost
text__with disabilities,0.0,XGBoost
text__technologies and,0.0,XGBoost
text__selected,0.0,XGBoost
text__seeking an,0.0,XGBoost
text__technologies is,0.0,XGBoost
text__work on,0.0,XGBoost
text__technology and,0.0,XGBoost
text__work remotely,0.0,XGBoost
text__see,0.0,XGBoost
text__security engineer,0.0,XGBoost
text__teck,0.0,XGBoost
text__telehealth,0.0,XGBoost
text__team reviews,0.0,XGBoost
text__senior full,0.0,XGBoost
text__senior manager,0.0,XGBoost
text__team members,0.0,XGBoost
text__above,0.0,XGBoost
text__about us,0.0,XGBoost
text__sessions,0.0,XGBoost
text__serving,0.0,XGBoost
text__work is,0.0,XGBoost
text__according to,0.0,XGBoost
text__about this,0.0,XGBoost
text__servicenow,0.0,XGBoost
text__service representative,0.0,XGBoost
text__work life,0.0,XGBoost
text__tax,0.0,XGBoost
text__service delivery,0.0,XGBoost
text__service and,0.0,XGBoost
text__team environment,0.0,XGBoost
text__serves as,0.0,XGBoost
text__serves,0.0,XGBoost
text__team in,0.0,XGBoost
text__server,0.0,XGBoost
text__team is,0.0,XGBoost
text__team lead,0.0,XGBoost
text__account executive,0.0,XGBoost
text__seo,0.0,XGBoost
text__account manager,0.0,XGBoost
text__sense of,0.0,XGBoost
text__team member,0.0,XGBoost
text__senior software,0.0,XGBoost
text__senior product,0.0,XGBoost
text__skills experience,0.0,XGBoost
text__skills in,0.0,XGBoost
text__skills including,0.0,XGBoost
text__strive to,0.0,XGBoost
text__strategist,0.0,XGBoost
text__stack engineer,0.0,XGBoost
text__stack developer,0.0,XGBoost
text__strategy and,0.0,XGBoost
text__stability,0.0,XGBoost
text__sr,0.0,XGBoost
text__sql,0.0,XGBoost
text__sponsorship,0.0,XGBoost
text__sponsor,0.0,XGBoost
text__strengthen,0.0,XGBoost
text__strive,0.0,XGBoost
text__spend,0.0,XGBoost
text__speed,0.0,XGBoost
text__specifically,0.0,XGBoost
text__with product,0.0,XGBoost
text__strong analytical,0.0,XGBoost
text__specialty,0.0,XGBoost
text__strong attention,0.0,XGBoost
text__with your,0.0,XGBoost
text__accessibility,0.0,XGBoost
text__strong experience,0.0,XGBoost
text__specialist remote,0.0,XGBoost
text__strong knowledge,0.0,XGBoost
text__strong organizational,0.0,XGBoost
text__strong relationships,0.0,XGBoost
text__special,0.0,XGBoost
text__speaking,0.0,XGBoost
text__speak,0.0,XGBoost
text__staffing,0.0,XGBoost
text__stage,0.0,XGBoost
text__strategies and,0.0,XGBoost
text__stakeholder,0.0,XGBoost
text__acceptance,0.0,XGBoost
text__statement,0.0,XGBoost
text__statistical,0.0,XGBoost
text__status as,0.0,XGBoost
text__state and,0.0,XGBoost
text__status disability,0.0,XGBoost
text__access and,0.0,XGBoost
text__starting,0.0,XGBoost
text__start up,0.0,XGBoost
text__status or,0.0,XGBoost
text__status sexual,0.0,XGBoost
text__step,0.0,XGBoost
text__standards and,0.0,XGBoost
text__steps,0.0,XGBoost
text__steps to,0.0,XGBoost
text__still,0.0,XGBoost
text__stand,0.0,XGBoost
text__stipend,0.0,XGBoost
text__stakeholders to,0.0,XGBoost
text__stock,0.0,XGBoost
text__storage,0.0,XGBoost
text__stories,0.0,XGBoost
text__storytelling,0.0,XGBoost
text__strategic,0.0,XGBoost
text__strategic account,0.0,XGBoost
text__stakeholders and,0.0,XGBoost
text__stakeholder management,0.0,XGBoost
text__strong understanding,0.0,XGBoost
text__spark,0.0,XGBoost
text__women,0.0,XGBoost
text__word,0.0,XGBoost
text__solutions architect,0.0,XGBoost
text__submit your,0.0,XGBoost
text__solutions across,0.0,XGBoost
text__submitted,0.0,XGBoost
text__succeed,0.0,XGBoost
text__success and,0.0,XGBoost
text__success in,0.0,XGBoost
text__success manager,0.0,XGBoost
text__solid,0.0,XGBoost
text__successful candidate,0.0,XGBoost
text__with project,0.0,XGBoost
text__software development,0.0,XGBoost
text__summary,0.0,XGBoost
text__summers,0.0,XGBoost
text__software developer,0.0,XGBoost
text__software and,0.0,XGBoost
text__summers and,0.0,XGBoost
text__social media,0.0,XGBoost
text__supervisor,0.0,XGBoost
text__supplier,0.0,XGBoost
text__smooth,0.0,XGBoost
text__smarter,0.0,XGBoost
text__smart,0.0,XGBoost
text__small,0.0,XGBoost
text__skills to,0.0,XGBoost
text__skills strong,0.0,XGBoost
text__supply,0.0,XGBoost
text__accommodation to,0.0,XGBoost
text__solutions to,0.0,XGBoost
text__strong written,0.0,XGBoost
text__with sales,0.0,XGBoost
text__spanish,0.0,XGBoost
text__strongly preferred,0.0,XGBoost
text__student,0.0,XGBoost
text__sowie,0.0,XGBoost
text__studies,0.0,XGBoost
text__south,0.0,XGBoost
text__sourcing,0.0,XGBoost
text__sources,0.0,XGBoost
text__source,0.0,XGBoost
text__studio,0.0,XGBoost
text__study,0.0,XGBoost
text__style,0.0,XGBoost
text__subject matter,0.0,XGBoost
categorical__broad_category_Education,0.0,XGBoost
text__something,0.0,XGBoost
text__someone who,0.0,XGBoost
text__someone,0.0,XGBoost
text__some of,0.0,XGBoost
text__submission,0.0,XGBoost
text__with team,0.0,XGBoost
text__solving skills,0.0,XGBoost
text__solving and,0.0,XGBoost
text__accommodation,0.0,XGBoost
text__solve,0.0,XGBoost
text__soluções,0.0,XGBoost
text__submissions,0.0,XGBoost
text__with senior,0.0,XGBoost
text__templates,0.0,XGBoost
text__sector,0.0,XGBoost
text__release,0.0,XGBoost
text__therapeutic,0.0,XGBoost
text__respect,0.0,XGBoost
text__resources support,0.0,XGBoost
text__resources and,0.0,XGBoost
text__working on,0.0,XGBoost
text__90,0.0,XGBoost
text__resource,0.0,XGBoost
text__their best,0.0,XGBoost
text__their own,0.0,XGBoost
text__them to,0.0,XGBoost
text__resolve,0.0,XGBoost
text__resolution,0.0,XGBoost
text__then,0.0,XGBoost
text__resilience,0.0,XGBoost
text__reside,0.0,XGBoost
text__requirements years,0.0,XGBoost
text__therapy,0.0,XGBoost
text__research labs,0.0,XGBoost
text__there,0.0,XGBoost
text__research and,0.0,XGBoost
text__they need,0.0,XGBoost
text__thiel,0.0,XGBoost
text__thiel adam,0.0,XGBoost
text__things,0.0,XGBoost
text__think,0.0,XGBoost
text__requiring,0.0,XGBoost
text__thinking and,0.0,XGBoost
text__requires,0.0,XGBoost
text__with and,0.0,XGBoost
text__working knowledge,0.0,XGBoost
text__respected,0.0,XGBoost
text__the work,0.0,XGBoost
text__the way,0.0,XGBoost
text__the product,0.0,XGBoost
text__reusable,0.0,XGBoost
text__retirement,0.0,XGBoost
text__retention and,0.0,XGBoost
text__retention,0.0,XGBoost
text__retail,0.0,XGBoost
text__the project,0.0,XGBoost
text__resumes,0.0,XGBoost
text__the quality,0.0,XGBoost
text__working closely,0.0,XGBoost
text__result,0.0,XGBoost
text__rest,0.0,XGBoost
text__the range,0.0,XGBoost
text__the salary,0.0,XGBoost
text__the same,0.0,XGBoost
text__the senior,0.0,XGBoost
text__the status,0.0,XGBoost
text__the successful,0.0,XGBoost
text__working hours,0.0,XGBoost
text__with applicable,0.0,XGBoost
text__the technical,0.0,XGBoost
text__the time,0.0,XGBoost
text__responses,0.0,XGBoost
text__the us,0.0,XGBoost
text__response,0.0,XGBoost
text__respond to,0.0,XGBoost
text__achieve,0.0,XGBoost
text__third party,0.0,XGBoost
text__requirements into,0.0,XGBoost
text__termination,0.0,XGBoost
text__to achieve,0.0,XGBoost
text__reporting and,0.0,XGBoost
text__time remote,0.0,XGBoost
text__time to,0.0,XGBoost
text__time zones,0.0,XGBoost
text__report,0.0,XGBoost
text__repeatable,0.0,XGBoost
text__renewal,0.0,XGBoost
text__timelines,0.0,XGBoost
text__times,0.0,XGBoost
text__title,0.0,XGBoost
text__remote senior,0.0,XGBoost
categorical__experience_level_primary_Manager,0.0,XGBoost
text__to accelerate,0.0,XGBoost
text__remote position,0.0,XGBoost
text__requirements for,0.0,XGBoost
text__to align,0.0,XGBoost
text__remote first,0.0,XGBoost
text__to all,0.0,XGBoost
text__remediation,0.0,XGBoost
text__remain,0.0,XGBoost
text__to and,0.0,XGBoost
text__religion sex,0.0,XGBoost
text__with ai,0.0,XGBoost
text__reliability,0.0,XGBoost
text__to bring,0.0,XGBoost
text__relevant experience,0.0,XGBoost
text__to building,0.0,XGBoost
text__to business,0.0,XGBoost
text__statements,0.0,XGBoost
text__reports,0.0,XGBoost
text__time management,0.0,XGBoost
text__reports and,0.0,XGBoost
text__this job,0.0,XGBoost
text__achieving,0.0,XGBoost
text__requirement,0.0,XGBoost
text__this opportunity,0.0,XGBoost
text__required years,0.0,XGBoost
text__those who,0.0,XGBoost
text__thought,0.0,XGBoost
text__with an,0.0,XGBoost
text__required for,0.0,XGBoost
text__required experience,0.0,XGBoost
text__thoughtful,0.0,XGBoost
text__required by,0.0,XGBoost
text__threat,0.0,XGBoost
text__require,0.0,XGBoost
text__three,0.0,XGBoost
text__workloads,0.0,XGBoost
text__requests,0.0,XGBoost
text__thrive,0.0,XGBoost
text__thrives,0.0,XGBoost
text__works,0.0,XGBoost
text__workshops,0.0,XGBoost
text__represents,0.0,XGBoost
text__70,0.0,XGBoost
text__throughout the,0.0,XGBoost
text__represent,0.0,XGBoost
text__tier,0.0,XGBoost
text__tiktok,0.0,XGBoost
text__the process,0.0,XGBoost
text__revenue cycle,0.0,XGBoost
text__with business,0.0,XGBoost
text__the base,0.0,XGBoost
text__that support,0.0,XGBoost
text__scalability,0.0,XGBoost
text__that the,0.0,XGBoost
text__savings,0.0,XGBoost
text__that we,0.0,XGBoost
text__that will,0.0,XGBoost
text__that you,0.0,XGBoost
text__sap,0.0,XGBoost
text__san francisco,0.0,XGBoost
text__accountant,0.0,XGBoost
text__the ability,0.0,XGBoost
text__the ai,0.0,XGBoost
text__samsara,0.0,XGBoost
text__same,0.0,XGBoost
text__revenue growth,0.0,XGBoost
text__work we,0.0,XGBoost
text__the basis,0.0,XGBoost
text__sales team,0.0,XGBoost
text__the best,0.0,XGBoost
text__sales operations,0.0,XGBoost
text__sales manager,0.0,XGBoost
text__the broader,0.0,XGBoost
text__sales experience,0.0,XGBoost
text__the business,0.0,XGBoost
text__sales director,0.0,XGBoost
text__accounting,0.0,XGBoost
text__the candidate,0.0,XGBoost
text__sales business,0.0,XGBoost
text__with cross,0.0,XGBoost
text__that may,0.0,XGBoost
text__with customer,0.0,XGBoost
text__scale,0.0,XGBoost
text__work to,0.0,XGBoost
text__terms,0.0,XGBoost
text__terraform,0.0,XGBoost
text__seamless,0.0,XGBoost
text__territory,0.0,XGBoost
text__scrum,0.0,XGBoost
text__scripts,0.0,XGBoost
text__scripting,0.0,XGBoost
text__screening,0.0,XGBoost
text__screen,0.0,XGBoost
text__scraping,0.0,XGBoost
text__with data,0.0,XGBoost
text__scope,0.0,XGBoost
text__scientist,0.0,XGBoost
text__accountable,0.0,XGBoost
text__testing and,0.0,XGBoost
text__science or,0.0,XGBoost
text__with customers,0.0,XGBoost
text__school,0.0,XGBoost
text__scheduling,0.0,XGBoost
text__that are,0.0,XGBoost
text__scheduled,0.0,XGBoost
text__that can,0.0,XGBoost
text__that drive,0.0,XGBoost
text__scenarios,0.0,XGBoost
text__scaling,0.0,XGBoost
text__that improve,0.0,XGBoost
text__sales and,0.0,XGBoost
text__the client,0.0,XGBoost
text__sales account,0.0,XGBoost
text__the globe,0.0,XGBoost
text__role as,0.0,XGBoost
text__the highest,0.0,XGBoost
text__the hiring,0.0,XGBoost
text__the ideal,0.0,XGBoost
text__with clear,0.0,XGBoost
text__the industry,0.0,XGBoost
text__robust,0.0,XGBoost
text__roadmap,0.0,XGBoost
text__rn,0.0,XGBoost
text__workflows and,0.0,XGBoost
text__accurate and,0.0,XGBoost
text__risk management,0.0,XGBoost
text__risk and,0.0,XGBoost
text__rights,0.0,XGBoost
text__right to,0.0,XGBoost
text__right,0.0,XGBoost
text__the market,0.0,XGBoost
text__the most,0.0,XGBoost
text__reviews applications,0.0,XGBoost
text__reviews and,0.0,XGBoost
text__the organization,0.0,XGBoost
text__the pay,0.0,XGBoost
text__the people,0.0,XGBoost
text__the platform,0.0,XGBoost
text__review and,0.0,XGBoost
text__the power,0.0,XGBoost
text__the primary,0.0,XGBoost
text__accuracy and,0.0,XGBoost
text__the global,0.0,XGBoost
text__the core,0.0,XGBoost
text__the future,0.0,XGBoost
text__accounts and,0.0,XGBoost
text__the country,0.0,XGBoost
text__workday,0.0,XGBoost
text__the customer,0.0,XGBoost
text__safety,0.0,XGBoost
text__safe,0.0,XGBoost
text__the data,0.0,XGBoost
text__running,0.0,XGBoost
text__the design,0.0,XGBoost
text__the development,0.0,XGBoost
text__root cause,0.0,XGBoost
text__root,0.0,XGBoost
text__the director,0.0,XGBoost
text__role you,0.0,XGBoost
text__worked,0.0,XGBoost
text__role will,0.0,XGBoost
text__the employee,0.0,XGBoost
text__role the,0.0,XGBoost
text__the end,0.0,XGBoost
text__the entire,0.0,XGBoost
text__the essential,0.0,XGBoost
text__the field,0.0,XGBoost
text__the first,0.0,XGBoost
text__role responsibilities,0.0,XGBoost
text__the following,0.0,XGBoost
text__role requires,0.0,XGBoost
text__the full,0.0,XGBoost
text__where you,0.0,XGBoost
text__maximize,0.0,XGBoost
text__perform the,0.0,XGBoost
text__customer engagement,0.0,XGBoost
text__customer facing,0.0,XGBoost
text__and are,0.0,XGBoost
text__customer satisfaction,0.0,XGBoost
text__and apply,0.0,XGBoost
text__customer success,0.0,XGBoost
text__customer support,0.0,XGBoost
text__customers and,0.0,XGBoost
text__customers to,0.0,XGBoost
text__cutting,0.0,XGBoost
text__cutting edge,0.0,XGBoost
text__and application,0.0,XGBoost
text__cyber,0.0,XGBoost
text__cybersecurity,0.0,XGBoost
text__cycles,0.0,XGBoost
text__dados,0.0,XGBoost
text__daily please,0.0,XGBoost
text__dans,0.0,XGBoost
text__dashboards,0.0,XGBoost
text__data analysis,0.0,XGBoost
text__and automation,0.0,XGBoost
text__custom,0.0,XGBoost
text__counseling,0.0,XGBoost
text__curriculum,0.0,XGBoost
text__cover,0.0,XGBoost
text__craft,0.0,XGBoost
text__and benefits,0.0,XGBoost
text__creation,0.0,XGBoost
text__creative and,0.0,XGBoost
text__credentialing,0.0,XGBoost
text__creed,0.0,XGBoost
text__criminal,0.0,XGBoost
text__criteria,0.0,XGBoost
text__critical,0.0,XGBoost
text__crm,0.0,XGBoost
text__cro,0.0,XGBoost
text__cross functionally,0.0,XGBoost
text__cultural,0.0,XGBoost
text__and be,0.0,XGBoost
text__culture of,0.0,XGBoost
text__culture that,0.0,XGBoost
text__curiosity,0.0,XGBoost
text__curious,0.0,XGBoost
text__data analyst,0.0,XGBoost
text__data analytics,0.0,XGBoost
text__data and,0.0,XGBoost
text__data center,0.0,XGBoost
text__and analytical,0.0,XGBoost
text__define and,0.0,XGBoost
text__and analysis,0.0,XGBoost
text__and all,0.0,XGBoost
text__dein,0.0,XGBoost
text__delivered,0.0,XGBoost
text__delivers,0.0,XGBoost
text__delivery and,0.0,XGBoost
text__demand,0.0,XGBoost
text__demonstrate,0.0,XGBoost
text__demonstrated,0.0,XGBoost
text__demonstrated ability,0.0,XGBoost
text__demonstrated experience,0.0,XGBoost
text__demonstrates,0.0,XGBoost
text__and accountability,0.0,XGBoost
text__and account,0.0,XGBoost
text__dental vision,0.0,XGBoost
text__departments,0.0,XGBoost
text__dependencies,0.0,XGBoost
text__defense,0.0,XGBoost
text__deeply,0.0,XGBoost
text__deep understanding,0.0,XGBoost
text__databases,0.0,XGBoost
text__data driven,0.0,XGBoost
text__data engineer,0.0,XGBoost
text__data engineering,0.0,XGBoost
text__data governance,0.0,XGBoost
text__data into,0.0,XGBoost
text__data science,0.0,XGBoost
text__data to,0.0,XGBoost
text__database,0.0,XGBoost
text__databricks,0.0,XGBoost
text__deep expertise,0.0,XGBoost
text__datasets,0.0,XGBoost
text__day to,0.0,XGBoost
text__deal,0.0,XGBoost
text__deals,0.0,XGBoost
text__and applicants,0.0,XGBoost
text__decision making,0.0,XGBoost
text__and analytics,0.0,XGBoost
text__deep,0.0,XGBoost
text__country,0.0,XGBoost
text__counsel,0.0,XGBoost
text__deploy,0.0,XGBoost
text__comply with,0.0,XGBoost
text__comprehensive benefits,0.0,XGBoost
text__computer science,0.0,XGBoost
text__con,0.0,XGBoost
text__concept,0.0,XGBoost
text__concerns,0.0,XGBoost
text__condition,0.0,XGBoost
text__conditions,0.0,XGBoost
text__conducting,0.0,XGBoost
text__conferences,0.0,XGBoost
text__confidence,0.0,XGBoost
text__confident,0.0,XGBoost
text__confidential,0.0,XGBoost
text__configuration,0.0,XGBoost
text__configure,0.0,XGBoost
text__confirm,0.0,XGBoost
text__conhecimento,0.0,XGBoost
text__connected,0.0,XGBoost
text__connecting,0.0,XGBoost
text__connection,0.0,XGBoost
text__components,0.0,XGBoost
text__comply,0.0,XGBoost
text__could,0.0,XGBoost
text__compliant,0.0,XGBoost
text__companies,0.0,XGBoost
text__company and,0.0,XGBoost
text__and commercial,0.0,XGBoost
text__comparable,0.0,XGBoost
text__compelling,0.0,XGBoost
text__and collaboration,0.0,XGBoost
text__and collaborate,0.0,XGBoost
text__compensation package,0.0,XGBoost
text__and cloud,0.0,XGBoost
text__competing,0.0,XGBoost
text__and close,0.0,XGBoost
text__and clinical,0.0,XGBoost
text__complete upload,0.0,XGBoost
text__complete your,0.0,XGBoost
text__completed,0.0,XGBoost
text__completion of,0.0,XGBoost
text__complex technical,0.0,XGBoost
text__complexity,0.0,XGBoost
text__compliance and,0.0,XGBoost
text__connections,0.0,XGBoost
text__connectivity,0.0,XGBoost
text__connects,0.0,XGBoost
text__connects elite,0.0,XGBoost
text__contract compensation,0.0,XGBoost
text__contracting,0.0,XGBoost
text__contractors,0.0,XGBoost
text__contracts,0.0,XGBoost
text__contributing,0.0,XGBoost
text__contributing to,0.0,XGBoost
text__contribution,0.0,XGBoost
text__contributor,0.0,XGBoost
text__control,0.0,XGBoost
text__controls,0.0,XGBoost
text__conversations,0.0,XGBoost
text__conviction,0.0,XGBoost
text__coordinate,0.0,XGBoost
text__coordinating,0.0,XGBoost
text__coordination,0.0,XGBoost
text__core values,0.0,XGBoost
text__corporate,0.0,XGBoost
text__cost,0.0,XGBoost
text__costs,0.0,XGBoost
text__continuously,0.0,XGBoost
text__continuous learning,0.0,XGBoost
text__continuous,0.0,XGBoost
text__consultants,0.0,XGBoost
text__consider,0.0,XGBoost
text__consideration,0.0,XGBoost
text__and client,0.0,XGBoost
text__considerations,0.0,XGBoost
text__considered for,0.0,XGBoost
text__and can,0.0,XGBoost
text__constraints,0.0,XGBoost
text__consultant senior,0.0,XGBoost
text__consultative,0.0,XGBoost
text__continued,0.0,XGBoost
text__consulting,0.0,XGBoost
text__consulting and,0.0,XGBoost
text__consumer,0.0,XGBoost
text__contact for,0.0,XGBoost
text__contact us,0.0,XGBoost
text__and building,0.0,XGBoost
text__continue,0.0,XGBoost
text__continue to,0.0,XGBoost
text__dependent,0.0,XGBoost
text__deployed,0.0,XGBoost
text__per year,0.0,XGBoost
text__energy,0.0,XGBoost
text__engagement and,0.0,XGBoost
text__engine,0.0,XGBoost
text__engineer ai,0.0,XGBoost
text__engineer developer,0.0,XGBoost
text__engineer to,0.0,XGBoost
text__engineering and,0.0,XGBoost
text__engineering data,0.0,XGBoost
text__engineering or,0.0,XGBoost
text__engineering senior,0.0,XGBoost
text__engineering team,0.0,XGBoost
text__engineering teams,0.0,XGBoost
text__engineers and,0.0,XGBoost
text__english and,0.0,XGBoost
text__enhance,0.0,XGBoost
text__enhancements,0.0,XGBoost
text__enjoy,0.0,XGBoost
text__enjoys,0.0,XGBoost
text__enough,0.0,XGBoost
text__enrollment,0.0,XGBoost
text__engagement,0.0,XGBoost
text__encourage you,0.0,XGBoost
text__elite creative,0.0,XGBoost
text__encourage,0.0,XGBoost
text__emails,0.0,XGBoost
text__embedded,0.0,XGBoost
text__embrace,0.0,XGBoost
text__emotional,0.0,XGBoost
text__empathy,0.0,XGBoost
text__employee assistance,0.0,XGBoost
text__employer all,0.0,XGBoost
text__employer and,0.0,XGBoost
text__employer we,0.0,XGBoost
text__employment opportunities,0.0,XGBoost
text__employment opportunity,0.0,XGBoost
text__employment without,0.0,XGBoost
text__empower,0.0,XGBoost
text__empowered,0.0,XGBoost
text__empowering,0.0,XGBoost
text__en,0.0,XGBoost
text__enablement,0.0,XGBoost
text__enables,0.0,XGBoost
text__enabling,0.0,XGBoost
text__ensure that,0.0,XGBoost
text__ensure the,0.0,XGBoost
text__ensures,0.0,XGBoost
text__enterprise account,0.0,XGBoost
text__even,0.0,XGBoost
text__event,0.0,XGBoost
text__events,0.0,XGBoost
text__events and,0.0,XGBoost
text__every day,0.0,XGBoost
text__everything,0.0,XGBoost
text__everything we,0.0,XGBoost
text__evolve,0.0,XGBoost
text__exceed,0.0,XGBoost
text__excellent communication,0.0,XGBoost
text__excellent written,0.0,XGBoost
text__excited,0.0,XGBoost
text__executing,0.0,XGBoost
text__execution and,0.0,XGBoost
text__execution of,0.0,XGBoost
text__analysts,0.0,XGBoost
text__executive leadership,0.0,XGBoost
text__executive level,0.0,XGBoost
text__executives,0.0,XGBoost
text__evaluating,0.0,XGBoost
text__etc,0.0,XGBoost
text__analytical and,0.0,XGBoost
text__equitable,0.0,XGBoost
text__enterprise sales,0.0,XGBoost
text__entire,0.0,XGBoost
text__entrepreneurial,0.0,XGBoost
text__analytical skills,0.0,XGBoost
text__environment and,0.0,XGBoost
text__environment where,0.0,XGBoost
text__environmental,0.0,XGBoost
text__equipment,0.0,XGBoost
text__equity and,0.0,XGBoost
text__estimate,0.0,XGBoost
text__equivalent experience,0.0,XGBoost
text__es,0.0,XGBoost
text__escalate,0.0,XGBoost
text__especially,0.0,XGBoost
text__essential functions,0.0,XGBoost
text__establish and,0.0,XGBoost
text__establishing,0.0,XGBoost
text__estate,0.0,XGBoost
text__em,0.0,XGBoost
text__elite,0.0,XGBoost
text__deployments,0.0,XGBoost
text__development of,0.0,XGBoost
text__develops,0.0,XGBoost
text__device,0.0,XGBoost
text__devices,0.0,XGBoost
text__devops engineer,0.0,XGBoost
text__diagnostic,0.0,XGBoost
text__die,0.0,XGBoost
text__difference,0.0,XGBoost
text__different,0.0,XGBoost
text__digital marketing,0.0,XGBoost
text__digital transformation,0.0,XGBoost
text__diploma,0.0,XGBoost
text__dir,0.0,XGBoost
text__directly to,0.0,XGBoost
text__directly with,0.0,XGBoost
text__director director,0.0,XGBoost
text__ancestry,0.0,XGBoost
text__disability insurance,0.0,XGBoost
text__disability or,0.0,XGBoost
text__disability status,0.0,XGBoost
text__and ability,0.0,XGBoost
text__development experience,0.0,XGBoost
text__eligible to,0.0,XGBoost
text__developing and,0.0,XGBoost
text__des,0.0,XGBoost
text__desenvolvimento,0.0,XGBoost
text__design and,0.0,XGBoost
text__designed,0.0,XGBoost
text__designed to,0.0,XGBoost
text__designer,0.0,XGBoost
text__designers,0.0,XGBoost
text__designing,0.0,XGBoost
text__designing and,0.0,XGBoost
text__designs,0.0,XGBoost
text__desired,0.0,XGBoost
text__detail and,0.0,XGBoost
text__detail oriented,0.0,XGBoost
text__detailed,0.0,XGBoost
text__details about,0.0,XGBoost
text__detection,0.0,XGBoost
text__determined,0.0,XGBoost
text__determined by,0.0,XGBoost
text__developers,0.0,XGBoost
text__disability veteran,0.0,XGBoost
text__discipline,0.0,XGBoost
text__discretion,0.0,XGBoost
text__discriminate,0.0,XGBoost
text__economics,0.0,XGBoost
text__ecosystem,0.0,XGBoost
text__edge,0.0,XGBoost
text__editing,0.0,XGBoost
text__editor,0.0,XGBoost
text__education and,0.0,XGBoost
text__analytics and,0.0,XGBoost
text__educational,0.0,XGBoost
text__effectively with,0.0,XGBoost
text__efficiency and,0.0,XGBoost
text__efforts,0.0,XGBoost
text__eine,0.0,XGBoost
text__either,0.0,XGBoost
text__el,0.0,XGBoost
text__electrical,0.0,XGBoost
text__electronic,0.0,XGBoost
text__elevate,0.0,XGBoost
text__eligibility,0.0,XGBoost
text__eligible for,0.0,XGBoost
text__ecommerce,0.0,XGBoost
text__analyze,0.0,XGBoost
text__each other,0.0,XGBoost
text__domains,0.0,XGBoost
text__discrimination,0.0,XGBoost
text__discussions,0.0,XGBoost
text__distributed,0.0,XGBoost
text__distributed systems,0.0,XGBoost
text__diverse and,0.0,XGBoost
text__analyzing,0.0,XGBoost
text__documentation and,0.0,XGBoost
text__documented,0.0,XGBoost
text__don,0.0,XGBoost
text__dynamics,0.0,XGBoost
text__done,0.0,XGBoost
text__dorsey,0.0,XGBoost
text__dorsey position,0.0,XGBoost
text__down,0.0,XGBoost
text__driving,0.0,XGBoost
text__due,0.0,XGBoost
text__duties and,0.0,XGBoost
text__duties as,0.0,XGBoost
text__como,0.0,XGBoost
text__communicator,0.0,XGBoost
text__communicating,0.0,XGBoost
text__and ensuring,0.0,XGBoost
text__approximately,0.0,XGBoost
text__apps,0.0,XGBoost
text__arbeiten,0.0,XGBoost
text__architect,0.0,XGBoost
text__architects,0.0,XGBoost
text__architectural,0.0,XGBoost
text__and ensure,0.0,XGBoost
text__architecture and,0.0,XGBoost
text__architectures,0.0,XGBoost
text__are looking,0.0,XGBoost
text__are proud,0.0,XGBoost
text__are seeking,0.0,XGBoost
text__are unable,0.0,XGBoost
text__areas,0.0,XGBoost
text__areas of,0.0,XGBoost
text__around the,0.0,XGBoost
text__artificial,0.0,XGBoost
text__artificial intelligence,0.0,XGBoost
text__as code,0.0,XGBoost
text__approval,0.0,XGBoost
text__appointments,0.0,XGBoost
text__annually,0.0,XGBoost
text__appointment,0.0,XGBoost
text__answer,0.0,XGBoost
text__any help,0.0,XGBoost
text__apis,0.0,XGBoost
text__apis and,0.0,XGBoost
text__and executive,0.0,XGBoost
text__applicable federal,0.0,XGBoost
text__applicable law,0.0,XGBoost
text__applicants will,0.0,XGBoost
text__applicants with,0.0,XGBoost
text__and execution,0.0,XGBoost
text__application steps,0.0,XGBoost
text__applications and,0.0,XGBoost
text__applications daily,0.0,XGBoost
text__applied,0.0,XGBoost
text__applies,0.0,XGBoost
text__and enterprise,0.0,XGBoost
text__apply now,0.0,XGBoost
text__apply to,0.0,XGBoost
text__applying,0.0,XGBoost
text__as needed,0.0,XGBoost
text__as part,0.0,XGBoost
text__and engineering,0.0,XGBoost
text__as senior,0.0,XGBoost
text__and digital,0.0,XGBoost
text__and development,0.0,XGBoost
text__attend,0.0,XGBoost
text__attention,0.0,XGBoost
text__attention to,0.0,XGBoost
text__attitude,0.0,XGBoost
text__attorney,0.0,XGBoost
text__and developing,0.0,XGBoost
text__audience,0.0,XGBoost
text__audiences,0.0,XGBoost
text__audio,0.0,XGBoost
text__audit,0.0,XGBoost
text__auditor,0.0,XGBoost
text__audits,0.0,XGBoost
text__authority,0.0,XGBoost
text__authorization,0.0,XGBoost
text__and develop,0.0,XGBoost
text__authorized to,0.0,XGBoost
text__automate,0.0,XGBoost
text__and documentation,0.0,XGBoost
text__at any,0.0,XGBoost
text__and drive,0.0,XGBoost
text__asset,0.0,XGBoost
text__as trusted,0.0,XGBoost
text__as we,0.0,XGBoost
text__as you,0.0,XGBoost
text__ask,0.0,XGBoost
text__aspects,0.0,XGBoost
text__aspects of,0.0,XGBoost
text__assess,0.0,XGBoost
text__assessment,0.0,XGBoost
text__assets,0.0,XGBoost
text__assurance,0.0,XGBoost
text__assignments,0.0,XGBoost
text__assist,0.0,XGBoost
text__assist in,0.0,XGBoost
text__and emerging,0.0,XGBoost
text__assistance program,0.0,XGBoost
text__and driving,0.0,XGBoost
text__associated,0.0,XGBoost
text__associates,0.0,XGBoost
text__another,0.0,XGBoost
text__angelo larry,0.0,XGBoost
text__common,0.0,XGBoost
text__and modern,0.0,XGBoost
text__and non,0.0,XGBoost
text__and on,0.0,XGBoost
text__and ongoing,0.0,XGBoost
text__and operational,0.0,XGBoost
text__and operations,0.0,XGBoost
text__and opportunities,0.0,XGBoost
text__and organizational,0.0,XGBoost
text__and our,0.0,XGBoost
text__and external,0.0,XGBoost
text__and partner,0.0,XGBoost
text__and performance,0.0,XGBoost
text__and personal,0.0,XGBoost
text__and post,0.0,XGBoost
text__and problem,0.0,XGBoost
text__and process,0.0,XGBoost
text__and processes,0.0,XGBoost
text__and product,0.0,XGBoost
text__and production,0.0,XGBoost
text__and project,0.0,XGBoost
text__and more,0.0,XGBoost
text__and may,0.0,XGBoost
text__angelo,0.0,XGBoost
text__and marketing,0.0,XGBoost
text__and high,0.0,XGBoost
text__and how,0.0,XGBoost
text__and implement,0.0,XGBoost
text__and growth,0.0,XGBoost
text__and governance,0.0,XGBoost
text__and infrastructure,0.0,XGBoost
text__and innovation,0.0,XGBoost
text__and integration,0.0,XGBoost
text__and internal,0.0,XGBoost
text__and global,0.0,XGBoost
text__and its,0.0,XGBoost
text__and jack,0.0,XGBoost
text__and leadership,0.0,XGBoost
text__and local,0.0,XGBoost
text__and maintaining,0.0,XGBoost
text__and financial,0.0,XGBoost
text__and manage,0.0,XGBoost
text__and management,0.0,XGBoost
text__and market,0.0,XGBoost
text__and provide,0.0,XGBoost
text__and quality,0.0,XGBoost
text__and reporting,0.0,XGBoost
text__and resolve,0.0,XGBoost
text__and technology,0.0,XGBoost
text__and their,0.0,XGBoost
text__and time,0.0,XGBoost
text__and to,0.0,XGBoost
text__and tools,0.0,XGBoost
text__and training,0.0,XGBoost
text__and translate,0.0,XGBoost
text__and use,0.0,XGBoost
text__and user,0.0,XGBoost
text__and vision,0.0,XGBoost
text__and we,0.0,XGBoost
text__and what,0.0,XGBoost
text__and will,0.0,XGBoost
text__and with,0.0,XGBoost
text__and work,0.0,XGBoost
text__and working,0.0,XGBoost
text__and written,0.0,XGBoost
text__and experience,0.0,XGBoost
text__and your,0.0,XGBoost
text__and technical,0.0,XGBoost
text__and team,0.0,XGBoost
text__and take,0.0,XGBoost
text__and services,0.0,XGBoost
text__and revenue,0.0,XGBoost
text__and review,0.0,XGBoost
text__and risk,0.0,XGBoost
text__and safety,0.0,XGBoost
text__and sales,0.0,XGBoost
text__and scale,0.0,XGBoost
text__and security,0.0,XGBoost
text__and service,0.0,XGBoost
text__and skills,0.0,XGBoost
text__and systems,0.0,XGBoost
text__and social,0.0,XGBoost
text__and software,0.0,XGBoost
text__and stakeholder,0.0,XGBoost
text__and strategic,0.0,XGBoost
text__and strong,0.0,XGBoost
text__and support,0.0,XGBoost
text__and supporting,0.0,XGBoost
text__and system,0.0,XGBoost
text__automated,0.0,XGBoost
text__and design,0.0,XGBoost
text__automation and,0.0,XGBoost
text__celebrate,0.0,XGBoost
text__centers,0.0,XGBoost
text__central,0.0,XGBoost
text__certain,0.0,XGBoost
text__certification,0.0,XGBoost
text__certified,0.0,XGBoost
text__challenge,0.0,XGBoost
text__challenges and,0.0,XGBoost
text__challenging,0.0,XGBoost
text__champion,0.0,XGBoost
text__change management,0.0,XGBoost
text__changing,0.0,XGBoost
text__channel,0.0,XGBoost
text__characteristic,0.0,XGBoost
text__characteristics,0.0,XGBoost
text__check,0.0,XGBoost
text__check for,0.0,XGBoost
text__checks,0.0,XGBoost
text__chief,0.0,XGBoost
text__choose,0.0,XGBoost
text__centered,0.0,XGBoost
text__cd pipelines,0.0,XGBoost
text__autonomy,0.0,XGBoost
text__cd,0.0,XGBoost
text__candidate will,0.0,XGBoost
text__candidates must,0.0,XGBoost
text__capabilities and,0.0,XGBoost
text__capability,0.0,XGBoost
text__capable,0.0,XGBoost
text__and contribute,0.0,XGBoost
text__capital,0.0,XGBoost
text__card,0.0,XGBoost
text__and continuous,0.0,XGBoost
text__care and,0.0,XGBoost
text__career development,0.0,XGBoost
text__career growth,0.0,XGBoost
text__careers,0.0,XGBoost
text__cases,0.0,XGBoost
text__cash,0.0,XGBoost
text__catalyst,0.0,XGBoost
text__catalyst peter,0.0,XGBoost
text__category,0.0,XGBoost
text__cause,0.0,XGBoost
text__ci,0.0,XGBoost
text__ci cd,0.0,XGBoost
text__citizenship,0.0,XGBoost
text__claim,0.0,XGBoost
text__and communication,0.0,XGBoost
text__collaborating with,0.0,XGBoost
text__collaboration and,0.0,XGBoost
text__collaboration with,0.0,XGBoost
text__colleagues,0.0,XGBoost
text__collect,0.0,XGBoost
text__and communicate,0.0,XGBoost
text__color,0.0,XGBoost
text__color national,0.0,XGBoost
text__combination,0.0,XGBoost
text__combination of,0.0,XGBoost
text__combine,0.0,XGBoost
text__combines,0.0,XGBoost
text__come,0.0,XGBoost
text__and commitment,0.0,XGBoost
text__comfortable working,0.0,XGBoost
text__commerce,0.0,XGBoost
text__commission,0.0,XGBoost
text__commitments,0.0,XGBoost
text__code,0.0,XGBoost
text__and company,0.0,XGBoost
text__cloud security,0.0,XGBoost
text__client relationships,0.0,XGBoost
text__claims,0.0,XGBoost
text__clarity,0.0,XGBoost
text__claude,0.0,XGBoost
text__clean,0.0,XGBoost
text__clearance,0.0,XGBoost
text__click,0.0,XGBoost
text__click here,0.0,XGBoost
text__and compliance,0.0,XGBoost
text__client services,0.0,XGBoost
text__cloud infrastructure,0.0,XGBoost
text__client success,0.0,XGBoost
text__clinical data,0.0,XGBoost
text__clinical operations,0.0,XGBoost
text__clinical trial,0.0,XGBoost
text__clinical trials,0.0,XGBoost
text__close,0.0,XGBoost
text__and competitive,0.0,XGBoost
text__cloud,0.0,XGBoost
text__candidate is,0.0,XGBoost
text__canada,0.0,XGBoost
text__can be,0.0,XGBoost
text__bi,0.0,XGBoost
text__be part,0.0,XGBoost
text__be responsible,0.0,XGBoost
text__because,0.0,XGBoost
text__before,0.0,XGBoost
text__behavior,0.0,XGBoost
text__behavioral,0.0,XGBoost
text__behavioral health,0.0,XGBoost
text__behind,0.0,XGBoost
text__bei,0.0,XGBoost
text__bei uns,0.0,XGBoost
text__believe that,0.0,XGBoost
text__belonging,0.0,XGBoost
text__benchmark general,0.0,XGBoost
text__benefit,0.0,XGBoost
text__and deliver,0.0,XGBoost
text__benefits including,0.0,XGBoost
text__benefits package,0.0,XGBoost
text__best in,0.0,XGBoost
text__best work,0.0,XGBoost
text__be eligible,0.0,XGBoost
text__be an,0.0,XGBoost
text__basis of,0.0,XGBoost
text__backend development,0.0,XGBoost
text__availability,0.0,XGBoost
text__award,0.0,XGBoost
text__aware,0.0,XGBoost
text__aws,0.0,XGBoost
text__azure,0.0,XGBoost
text__b2b,0.0,XGBoost
text__b2b sales,0.0,XGBoost
text__backed,0.0,XGBoost
text__backend engineer,0.0,XGBoost
text__and delivering,0.0,XGBoost
text__background,0.0,XGBoost
text__backgrounds,0.0,XGBoost
text__backgrounds and,0.0,XGBoost
text__balancing,0.0,XGBoost
text__bar,0.0,XGBoost
text__barriers,0.0,XGBoost
text__base pay,0.0,XGBoost
text__based in,0.0,XGBoost
text__beyond,0.0,XGBoost
text__big,0.0,XGBoost
text__and cost,0.0,XGBoost
text__and decision,0.0,XGBoost
text__business needs,0.0,XGBoost
text__business objectives,0.0,XGBoost
text__and cross,0.0,XGBoost
text__business outcomes,0.0,XGBoost
text__business requirements,0.0,XGBoost
text__business stakeholders,0.0,XGBoost
text__but not,0.0,XGBoost
text__buying,0.0,XGBoost
text__bv,0.0,XGBoost
text__bv teck,0.0,XGBoost
text__by applicable,0.0,XGBoost
text__by law,0.0,XGBoost
text__and creative,0.0,XGBoost
text__by the,0.0,XGBoost
text__ca,0.0,XGBoost
text__calendar,0.0,XGBoost
text__call center,0.0,XGBoost
text__calling,0.0,XGBoost
text__campaign,0.0,XGBoost
text__business intelligence,0.0,XGBoost
text__business hours,0.0,XGBoost
text__business and,0.0,XGBoost
text__broader,0.0,XGBoost
text__billion,0.0,XGBoost
text__board,0.0,XGBoost
text__bonuses,0.0,XGBoost
text__boundaries,0.0,XGBoost
text__bright,0.0,XGBoost
text__bright vision,0.0,XGBoost
text__bringing,0.0,XGBoost
text__brings,0.0,XGBoost
text__budget,0.0,XGBoost
text__business analyst,0.0,XGBoost
text__budgets,0.0,XGBoost
text__build the,0.0,XGBoost
text__builder,0.0,XGBoost
text__building and,0.0,XGBoost
text__building the,0.0,XGBoost
text__builds,0.0,XGBoost
text__built,0.0,XGBoost
text__built on,0.0,XGBoost
text__exercise,0.0,XGBoost
text__existing,0.0,XGBoost
text__expand,0.0,XGBoost
text__member of,0.0,XGBoost
text__members to,0.0,XGBoost
text__mentor,0.0,XGBoost
text__mentorship,0.0,XGBoost
text__mercor,0.0,XGBoost
text__mercor connects,0.0,XGBoost
text__messages,0.0,XGBoost
text__messaging,0.0,XGBoost
text__met,0.0,XGBoost
text__methodologies,0.0,XGBoost
text__methodology,0.0,XGBoost
text__methods,0.0,XGBoost
text__metrics,0.0,XGBoost
text__metrics and,0.0,XGBoost
text__mid level,0.0,XGBoost
text__migration,0.0,XGBoost
text__milestones,0.0,XGBoost
text__military,0.0,XGBoost
text__million,0.0,XGBoost
text__millions,0.0,XGBoost
text__members and,0.0,XGBoost
text__meets,0.0,XGBoost
text__master,0.0,XGBoost
text__meetings and,0.0,XGBoost
text__match,0.0,XGBoost
text__matching,0.0,XGBoost
text__material,0.0,XGBoost
text__matter expert,0.0,XGBoost
text__matters,0.0,XGBoost
text__ai and,0.0,XGBoost
text__may include,0.0,XGBoost
text__may vary,0.0,XGBoost
text__meaningful,0.0,XGBoost
text__measurable,0.0,XGBoost
text__measure,0.0,XGBoost
text__measurement,0.0,XGBoost
text__media,0.0,XGBoost
text__medical affairs,0.0,XGBoost
text__ahead,0.0,XGBoost
text__medicare,0.0,XGBoost
text__medicine,0.0,XGBoost
text__meet the,0.0,XGBoost
text__meeting,0.0,XGBoost
text__millions of,0.0,XGBoost
text__mind,0.0,XGBoost
text__mindset with,0.0,XGBoost
text__minimal,0.0,XGBoost
text__multi,0.0,XGBoost
text__multiple priorities,0.0,XGBoost
text__music,0.0,XGBoost
text__agentic,0.0,XGBoost
text__na,0.0,XGBoost
text__nationwide,0.0,XGBoost
text__nature,0.0,XGBoost
text__navigating,0.0,XGBoost
text__necessary,0.0,XGBoost
text__need to,0.0,XGBoost
text__needed to,0.0,XGBoost
text__needs and,0.0,XGBoost
text__negotiation,0.0,XGBoost
text__net,0.0,XGBoost
text__netsuite,0.0,XGBoost
text__network,0.0,XGBoost
text__networking,0.0,XGBoost
text__networks,0.0,XGBoost
text__never,0.0,XGBoost
text__much,0.0,XGBoost
text__motion,0.0,XGBoost
text__agents,0.0,XGBoost
text__mobile,0.0,XGBoost
text__minimum of,0.0,XGBoost
text__mins,0.0,XGBoost
text__mins to,0.0,XGBoost
text__mission is,0.0,XGBoost
text__mission to,0.0,XGBoost
text__mit,0.0,XGBoost
text__mitigation,0.0,XGBoost
text__ml,0.0,XGBoost
text__agreement,0.0,XGBoost
text__more years,0.0,XGBoost
text__models and,0.0,XGBoost
text__modern,0.0,XGBoost
text__money,0.0,XGBoost
text__monitoring and,0.0,XGBoost
text__monthly,0.0,XGBoost
text__agile,0.0,XGBoost
text__more about,0.0,XGBoost
text__more information,0.0,XGBoost
text__master degree,0.0,XGBoost
text__marketplace,0.0,XGBoost
text__lead the,0.0,XGBoost
text__licensing,0.0,XGBoost
text__life balance,0.0,XGBoost
text__life insurance,0.0,XGBoost
text__life sciences,0.0,XGBoost
text__lifelancer,0.0,XGBoost
text__lifestyle,0.0,XGBoost
text__like to,0.0,XGBoost
text__limited,0.0,XGBoost
text__limited to,0.0,XGBoost
text__lines,0.0,XGBoost
text__link,0.0,XGBoost
text__linux,0.0,XGBoost
text__list,0.0,XGBoost
text__listed,0.0,XGBoost
text__listening,0.0,XGBoost
text__litigation,0.0,XGBoost
text__live,0.0,XGBoost
text__lives,0.0,XGBoost
text__ai ml,0.0,XGBoost
text__ll have,0.0,XGBoost
text__life and,0.0,XGBoost
text__licensed,0.0,XGBoost
text__marketing manager,0.0,XGBoost
text__license,0.0,XGBoost
text__leaders and,0.0,XGBoost
text__leading ai,0.0,XGBoost
text__ai native,0.0,XGBoost
text__learn and,0.0,XGBoost
text__learn more,0.0,XGBoost
text__learning and,0.0,XGBoost
text__least one,0.0,XGBoost
text__least years,0.0,XGBoost
text__leaves,0.0,XGBoost
text__legacy,0.0,XGBoost
text__legally,0.0,XGBoost
text__legally protected,0.0,XGBoost
text__les,0.0,XGBoost
text__less,0.0,XGBoost
text__let,0.0,XGBoost
text__level and,0.0,XGBoost
text__levels,0.0,XGBoost
text__leverage,0.0,XGBoost
text__liaison,0.0,XGBoost
text__ll work,0.0,XGBoost
text__llm,0.0,XGBoost
text__loan,0.0,XGBoost
text__local,0.0,XGBoost
text__manage multiple,0.0,XGBoost
text__manage the,0.0,XGBoost
text__managed,0.0,XGBoost
text__management experience,0.0,XGBoost
text__management of,0.0,XGBoost
text__management or,0.0,XGBoost
text__management skills,0.0,XGBoost
text__manager sales,0.0,XGBoost
text__manager senior,0.0,XGBoost
text__managers and,0.0,XGBoost
text__manages,0.0,XGBoost
text__manner,0.0,XGBoost
text__manual,0.0,XGBoost
text__manufacturing,0.0,XGBoost
text__many,0.0,XGBoost
text__mapping,0.0,XGBoost
text__marital status,0.0,XGBoost
text__market and,0.0,XGBoost
text__ai data,0.0,XGBoost
text__manage and,0.0,XGBoost
text__making,0.0,XGBoost
text__makes,0.0,XGBoost
text__love,0.0,XGBoost
text__local law,0.0,XGBoost
text__located,0.0,XGBoost
text__location and,0.0,XGBoost
text__locations,0.0,XGBoost
text__logistics,0.0,XGBoost
text__ai interview,0.0,XGBoost
text__ai engineer,0.0,XGBoost
text__looks like,0.0,XGBoost
text__love to,0.0,XGBoost
text__ai enabled,0.0,XGBoost
text__low,0.0,XGBoost
text__machine,0.0,XGBoost
text__made,0.0,XGBoost
text__maintain accurate,0.0,XGBoost
text__maintain and,0.0,XGBoost
text__maintenance,0.0,XGBoost
text__major,0.0,XGBoost
text__make an,0.0,XGBoost
text__new business,0.0,XGBoost
text__new york,0.0,XGBoost
text__next generation,0.0,XGBoost
text__our business,0.0,XGBoost
text__advance,0.0,XGBoost
text__ads,0.0,XGBoost
text__our core,0.0,XGBoost
text__our culture,0.0,XGBoost
text__our global,0.0,XGBoost
text__our investors,0.0,XGBoost
text__our mission,0.0,XGBoost
text__our work,0.0,XGBoost
text__out,0.0,XGBoost
text__out to,0.0,XGBoost
text__outcomes,0.0,XGBoost
text__outcomes and,0.0,XGBoost
text__output,0.0,XGBoost
text__adoption and,0.0,XGBoost
text__outreach,0.0,XGBoost
text__outside,0.0,XGBoost
text__outside of,0.0,XGBoost
text__outstanding,0.0,XGBoost
text__adoption,0.0,XGBoost
text__our client,0.0,XGBoost
text__ou,0.0,XGBoost
text__nice,0.0,XGBoost
text__other protected,0.0,XGBoost
text__order,0.0,XGBoost
text__order to,0.0,XGBoost
text__orders,0.0,XGBoost
text__organic,0.0,XGBoost
text__organisation,0.0,XGBoost
text__advancement,0.0,XGBoost
text__organization and,0.0,XGBoost
text__organizational and,0.0,XGBoost
text__organizational skills,0.0,XGBoost
text__organize,0.0,XGBoost
text__organized,0.0,XGBoost
text__organized and,0.0,XGBoost
text__oriented,0.0,XGBoost
text__origin,0.0,XGBoost
text__origin age,0.0,XGBoost
text__origin disability,0.0,XGBoost
text__os,0.0,XGBoost
text__other characteristic,0.0,XGBoost
text__other duties,0.0,XGBoost
text__over the,0.0,XGBoost
text__over time,0.0,XGBoost
text__oversee,0.0,XGBoost
text__oversight,0.0,XGBoost
text__partner closely,0.0,XGBoost
text__partnering,0.0,XGBoost
text__partners and,0.0,XGBoost
text__partners to,0.0,XGBoost
text__partnership with,0.0,XGBoost
text__administrative,0.0,XGBoost
text__passionate about,0.0,XGBoost
text__path,0.0,XGBoost
text__patients and,0.0,XGBoost
text__adherence to,0.0,XGBoost
text__adherence,0.0,XGBoost
text__payer,0.0,XGBoost
text__payment,0.0,XGBoost
text__payments,0.0,XGBoost
text__payroll,0.0,XGBoost
text__people and,0.0,XGBoost
text__address,0.0,XGBoost
text__people who,0.0,XGBoost
text__addition to,0.0,XGBoost
text__particularly,0.0,XGBoost
text__participates in,0.0,XGBoost
text__participates,0.0,XGBoost
text__packages,0.0,XGBoost
text__own the,0.0,XGBoost
text__owner,0.0,XGBoost
text__owners,0.0,XGBoost
text__ownership and,0.0,XGBoost
text__ownership of,0.0,XGBoost
text__owns,0.0,XGBoost
text__paced,0.0,XGBoost
text__paced environment,0.0,XGBoost
text__page,0.0,XGBoost
text__participate in,0.0,XGBoost
text__pages,0.0,XGBoost
text__adobe,0.0,XGBoost
text__paid holidays,0.0,XGBoost
text__paid media,0.0,XGBoost
text__administrator,0.0,XGBoost
text__parental,0.0,XGBoost
text__parental leave,0.0,XGBoost
text__part time,0.0,XGBoost
text__orchestration,0.0,XGBoost
text__oral,0.0,XGBoost
text__oracle,0.0,XGBoost
text__of sales,0.0,XGBoost
text__obtain,0.0,XGBoost
text__occasional,0.0,XGBoost
text__occasionally,0.0,XGBoost
text__oder,0.0,XGBoost
text__of ai,0.0,XGBoost
text__of all,0.0,XGBoost
text__of an,0.0,XGBoost
text__of benefits,0.0,XGBoost
text__of business,0.0,XGBoost
text__of clinical,0.0,XGBoost
text__of contact,0.0,XGBoost
text__of factors,0.0,XGBoost
text__of how,0.0,XGBoost
text__of life,0.0,XGBoost
text__after,0.0,XGBoost
text__of people,0.0,XGBoost
text__of product,0.0,XGBoost
text__of professional,0.0,XGBoost
text__of race,0.0,XGBoost
text__observability,0.0,XGBoost
text__nutrition,0.0,XGBoost
text__nursing,0.0,XGBoost
text__not discriminate,0.0,XGBoost
text__nice to,0.0,XGBoost
text__nicht,0.0,XGBoost
text__node,0.0,XGBoost
text__node js,0.0,XGBoost
text__non,0.0,XGBoost
text__non technical,0.0,XGBoost
text__north,0.0,XGBoost
text__north america,0.0,XGBoost
text__not just,0.0,XGBoost
text__nurse,0.0,XGBoost
text__age disability,0.0,XGBoost
text__not only,0.0,XGBoost
text__not required,0.0,XGBoost
text__note,0.0,XGBoost
text__note that,0.0,XGBoost
text__notice,0.0,XGBoost
text__number,0.0,XGBoost
text__number of,0.0,XGBoost
text__of relevant,0.0,XGBoost
text__of team,0.0,XGBoost
text__or the,0.0,XGBoost
text__of their,0.0,XGBoost
text__operate,0.0,XGBoost
text__operating,0.0,XGBoost
text__operational,0.0,XGBoost
text__operations and,0.0,XGBoost
text__operations manager,0.0,XGBoost
text__opportunities and,0.0,XGBoost
text__advisory,0.0,XGBoost
text__advisor,0.0,XGBoost
text__opportunity eeo,0.0,XGBoost
text__opportunity originally,0.0,XGBoost
text__advertising,0.0,XGBoost
text__optimizing,0.0,XGBoost
text__option,0.0,XGBoost
text__options,0.0,XGBoost
text__advantage,0.0,XGBoost
text__or expression,0.0,XGBoost
text__or in,0.0,XGBoost
text__or local,0.0,XGBoost
text__or more,0.0,XGBoost
text__open source,0.0,XGBoost
text__onsite,0.0,XGBoost
text__ongoing,0.0,XGBoost
text__advocate,0.0,XGBoost
text__of this,0.0,XGBoost
text__of work,0.0,XGBoost
text__of working,0.0,XGBoost
text__of years,0.0,XGBoost
text__affirmative action,0.0,XGBoost
text__affirmative,0.0,XGBoost
text__offerings,0.0,XGBoost
text__affairs,0.0,XGBoost
text__offices,0.0,XGBoost
text__oncology,0.0,XGBoost
text__offs,0.0,XGBoost
text__often,0.0,XGBoost
text__on our,0.0,XGBoost
text__on site,0.0,XGBoost
text__on their,0.0,XGBoost
text__on time,0.0,XGBoost
text__on your,0.0,XGBoost
text__advocacy,0.0,XGBoost
text__leaders,0.0,XGBoost
text__lead generation,0.0,XGBoost
text__expanding,0.0,XGBoost
text__general catalyst,0.0,XGBoost
text__generative ai,0.0,XGBoost
text__generous,0.0,XGBoost
text__an accommodation,0.0,XGBoost
text__among,0.0,XGBoost
text__geographic location,0.0,XGBoost
text__getting,0.0,XGBoost
text__github,0.0,XGBoost
text__gitlab,0.0,XGBoost
text__giving,0.0,XGBoost
text__american,0.0,XGBoost
text__global team,0.0,XGBoost
text__ambitious,0.0,XGBoost
text__globe,0.0,XGBoost
text__ambiguous,0.0,XGBoost
text__go to,0.0,XGBoost
text__goal,0.0,XGBoost
text__good,0.0,XGBoost
text__governance,0.0,XGBoost
text__governance and,0.0,XGBoost
text__generative,0.0,XGBoost
text__general,0.0,XGBoost
text__from our,0.0,XGBoost
text__gender gender,0.0,XGBoost
text__front,0.0,XGBoost
text__front end,0.0,XGBoost
text__frontend,0.0,XGBoost
text__full stack,0.0,XGBoost
text__fully remote,0.0,XGBoost
text__fun,0.0,XGBoost
text__function,0.0,XGBoost
text__functional teams,0.0,XGBoost
text__functions,0.0,XGBoost
text__fundamentals,0.0,XGBoost
text__funding,0.0,XGBoost
text__fundraising,0.0,XGBoost
text__funnel,0.0,XGBoost
text__further,0.0,XGBoost
text__gain,0.0,XGBoost
text__gaps,0.0,XGBoost
text__gartner,0.0,XGBoost
text__gather,0.0,XGBoost
text__gcp,0.0,XGBoost
text__government,0.0,XGBoost
text__grant,0.0,XGBoost
text__graphic,0.0,XGBoost
text__groups,0.0,XGBoost
text__help us,0.0,XGBoost
text__help you,0.0,XGBoost
text__helping,0.0,XGBoost
text__high growth,0.0,XGBoost
text__high impact,0.0,XGBoost
text__high performance,0.0,XGBoost
text__high performing,0.0,XGBoost
text__high quality,0.0,XGBoost
text__high school,0.0,XGBoost
text__high volume,0.0,XGBoost
text__highest,0.0,XGBoost
text__hired,0.0,XGBoost
text__already,0.0,XGBoost
text__history,0.0,XGBoost
text__hold,0.0,XGBoost
text__holders,0.0,XGBoost
text__holidays,0.0,XGBoost
text__home office,0.0,XGBoost
text__hospital,0.0,XGBoost
text__help shape,0.0,XGBoost
text__help or,0.0,XGBoost
text__health care,0.0,XGBoost
text__hard,0.0,XGBoost
text__growing,0.0,XGBoost
text__growth marketing,0.0,XGBoost
text__growth opportunities,0.0,XGBoost
text__gtm,0.0,XGBoost
text__amazon,0.0,XGBoost
text__guiding,0.0,XGBoost
text__hand,0.0,XGBoost
text__harassment,0.0,XGBoost
text__hardware,0.0,XGBoost
text__headquartered in,0.0,XGBoost
text__has been,0.0,XGBoost
text__have access,0.0,XGBoost
text__have an,0.0,XGBoost
text__have experience,0.0,XGBoost
text__have strong,0.0,XGBoost
text__have the,0.0,XGBoost
text__always,0.0,XGBoost
text__headquartered,0.0,XGBoost
text__an employee,0.0,XGBoost
text__from an,0.0,XGBoost
text__lead and,0.0,XGBoost
text__explore,0.0,XGBoost
text__extensive,0.0,XGBoost
text__external,0.0,XGBoost
text__face,0.0,XGBoost
text__facilitate,0.0,XGBoost
text__facilities,0.0,XGBoost
text__facing,0.0,XGBoost
text__analyst,0.0,XGBoost
text__fair,0.0,XGBoost
text__fast moving,0.0,XGBoost
text__faster,0.0,XGBoost
text__feature,0.0,XGBoost
text__features,0.0,XGBoost
text__federal state,0.0,XGBoost
text__fee,0.0,XGBoost
text__feedback and,0.0,XGBoost
text__field or,0.0,XGBoost
text__fields,0.0,XGBoost
text__file,0.0,XGBoost
text__finance and,0.0,XGBoost
text__expression,0.0,XGBoost
text__explain,0.0,XGBoost
text__from all,0.0,XGBoost
text__experimentation,0.0,XGBoost
text__expansion,0.0,XGBoost
text__expect,0.0,XGBoost
text__expected,0.0,XGBoost
text__expected to,0.0,XGBoost
text__analyst senior,0.0,XGBoost
text__experience as,0.0,XGBoost
text__experience building,0.0,XGBoost
text__experience designing,0.0,XGBoost
text__experience developing,0.0,XGBoost
text__experience experience,0.0,XGBoost
text__experience leading,0.0,XGBoost
text__experience managing,0.0,XGBoost
text__experience preferred,0.0,XGBoost
text__experience skills,0.0,XGBoost
text__experience supporting,0.0,XGBoost
text__experience using,0.0,XGBoost
text__experience working,0.0,XGBoost
text__experience years,0.0,XGBoost
text__experiences and,0.0,XGBoost
text__financial reporting,0.0,XGBoost
text__financial services,0.0,XGBoost
text__findings,0.0,XGBoost
text__fintech,0.0,XGBoost
text__an inclusive,0.0,XGBoost
text__for your,0.0,XGBoost
text__forecast,0.0,XGBoost
text__forecasting,0.0,XGBoost
text__form,0.0,XGBoost
text__formal,0.0,XGBoost
text__forms,0.0,XGBoost
text__fortune,0.0,XGBoost
text__forward,0.0,XGBoost
text__foster,0.0,XGBoost
text__foundation,0.0,XGBoost
text__founded,0.0,XGBoost
text__an impact,0.0,XGBoost
text__four,0.0,XGBoost
text__frameworks and,0.0,XGBoost
text__francisco,0.0,XGBoost
text__francisco our,0.0,XGBoost
text__fraud,0.0,XGBoost
text__an environment,0.0,XGBoost
text__an individual,0.0,XGBoost
text__for their,0.0,XGBoost
text__for someone,0.0,XGBoost
text__follow through,0.0,XGBoost
text__firm,0.0,XGBoost
text__firms,0.0,XGBoost
text__fit for,0.0,XGBoost
text__flexibility to,0.0,XGBoost
text__flexible work,0.0,XGBoost
text__flow,0.0,XGBoost
text__flows,0.0,XGBoost
text__fluency in,0.0,XGBoost
text__following,0.0,XGBoost
text__analyses,0.0,XGBoost
text__food,0.0,XGBoost
text__for all,0.0,XGBoost
text__for any,0.0,XGBoost
text__for candidates,0.0,XGBoost
text__for details,0.0,XGBoost
text__for employment,0.0,XGBoost
text__for more,0.0,XGBoost
text__for new,0.0,XGBoost
text__hospitality,0.0,XGBoost
text__alongside,0.0,XGBoost
text__hour location,0.0,XGBoost
text__interpersonal skills,0.0,XGBoost
text__interpretation,0.0,XGBoost
text__interpreter,0.0,XGBoost
text__interview,0.0,XGBoost
text__interview and,0.0,XGBoost
text__interview process,0.0,XGBoost
text__interviews,0.0,XGBoost
text__into clear,0.0,XGBoost
text__into the,0.0,XGBoost
text__inventory,0.0,XGBoost
text__invest,0.0,XGBoost
text__investigate,0.0,XGBoost
text__investigation,0.0,XGBoost
text__investment,0.0,XGBoost
text__investors,0.0,XGBoost
text__investors include,0.0,XGBoost
text__ip,0.0,XGBoost
text__is also,0.0,XGBoost
text__is based,0.0,XGBoost
text__is committed,0.0,XGBoost
text__interpret,0.0,XGBoost
text__interpersonal,0.0,XGBoost
text__along with,0.0,XGBoost
text__internship,0.0,XGBoost
text__instagram,0.0,XGBoost
text__institutional,0.0,XGBoost
text__institutions,0.0,XGBoost
text__instructional,0.0,XGBoost
text__instructions,0.0,XGBoost
text__instructor,0.0,XGBoost
text__insurance and,0.0,XGBoost
text__intake,0.0,XGBoost
text__integrate,0.0,XGBoost
text__intelligent,0.0,XGBoost
text__intended to,0.0,XGBoost
text__interest,0.0,XGBoost
text__interest in,0.0,XGBoost
text__interested in,0.0,XGBoost
text__intern,0.0,XGBoost
text__internal and,0.0,XGBoost
text__internal teams,0.0,XGBoost
text__internet,0.0,XGBoost
text__internet connection,0.0,XGBoost
text__is highly,0.0,XGBoost
text__is ideal,0.0,XGBoost
text__align with,0.0,XGBoost
text__is looking,0.0,XGBoost
text__joining,0.0,XGBoost
text__js,0.0,XGBoost
text__judgment and,0.0,XGBoost
text__ai to,0.0,XGBoost
text__key responsibilities,0.0,XGBoost
text__kind,0.0,XGBoost
text__knowledge skills,0.0,XGBoost
text__kubernetes,0.0,XGBoost
text__labor,0.0,XGBoost
text__labs,0.0,XGBoost
text__labs headquartered,0.0,XGBoost
text__landscape,0.0,XGBoost
text__languages,0.0,XGBoost
text__large,0.0,XGBoost
text__larry,0.0,XGBoost
text__larry summers,0.0,XGBoost
text__ai safety,0.0,XGBoost
text__ai powered,0.0,XGBoost
text__laws,0.0,XGBoost
text__join us,0.0,XGBoost
text__join the,0.0,XGBoost
text__job title,0.0,XGBoost
text__issue,0.0,XGBoost
text__is preferred,0.0,XGBoost
text__is proud,0.0,XGBoost
text__align,0.0,XGBoost
text__is required,0.0,XGBoost
text__is responsible,0.0,XGBoost
text__is seeking,0.0,XGBoost
text__is the,0.0,XGBoost
text__isn,0.0,XGBoost
text__it and,0.0,XGBoost
text__ai tools,0.0,XGBoost
text__items,0.0,XGBoost
text__jack,0.0,XGBoost
text__jack dorsey,0.0,XGBoost
text__java,0.0,XGBoost
text__jira,0.0,XGBoost
text__job duties,0.0,XGBoost
text__job is,0.0,XGBoost
text__job mercor,0.0,XGBoost
text__inspire,0.0,XGBoost
text__insights to,0.0,XGBoost
text__insights and,0.0,XGBoost
text__in order,0.0,XGBoost
text__impact and,0.0,XGBoost
text__impact on,0.0,XGBoost
text__implementation and,0.0,XGBoost
text__implementation of,0.0,XGBoost
text__implementations,0.0,XGBoost
text__implementing,0.0,XGBoost
text__important,0.0,XGBoost
text__improve the,0.0,XGBoost
text__all levels,0.0,XGBoost
text__improving,0.0,XGBoost
text__in accordance,0.0,XGBoost
text__in addition,0.0,XGBoost
text__in all,0.0,XGBoost
text__in business,0.0,XGBoost
text__in computer,0.0,XGBoost
text__in data,0.0,XGBoost
text__in healthcare,0.0,XGBoost
text__in high,0.0,XGBoost
text__in house,0.0,XGBoost
text__ii,0.0,XGBoost
text__identity or,0.0,XGBoost
text__identity national,0.0,XGBoost
text__humana,0.0,XGBoost
text__hours per,0.0,XGBoost
text__house,0.0,XGBoost
text__how we,0.0,XGBoost
text__along,0.0,XGBoost
text__however,0.0,XGBoost
text__all qualified,0.0,XGBoost
text__hubspot,0.0,XGBoost
text__human resources,0.0,XGBoost
text__ia,0.0,XGBoost
text__identify opportunities,0.0,XGBoost
text__iam,0.0,XGBoost
text__id,0.0,XGBoost
text__ideal,0.0,XGBoost
text__ideal candidate,0.0,XGBoost
text__ideal for,0.0,XGBoost
text__ideally,0.0,XGBoost
text__identification,0.0,XGBoost
text__identifies,0.0,XGBoost
text__in one,0.0,XGBoost
text__in person,0.0,XGBoost
text__insights,0.0,XGBoost
text__in production,0.0,XGBoost
text__industries,0.0,XGBoost
text__inform,0.0,XGBoost
text__information about,0.0,XGBoost
text__information or,0.0,XGBoost
text__information please,0.0,XGBoost
text__information security,0.0,XGBoost
text__information systems,0.0,XGBoost
text__information technology,0.0,XGBoost
text__informed,0.0,XGBoost
text__infrastructure and,0.0,XGBoost
text__infrastructure as,0.0,XGBoost
text__initial,0.0,XGBoost
text__initiative,0.0,XGBoost
text__initiatives and,0.0,XGBoost
text__innovate,0.0,XGBoost
text__innovation and,0.0,XGBoost
text__alignment with,0.0,XGBoost
text__input,0.0,XGBoost
text__inquiries,0.0,XGBoost
text__industrial,0.0,XGBoost
text__individuals with,0.0,XGBoost
text__individual,0.0,XGBoost
text__inc,0.0,XGBoost
text__in remote,0.0,XGBoost
text__in san,0.0,XGBoost
text__in their,0.0,XGBoost
text__in this,0.0,XGBoost
text__in timely,0.0,XGBoost
text__in which,0.0,XGBoost
text__all backgrounds,0.0,XGBoost
text__inbound,0.0,XGBoost
text__incentive,0.0,XGBoost
text__independent,0.0,XGBoost
text__incident,0.0,XGBoost
text__incident response,0.0,XGBoost
text__incidents,0.0,XGBoost
text__include benchmark,0.0,XGBoost
text__includes,0.0,XGBoost
text__including but,0.0,XGBoost
text__inclusive and,0.0,XGBoost
text__inclusive environment,0.0,XGBoost
text__lasting,0.0,XGBoost
